id,title,label
1,Jean-Michel Basquiat,5
3,TRAAM 2019/2020 : Suivre les élèves en Course d'orientation,2
4,Principales sanctions  de la politique de la concurrence,10
5,"Course d'orientation : Programmes EPS, Compétences attendues dans les APSA et socle commun de connaissances et de compétences",2
7,Cahier de sujets d'oral de contrôle session 2013,10
8,Renouveler son projet EPS en collège,2
9,La mise en valeur du site de Chassenon : un enjeu d'aménagement du territoire,5
10,La carte du monde en 1945,5
11,Un lexique latin étymologique téléchargeable,4
16,Règle de droits et règles morales,10
17,Les notions en économie du programme de terminale ES,10
18,Etudier la périphérie résidentielle d'une métropole à l'aide de la série Weeds,5
19,Gabarit TraAM cycle 4 LV,6
20,Mener une enquête sur les pratiques culturelles des lycéens en classe de seconde,10
23,Lire des % de répartition,10
25,Travailler sur les proportions,10
26,Reformuler les savoirs à l'oral,10
27,Badminton : cibler individuellement les besoins des élèves,2
28,La croissance du PIB,10
31,Présenter un document (partie 2 de l'épreuve composée),10
32,Marchés imparfaitement concurrentiels,10
33,Normes et valeurs,10
34,Rédiger un paragraphe argumentatif,10
37,Renforcement musculaire au collège,2
38,Méthodologie de la dissertation,10
39,séquence pédagogique en espagnol Galicia íntimamente,6
42,séquence pédagogique en espagnol  Presentar y describir,6
44,séquence pédagogique en espagnol :La Tierra tiene fiebre,6
46,Utiliser le numérique pour… Réaliser une analyse orale et visuelle,2
47,Pourquoi le Colorado est-il le seul grand fleuve au monde à ne plus se jeter dans la mer ? ,5
48,La méthode EC3 en carte mentale,10
50,Méthodologie de la dissertation,10
55,Accueillir et informer des visiteurs en langue anglaise : Natur'beauté,14
56,Créer une serre connectée ,11
57,"C4 L'oeuvre, l'espace, l'auteur, le spectateur - Faire l'expérience de l'espace",0
58,Comprendre le concept de shrinking city à l’aide d’une série TV,5
60,Grille d'évaluation pour l'EC3,10
61,Conseils méthodologiques pour la dissertation,10
62,EC2: Vous présenterez le document puis vous mettrez en évidence les différences de niveau de diplôme selon l'âge et le sexe.,10
63,Mots croisés - Quels sont les grands équilibres macroéconomiques ?,10
64,Mots croisés - Comment répartir les revenus et la richesse ?,10
65,Vivre à Alger au début du XX ème siècle,5
66,Situation professionnelle JUPITER MEDIA centrée sur le processus 4 du BTS CG.,14
67,TP simulés sur les tensions et intensité,9
68,Lectures de données.,10
69,Autoévaluation à la dissertation,10
70,Comprendre les quantiles,10
71,Comment enseigner l'histoire de la Shoah ? Micro-histoire et numérique pour mener un projet de classe.,5
72,Mesure de la distance relative Terre-Soleil,9
73,Découvrir la civilisation antique par le jeu,4
74,TRAAM - L'infection par le VIH,12
75,La contrainte budgétaire,10
76,Construire des sujets,10
77,Comment Las Vegas gère-t-elle son approvisionnement en eau et en électricité ? ,5
78,Etude de cas: Le changement climatique et ses effets sur un espace densément peuplé : le littoral de la mer du Nord,5
79,Ce détail c'est tout moi,0
80,Violence et société,10
81,Les chocs d'offre et de demande,10
82,"QCM sur la croissance, le PIB et l'IDH",10
83,Etudier les divisions politiques du monde : les frontières,5
84,Le fond c'est l'histoire,0
86,Escape game autour de Berlin au temps de la Guerre Froide.,5
87,L'apport des Arts Plastiques dans les valeurs de la République,0
88,"Le service de pollinisation rendu par les abeilles L'objectif est d'illustrer la notion de substitution entre les capitaux naturels, physiques et humains.",10
89,Géographie prospective,5
90,La biosynthese des proteines,11
91,Enseigner l'Histoire par les images,5
93,Les instruments de la politique climatique,10
94,Exercice d'appariement sur les instruments des politiques climatiques,10
95,Pâtes à la sauce creusotine,9
97,L’intervention des pouvoirs publics face aux différentes défaillances de marché,10
98,Des sujets de devoir type épreuve composée pour la classe de première,10
99,Surréservation dans les avions,7
100,Travailler sur l’apprentissage de la compétence orale et sur sa progressivité en géographie.,3
101,COMMENT LES AGENTS ECONOMIQUES SE FINANCENT-ILS ?,10
102,Lien social et ruptures des liens sociaux,10
104,Un crime au collège !,9
105,5cm au dessus du bitume,0
106,L'évolution du taux de syndicalisation (2),10
107,La Première Guerre mondiale,5
108,Mesure du pH d'une solution d'acide lactique,9
110,"Travail, emploi, chômage",10
111,Traam 2019 : Modéliser les réserves de pétrole au lycée ,11
112,analyser une base de données en histoire : l'exemple de la traite transatlantique,5
113,"L'eau: étude de cas, la vallée du Nil (Egypte)",5
114,Histoires de Venise au Moyen-Age. S'approprier des connaissances historiques par l'écriture d'un récit collaboratif numérique ,5
115,Graphe des positions et des vitesses,9
116,France-Allemagne : le grand écart démographique,10
117,Exercice d'appariement sur les régulations marchandes ou administrées du système de santé,10
118,Les marchés financiers : Cotation des actions et des obligations sur le marché financier,10
119,méthode  historique d'évaluation de la distance Terre-Lune et du diamètre de la Lune,9
120,Christopher Wool au MAMVP,0
121,La crise de 2007-2010,10
122,C3 La matérialité de la production plastique et la sensibilité aux constituants de l'oeuvre - Réseau saturé,0
123,Quelles politiques pour l'emploi ?,10
124,Suivre les traces d'une acteur de la Compagnie des Indes,5
125,La typologie des biens collectifs,10
126,Les effets d'une variation du taux de change,10
127,La croissance économique est-elle compatible avec la préservation de l'environnement ? Préparation au raisonnement argumenté,10
128,Revoir l'étude de document à partir du tableau sur l'origine de la croissance,10
129,Exercice sur la périodisation,5
130,Mots croisés - Comment l'entreprise produit-elle ?,10
131,Mots croisés - Comment la dynamique démographique influe-t-elle sur la croissance économique ?,10
132,C3 La matérialité de la production plastique et la sensibilité aux constituants de l'oeuvre - Un outil pour peindre,0
133,Mots croisés - Quel est l'impact des variables économiques et démographiques sur le financement de la protection sociale ?,10
134,Mots croisés - Dans quelles circonstances les entreprises peuvent-elles exercer un pouvoir de marché ?,10
135,Mots croisés - Quel est le rôle de la politique de la concurrence ?,10
136,"C4 L'oeuvre, l'espace, l'auteur, le spectateur - De près, de loin (Progression 3 niveaux)",0
137,Mots croisés - Qu'est ce que la globalisation financière ?,10
139,Mots croisés - Comment expliquer les crises financières et réguler le système financier ?,10
140,Vivre à Alger au début du XXe,5
141,Mise en oeuvre d'un espace d'apprentissage actif en STS MUC,14
142,Nouveaux programmes de français : tableaux d'aide pour construire ses séquences sans rien oublier,3
143,Une épreuve composée sous la forme d'un exercice interactif,10
144,Un exemple de modélisation économique : la droite de budget (corrigé),10
145,Un exemple de modélisation économique : la droite de budget (doc élève),10
147,"Lien hypertexte, zone hypersensible",3
148,"Lire, écrire et publier des romans dystopiques",3
150,"C4 L'oeuvre, l'espace, l'auteur, le spectateur - In situ",0
151,Réaliser une émission de radio d’histoire avec ses élèves pour travailler l’oral,5
152,Le partage de la valeur ajoutée,10
153,La répartition primaire des revenus,10
154,Des exercices d'auto évaluation sous la forme d'un livre Didapages,10
155,"Travailler l’oral sous la forme d’une ""webradio""",5
156,Ressources TICE dans les SVT,11
157,Comment retrace-t-on les échanges extérieurs d'un pays ?,10
158,Les mécanismes du marché,10
160,Cirque de Salazie.,11
161,"C4 L'oeuvre, l'espace, l'auteur, le spectateur - Peinture assaisonnée, Fashion peinture",0
163,choix des composants pour capter une station de radio,9
164,Le déplacement des courbes,10
165,C3 La matérialité de la production plastique et la sensibilité aux constituants de l'oeuvre - Un outil pour motif,0
170,Mugearite.,11
171,ETUDE ECOSYSTEME FORESTIER.,11
173,Le B2i en lycée : étude de la division cellulaire - la mitose dans une racine,11
174,L'analyse de l'air par Lavoisier,9
175,Géoprospective en volant : utilisation d'un drone pour identifier les risques,5
176,Arret 7 : Le cratere Commerson.,11
177,Simulations Java en 3D du mouvement d'un satellite,9
178,Animation sur l'étude d'un son.,9
179,Arret 6 : Vue sur le remplissage du Nez de Boeuf.,11
180,C3 La matérialité de la production plastique et la sensibilité aux constituants de l'oeuvre - Comme de la dentelle,0
181,Simulation Java sur le mouvement d'une balle en rotation dans l'air. Effet Magnus,9
182,Arret 1 : Vue sur la Fournaise ancienne.,11
183,Se préparer à la partie 2 de l'épreuve composée,10
184,Se préparer à la partie 2 de l'épreuve composée,10
185,Se préparer à la partie 2 de l'épreuve composée,10
187,De la guerre froide aux nouvelles conflictualités : l’infographie comme support de production à l’oral,5
188,TNI - Terminale ES - Évolution du PIB,10
190,Les récifs coralliens en Guadeloupe,11
191,Gènes néandertaliens et forme du crâne,11
192,C3 La matérialité de la production plastique et la sensibilité aux constituants de l'oeuvre - Géant ou minuscule,0
193,C3 La matérialité de la production plastique et la sensibilité aux constituants de l'oeuvre - Nuages et matérialité,0
194,Mots croisés - Qu'est-ce qu'un marché ?,10
195,Mots croisés - Comment un marché concurrentiel fonctionne-t-il ?,10
196,Mots croisés - Comment les marchés imparfaitement concurrentiels fonctionnent-ils ?,10
197,Mots croisés - Quelles sont les principales défaillances du marché ?,10
199,Mots croisés - À quoi sert la monnaie ?,10
200,Mots croisés - Comment l'activité économique est-elle financée ?,10
201,Mots croisés - Qui crée la monnaie ?,10
202,Entreprise et production,10
203,Grilles d'évaluation pour l'EC1 et l'EC2,10
205,Mots croisés -Pourquoi la puissance publique intervient-elle dans la régulation des économies contemporaines ?,10
206,Mots croisés - Comment le budget de l'État permet-il d'agir sur l'économie ?,10
207,Mots croisés - Quelles politiques conjoncturelles ?,10
208,Deux fiches d'activités sur la formation des prix sur un marché,10
209,Comment les autorités publiques de la zone euro peuvent elles faire face à une crise économique? (Sujet 2),10
211,Comment les chocs d'offre ou de demande peuvent ils contribuer à expliquer les fluctuations économiques?,10
212,Quels sont les facteurs de l'explosion du commerce international ? (sujet 1),10
213,Quels sont les facteurs de l'explosion du commerce international ? (sujet 2),10
214,QUELLES DIFFICULTÉS RENCONTRE L'UNION EUROPÉENNE POUR AFFONTER LE CONTEXTE ÉCONOMIQUE ET MONÉTAIRE INTERNATIONAL? (Sujet 1),10
215,En quoi les inégalités sont-elles cumulatives ? (Sujet 1),10
216,QUELLES DIFFICULTÉS RENCONTRE L'UNION EUROPÉENNE POUR AFFONTER LE CONTEXTE ÉCONOMIQUE ET MONÉTAIRE INTERNATIONAL? (Sujet 2),10
217,La décroissance positive,0
218,La recherche du développement durable remet&#8208;elle en cause le modèle actuel de la croissance? (Sujet 1),10
219,La recherche du developpement durable remet-elle en cause le modele actuel de la croissance? (Sujet 2),10
220,Comment la famille influe--t-elle sur la mobilite sociale ? (Sujet 2),10
221,La recherche du developpement durable remet-elle en cause le modele actuel de la croissance? (Sujet 3),10
222,La taxation est-elle l'unique instrument economique de la politique climatique ?,10
223,En quoi les inégalités scolaires sont-elles liées au milieu social ? (Sujet 1),10
224,En quoi les inégalités scolaires sont-elles liées au milieu social ? (sujet 2),10
225,Un exercice interactif sur les modes de financement,10
226,En quoi les inégalités scolaires sont-elles liées au milieu social ? (sujet 2),10
228,L'analyse de la structure sociale en termes de en termes de categories socioprofessionnelles est-elle encore pertinente ?,10
229,Vous montrerez les limites de la mobilité sociale?,10
230,Comment la famille influe-t-elle sur la mobilite sociale? (sujet 1),10
231,modéliser le mécanisme des saisons : maquettes et assemblage,11
232,Dans quelle mesure les evolutions de la famille et de l'emploi remettent--elles en cause l'integration sociale ?,10
233,Dans quelle mesure les mutations du monde du travail modifient&#8208;elles les conflits du travail ? (sujet 1),10
234,Dans quelle mesure les mutations du monde du travail modifient&#8208;elles les conflits du travail ? (sujet 2),10
235,En quoi les conflits du travail ont&#8208;ils évolué au cours des dernières décennies ? (Sujet 1),10
236,Légender une microphotographie de pancréas.,11
237,En quoi les conflits du travail ont-ils evolue au cours des dernieres decennies ? (Sujet 2),10
238,Les conflits sociaux revelent-ils toujours un manque de cohesion sociale ?,10
239,"Vous analyserez le rôle de l 'école dans la cohésion sociale en France, aujourd'hui.",10
240,L'analyse néoclassique du marché du travail est-elle pertinente ? (sujet 1),10
241,Mots croisés - Comment les rapports sociaux s'organisent-ils au sein de l'entreprise ?,10
242,L'analyse néoclassique du marché du travail est-elle pertinente ? (sujet 2),10
243,Comment devenons nous des acteurs sociaux ?,10
244,L'analyse néoclassique du marché du travail est-elle pertinente ? (sujet 3),10
245,"En prenant l'exemple français, vous montrerez l'impact de la variation des taux de change sur la compétitivité-prix. (Sujet 1)",10
246,"En prenant lfexemple francais, vous montrerez l'impact de la variation des taux de change sur la competitivite-prix. (Sujet 2)",10
247,Le cout du travail suffit-il a expliquer les strategies de localisation des firmes transnationales ?,10
248,L'Organisation judiciaire en France,10
249,LES SOURCES CREATRICE DU DROIT,10
250,LES CARACTÉRISTIQUES DE LA REGLE DE DROIT.,10
252,L'ordonnancement juridique.,10
253,Quiz sur les politiques budgétaires de relance,10
254,La jurisprudence est-elle une source du droit ?,10
255,Un test de personnalité,10
256,Fonction de production et contribution des facteurs à la croissance du PIB,10
257,La titrisation,10
259,Le modèle britannique et son influence,5
260,QCM de révisions,10
261,Programmes officiels de la nouvelle série STL Biotechnologies,12
262,Un quiz sur les fonctions de la monnaie,10
263,Les prélèvements obligatoires,10
264,Présentation de la série ES,10
265,"Un questionnaire sur la socialisation différenciée à partir d'une bande annonce du film Billy Elliot, avec google drive.",10
267,Mots croisés - Quelles sont les composantes institutionnelles des régimes politiques démocratiques ?,10
268,étude de cas sur un aménagement éolien,5
269,DD et alimentation au brésil,5
270,Mots croisés - Comment s'organise la compétition politique en démocratie ?,10
271,Mots croisés - Quelle est la contribution des organisations politiques au fonctionnement de la démocratie ?,10
272,Histologie des voies respiratoires,12
273,Mots croisés - Comment l'État-providence contribue-t-il à la cohésion sociale ?,10
274,Mots croisés - Comment un phénomène social devient-il un problème public ?,10
275,Mots croisés - Quelle est l'influence de la culture politique sur les attitudes politiques ?,10
276,Mots croisés -Quels sont les répertoires de l'action politique aujourd'hui ?,10
277,Espoirs d'un ordre mondial,5
278,Mots croisés - Comment expliquer le comportement électoral ?,10
279,Mots croisés - Comment la socialisation de l'enfant s'effectue-t-elle ?,10
280,Mots croisés - De la socialisation de l'enfant à la socialisation de l'adulte : continuité ou ruptures ?,10
281,Mots croisés -Comment les individus s'associent-ils pour constituer des groupes sociaux ?,10
282,Mots croisés - Comment les réseaux sociaux fonctionnent-ils ?,10
283,"DÉBAT : LE DIPLÔME, UN PASSEPORT POUR L'EMPLOI ?",10
284,Mots croisés - Comment le contrôle social s'exerce-t-il aujourd'hui ?,10
285,Fiche d'activités sur la pluralité des influences socialisatrices.,10
286,La géothermie est elle utilisable dans le Nord-Est de la France?,11
287,L'inflation,10
288,Fiche d'activités sur la nomenclature des PCS,10
289,Plan de travail pour aborder l'urbanisation dans le monde,5
290,SynchrOscill,9
291,Grille d'évaluation EC3,10
292,Présentation des spécialités en terminale.,10
294,Mots croisés - Pourquoi un ordre politique ?,10
295,Mots croisés - Quelles sont les formes institutionnelles de l'ordre politique ?,10
296,"Une introduction aux SES en classe de seconde, avec un questionnaire Google drive.",10
297,"Un questionnaire sur le pouvoir d'achat, à partir d'une video de ""Dessine-moi l'économie"", avec google drive.",10
298,Mots croisés - Quel est l'impact de la construction européenne sur l'action publique ?,10
299,Cours inversé - Première - Thème 11 - Chapitre 1 : Comment l'État-providence contribue-t-il à la cohésion sociale ?,10
300,Cours inversé - Seconde - Introduction à la démarche des SES à travers l'étude du sport,10
301,"Cours inversé - Seconde - Chapitre 4.1 : le diplôme un passeport pour l'emploi ? 1/5 - Travail, activité, emploi",10
302,Cours inversé - Seconde - Chapitre 4.1 : le diplôme un passeport pour l'emploi ? 2/5 - L'évolution des qualifications,10
304,Cours inversé - Seconde - Chapitre 4.1 : le diplôme un passeport pour l'emploi ? 3/5 - Diplôme et chômage,10
305,Cours inversé - Seconde - Chapitre 4.1 : le diplôme un passeport pour l'emploi ? 4/5 - Le diplôme et son rendement,10
306,Cours inversé - Seconde - Chapitre 4.1 : le diplôme un passeport pour l'emploi ? 5/5 - Quelle égalité des chances à l'école ?,10
307,Cours inversé - Seconde - Chapitre 4.2 : le chômage : des coûts salariaux trop élevés ou une insuffisance de la demande ? 1/3 - Emploi et chômage,10
308,Cours inversé - Seconde - Chapitre 4.2 : le chômage : des coûts salariaux trop élevés ou une insuffisance de la demande ? 2/3 - Le salaire est un coût,10
309,"Traam 2017-18 : ""Classe inversée et échanges BYOD collaboratifs : utilisation d'un mini-routeur""",11
310,Cours inversé - Seconde - Chapitre 4.2 : le chômage : des coûts salariaux trop élevés ou une insuffisance de la demande ? 3/3 - Le salaire est un revenu,10
311,Cours inversé - Terminale - Chapitre 5.1 : quels liens sociaux dans des sociétés où s'affirme le primat de l'individu ?  - Sur quoi repose la cohésion sociale ?,10
312,Le processus de création monétaire,10
314,Introduire la périodisation ,5
315,Projet Jeu sérieux sur les solutions aux chômage,10
316,Distinguer biens communs et biens collectifs avec Arbres (Arborescences des notions de sciences économiques et sociales),10
317,"Grèce, crise et châtiments",10
318,Réaliser une capsule vidéo sur les GAFAM,5
319,La guerre des prix sur le marché de la téléphonie en France,10
320,La réalisation de « kits robots » en 3ème,13
322,L'enjeu énergétique : étude de cas sur la Chine et sa mise en perspective,5
323,Séquençage du génome,11
325,Textes lacunaires sur le fonctionnement des marchés. ,10
327,Une évaluation sur le fonctionnement des marchés concurrentiels,10
328,Evaluation en seconde en fin de chapitre,10
329,Une activité genially sur le thème de l'organisation et de la gouvernance des entreprises.,10
330,E3C partie 1 sur le marché avec son corrigé. ,10
331,QCM sur le genre Helicobacter,12
332,Un sujet d'E3C partie 2 sur le marché accompagné du corrigé,10
335,Un sujet d'E3C partie 2 sur les marchés imparfaitement concurrentiels accompagné du corrigé.,10
336,Les débuts du judaïsme et du christianisme,5
337,"Un sujet d'E3C, la partie 1 sur le lien social, la partie 2 sur les monopoles.",10
338,Socrative taux de change,10
339,Socrative correction EC1et2 sources croissance,10
340,Socrative Avantages comparatifs,10
341,montage et utilisation d'un radiomètre artisanal.,11
342,Onde sismique et structure du globe : Ralentissement des ondes sismiques en profondeur,11
343,Onde sismique et structure du globe : Ralentissement des ondes sismiques en profondeur,11
344,Cours inversé - Méthodologie - Épreuve composée - Raisonnement sur dossier documentaire,10
345,Cours inversé - Première - Regards croisées - Action publique et régulation - Comment un phénomène social devient-il un problème public ?,10
346,Cours inversé - Première - Science économique - Régulations et déséquilibres macroéconomiques - Pourquoi la puissance publique intervient-elle dans la régulation des économies contemporaines ?,10
347,Cours inversé - Méthodologie - Épreuve composée - Étude de document,10
348,"Un sujet d'E3C,  partie 1 sur le solde budgétaire,  partie 2 sur la déviance.",10
349,Cours inversé - Méthodologie - Oral de rattrapage,10
350,Cours inversé - Méthodologie - Valeur et volume,10
351,"Cours inversé - Première - Science économique - Les grandes questions que se posent les économistes - Dans un monde aux ressources limitées, comment faire des choix ?",10
352,Cours inversé - Première - Science économique - Les grandes questions que se posent les économistes - Que produit-on et comment le mesure-t-on ?,10
353,Cours inversé - Première - Science économique - Les grandes questions que se posent les économistes - Comment répartir les revenus et la richesse ?,10
354,Cours inversé - Première - Science économique - Les grandes questions que se posent les économistes - Quels sont les grands équilibres macroéconomiques ?,10
355,Cours inversé - Première - Sociologie générale et sociologie politique - Les processus de socialisation et la construction des identités sociales - Comment la socialisation de l'enfant s'effectue-t-elle ?,10
356,Cours inversé - Première - Sociologie générale et sociologie politique - Les processus de socialisation et la construction des identités sociales - De la socialisation de l'enfant à la socialisation de l'adulte : continuité ou ruptures ?,10
357,Cours inversé - Première - Sociologie générale et sociologie politique - Contrôle social et déviance - Comment mesurer le niveau de la délinquance ?,10
358,"Cours inversé - Terminale - Regards croisés - Travail, emploi, chômage - Comment s'articulent marché du travail et gestion de l'emploi ? - L'analyse néoclassique du marché du travail",10
359,Cours inversé - Méthodologie - Dissertation - Présentation générale,10
360,Cours inversé - Méthodologie - Dissertation ou EC3 - Analyse du sujet,10
361,Cours inversé -  Méthodologie - Dissertation - Étude de documents,10
362,"Cours inversé - Terminale - Regards croisés - Travail, emploi, chômage - Lutter contre le chômage classique (1/4)",10
364,"Cours inversé - Terminale - Regards croisés - Travail, emploi, chômage - Lutter contre le chômage keynésien (2/4)",10
365,"Cours inversé - Terminale - Regards croisés - Travail, emploi, chômage - Lutter contre le chômage structurel (3/4)",10
366,"Cours inversé - Terminale - Regards croisés - Travail, emploi, chômage - Évolutions de l'emploi et intégration sociale (4/4)",10
367,Cours inversé - Méthodologie - Dissertation - La rédaction,10
368,La coordination par le marché,10
369,Evaluations formatives avec Moodle,14
370,Cours inversé - Seconde - La consommation : un marqueur social ? - Les choix de consommation sont socialement différenciés (1/2),10
371,Cours inversé - Seconde - La consommation : un marqueur social ? - L'influence de la mode et de la publicité dans les choix de consommation (2/2),10
372,Un sujet d'E3C partie 1 sur la socialisation  partie 2 sur le financement  ,10
373,Cours inversé - Première - Science économique - Comment l'entreprise produit-elle ? - Qu'est-ce qui différencie les entreprises ?,10
374,Cours inversé - Première - Science économique - Comment l'entreprise produit-elle ? - Comment les entreprises produisent-elles ?,10
375,Action publique et régulation,10
376,Cours inversé - Première - Science économique - Comment l'entreprise produit-elle ? - Combien produire ?,10
377,Reconstruction 3D de l'abdomen,12
378,Cours inversé - Première - Science économique - Comment l'entreprise produit-elle ? - Comment mesurer la performance économique de l'entreprise ?,10
379,Cours inversé - Première - Sociologie - Groupes et réseaux sociaux - Comment les individus s'associent-ils pour constituer des groupes sociaux ?,10
380,Cours inversé - Première - Sociologie - Groupes et réseaux sociaux - Comment les réseaux sociaux fonctionnent-ils ?,10
382,Cours inversé - Seconde - Comment devenons-nous des acteurs sociaux ? - Le processus de socialisation (1/3),10
383,Étude d'une œuvre intégrale : un cœur simple de Flaubert,3
384,La monnaie et le financement de l'économie,10
385,Cours inversé - Seconde - Comment devenons-nous des acteurs sociaux ? - Instances et mécanismes de socialisation (2/3),10
386,Cours inversé - Seconde - Comment devenons-nous des acteurs sociaux ? - La socialisation différenciée (3/3),10
388,Cours inversé - Première - Science économique - La coordination par le marché - Qu'est-ce qu'un marché ?,10
389,Cours inversé - Première - Science économique - La coordination par le marché - Comment un marché concurrentiel fonctionne-t-il ?,10
390,Cours inversé - Première - Science économique - La coordination par le marché - Comment les marchés imparfaitement concurrentiels fonctionnent-ils ?,10
391,Cours inversé - Première - Science économique - La coordination par le marché - Quelles sont les principales défaillances du marché ?,10
392,Cours inversé - Seconde - Comment expliquer les différences de pratiques culturelles ? - Culture de masse et diversité des pratiques culturelles (1/2),10
393,Un exemple de DIDAPAGE en PHYSIQUE,9
394,Cours inversé - Seconde - Comment expliquer les différences de pratiques culturelles ? - Les déterminants sociaux des pratiques culturelles (2/2),10
395,Cours inversé - Première - Sociologie - Contrôle social et déviance - Comment le contrôle social s'exerce-t-il aujourd'hui ?,10
396,Cours inversé - Première - Sociologie - Contrôle social et déviance - Quels sont les processus qui conduisent à la déviance ?,10
397,Image d'un scanner cérébral,12
398,Cours inversé - Première - Science économique - La monnaie et le financement - Le contrôle de la création monétaire,10
400,"Cours inversé - Première - Regards croisés - Entreprise, institution, organisation - Comment les rapports sociaux s'organisent-ils au sein de l'entreprise ?",10
401,Cours inversé - Première - Science économique - La monnaie et le financement - À quoi sert la monnaie ?,10
402,Cours inversé - Première - Science économique - La monnaie et le financement - Comment l'activité économique est-elle financée ?,10
403,Cours inversé - Première - Science économique - La monnaie et le financement - Qui crée la monnaie ?,10
405,Les grandes questions que se posent les économistes,10
406,Cours inversé - Première - Science économique -Régulations et déséquilibres macroéconomiques - Comment le budget de l'État permet-il d'agir sur l'économie ?,10
407,Cours inversé - Première - Science économique -Régulations et déséquilibres macroéconomiques - Quelles politiques conjoncturelles ?,10
408,Le revenu disponible brut des ménages,10
409,Production d'arôme de Roquefort en bioréacteur.,12
410,Comment les revenus et les prix influencent-ils les choix des consommateurs ?,10
411,La consommation : un marqueur social ?,10
412,Annales de bac STL-BGB,12
413,"Atelier FIG 2018 : Diagnostiquer, mesurer et gérer les risques impactant le littoral normand avec Édugéo et son module statistiques",3
415,Comment se forment les prix sur un marché ?,10
416,La pollution : comment remédier aux limites du marché ?,10
417,Le diplôme : un passeport pour l'emploi ?,10
418,Régulations et déséquilibres macroéconomiques,10
419,Les processus de socialisation et la construction des identités sociales,10
420,Groupes et réseaux sociaux,10
421,Contrôle social et déviance,10
422,Ordre politique et légitimation,10
423,"Entreprise, institution, organisation",10
424,Les sources de la croissance,10
425,La mondialisation,10
426,Les évolutions du commerce mondial,10
427,La mondialisation - libre échange et protectionnisme,10
428,Comprendre l'EC1 : la mobilisation des connaissances,10
429,Questionnaire EC2 : Etude d'un document,10
430,Questionnaire EC3 : Raisonnement s'appuyant sur dossier documentaire,10
431,Cours inversé - Seconde - Marchés et prix - Comment se forment les prix sur un marché ? Qu'est-ce qu'un marché (1/4),10
432,Cours inversé - Seconde - Marchés et prix - Comment se forment les prix sur un marché ? La loi de la demande (2/4),10
433,Cours inversé - Seconde - Marchés et prix - Comment se forment les prix sur un marché ? La loi de l'offre (3/4),10
434,Défi lecture,10
435,Cartes flash - Instances et mécanismes de socialisation.,10
436,Cours inversé - Seconde - Marchés et prix - Comment se forment les prix sur un marché ? l'équilibre du marché (4/4),10
437,Cours inversé - Première - Sociologie générale et sociologie politique - Ordre politique et légitimation - Quelles sont les formes institutionnelles de l'ordre politique ?,10
438,Jouer avec les pourcentages,10
440,Activites proposees aux eleves (par A. Barrere),11
441,Réaliser une tâche complexe en histoire,5
442,Activité AP : l'analyse d'un tableau,10
443,Activité AP : l'analyse d'un graphique,10
444,Activité AP : la recherche d'informations,10
445,"Rimbaud en RAP : dire, écrire et faire vivre la poésie ",3
446,Activité AP : la compréhension des énoncés,10
448,Les institutions européennes :,10
449,Extensometre.,11
450,Expédition Clipperton ; bilan du point de vue éducatif,11
451,Influence de la culture politique sur les attitudes politiques,10
452,Quelle est la contribution des organisations politiques au fonctionnement de la démocratie ?,10
453,Comment s'organise la compétition politique en démocratie ?,10
454,Cartes flash - L’influence de la mode et de la publicité dans les choix de consommation,10
456,Quelles sont les composantes institutionnelles des régimes politiques démocratiques ?,10
458,Cartes flash - Le processus de socialisation,10
460,Comment expliquer l'instabilité de la croissance ?,10
461,"""Le portrait "" avec le TNI ou le vidéoprojecteur",6
462,Les avantages de l'Union monétaire,10
463,Décroissance radioactive du technetium 99,9
464,Réaliser un croquis à partir d’une visite virtuelle à 360° du port de Rouen,5
465,Microfossiles des silex,11
466,L'évolution du taux de syndicalisation (1),10
467,Lakshmi Mittal : de la petite aciérie indienne au leader mondial de l'acier,14
468,L'évolution du taux de syndicalisation (2),10
469,La pollution automobile,10
470,ArithMusique,7
471,la synthèse des protéines,12
473,"Chrétientés et Islam, des mondes en contact",5
474,Comment produire ?,10
475,Nombre d'or et peinture : sacrement de la dernière Cène,5
476,Géologie de chambray (EURE).,11
477,Comment répartir les revenus et la richesse ?,10
478,Que produit-on et comment le mesure-t-on ?,10
480,Suivi d’acquisition des compétences avec Sacoche,14
482,Quels sont les grands équilibres macroéconomiques ?,10
483,Comment un marché concurrentiel fonctionne-t-il ?,10
485,prevention des risques volcaniques sur le Piton de la Fournaise.,11
486,Quelle est l'influence de la culture politique sur les attitudes politiques ?,10
487,Quels sont les répertoires de l'action politique aujourd'hui ?,10
488,Questionnaire interactif noté sur l'utilisation de l'ampèremètre,9
489,Simulations Java sur la diffraction par une fente,9
490,"#MaVilleEnAcrostiche : écriture poétique, coopération et valorisation du territoire",3
491,Travail d'écriture collaborative,1
492,Liberté et sécurité : GlideApps - Réalisation d'une application smartphone en collaboratif,1
494,Travail collaboratif,10
496,Les mobilités humaines :  l'infographie au service de l'oral,5
497,Construction d'une fiche révision collaborative,10
498,Rédaction d'une étude document collaborative,10
499,Réaliser une tâche complexe sur la cyberdéfense,1
500,Les réécritures - La nourriture,3
501,"Activités de découverte de la spécialité Histoire, Géographie, Géopolitique et Sciences Politiques",5
502,Développer des compétences professionnelles du BTS (Brevet de technicien supérieur)  Assistant de manager en séance d'Activités,14
503,Suivi du carnet de bord en TPE,10
504,Étude du tableau “La liberté guidant le peuple”,5
505,Cours inversé - Seconde - Marchés et prix - La pollution : comment remédier aux limites du marché ?  Les externalités (1/2),10
506,Cours inversé - Seconde - Marchés et prix - La pollution : comment remédier aux limites du marché ?  L'intervention de l'État (2/2),10
507,Mener une réflexion sur la géographie prospective à partir d’une vidéo (Mexico),5
508,Sujet d'entraînement à l'EC2 sur la socialisation.,10
509,Découverte des statistiques au travers d'une démarche scientifique,7
510,Aimant tournant devant une bobine,9
511,Villes et développement durable,5
512,Des usages de Moodle,10
514,Atelier FIG 2018 : Étudier la question de la vulnérabilité  et la gestion des risques dans le bassin  parisien avec des QR codes,5
516,Tutoriels Moodle,10
517,Rendre une capsule vidéo interactive.,10
518,Réaliser un sondage en sensibilisation,10
519,Travailler l'actualité avec l'aide de l'outil wiki de moodle,10
520,Les molécules,9
521,Réaliser une évaluation formative à l'aide de Socrative,10
522,"Le leadership : un état personnel, des capacités ou une réelle intelligence situationnelle ?",14
524,Cours inversé - Terminale - Quelles sont les sources de la croissance économique ? - Comment mesurer la croissance économique ? (1/4),10
525,Cours inversé - Terminale - Quelles sont les sources de la croissance économique ? - Les limites du PIB (2/4),10
526,Cours inversé - Terminale - Quelles sont les sources de la croissance économique ? - Facteurs de production et croissance économique (3/4),10
527,Cours inversé - Terminale - Quelles sont les sources de la croissance économique ? - Les sources de la productivité globale des facteurs (4/4),10
528,Netquiz web - Comment mesurer la croissance économique ?,10
529,Netquiz web - Les limites du PIB,10
530,Netquiz web - Facteurs de production et croissance économique,10
531,Netquiz web - Les sources de la productivité globale des facteurs,10
532,Cours inversé - Seconde - Comment produire et combien produire ?,10
534,Les espaces maritimes de la mondialisation,5
536,AP : Elasticité Maths-SES,10
537,Le document reformulé par le numérique,14
538,"Elasticités, optimisation et fonction du second degré",10
539,Les coûts de production AP Maths SES,10
540,Liaison Lycée - Université,10
542,Préparer ses élèves à l'enseignement supérieur,10
543,Prise de notes,10
545,Ecrire des articles de presse,10
546,Scénario pédagogique TRAAM  - Besoins et apports alimentaires,12
547,Café lecture,10
548,Cahier de sujets d'oral (bac 2016),10
550,Utilisation du Tableur pour rechercher un lieu géométrique.,7
551,Cours inversé - Terminale - Comment expliquer l'instabilité de la croissance ? - Pourquoi la déflation peut-elle être dangereuse ? (4/4),10
552,Cours inversé - Terminale - Comment expliquer l'instabilité de la croissance ? - Comment le cycle du crédit affecte-t-il la croissance ? (3/4),10
553,Cours inversé - Terminale - Comment expliquer l'instabilité de la croissance ? - Comment les chocs d'offre et de demande affectent-ils la croissance ? (2/4),10
554,Cours inversé - Terminale - Comment expliquer l'instabilité de la croissance ? - Comment caractériser l'instabilité de la croissance ? (1/4),10
555,Cours inversé - Terminale - Comment analyser la structure sociale ? - Comment caractériser les inégalités ? (1/4),10
556,Cours inversé - Terminale - Comment analyser la structure sociale ? - Qu'est-ce qu'une classe sociale ? (2/4),10
557,Cours inversé - Terminale - Comment analyser la structure sociale ? - Comment analyser la structure sociale actuelle ? (3/4),10
558,Cours inversé - Terminale - Comment analyser la structure sociale ? - Les classes sociales ont-elles disparu ? (4/4),10
559,Cours inversé - Terminale - Méthodologie - La mesure des inégalités (les quantiles),10
561,Cours inversé - Seconde - Qui produit des richesses ?,10
562,Cours inversé - Terminale - Comment rendre compte de la mobilité sociale ? - Les formes et la mesure de la mobilité sociale (1/2),10
563,Cours inversé - Terminale - Comment rendre compte de la mobilité sociale ? - Les déterminants de la mobilité sociale (2/2),10
564,Netquiz web - Individualisme et liens sociaux,10
565,Netquiz Web - Croissance et développement durable,10
566,LES BIOMOLECULES,12
567,Les plus-values pédagogiques de la classe inversée : bilan,6
568,Participer à un concours de lecture en s'appuyant sur Padlet,10
570,Rédiger un raisonnement ou une dissertation à l'aide de l'outil Framapad,10
571,Organiser un parcours individualisable sur le projet personnel de l'élève à l'aide de l'outil Test de Moodle,10
572,Aire maximale d'un rectangle inscrit dans un cercle,7
574,Les représentations cinématographiques de Guerre d'Algérie nationale et de la Guerre de Libération de 1945 à 2012,5
575,Travailler dans et hors la classe,10
576,Cours inversé - Terminale - La croissance économique est-elle compatible avec la préservation de l'environnement ? - Comment l'analyse économique conçoit-elle la préservation de l'environnement ? (2/3),10
577,Jeux en classe,10
579,Cours inversé - Terminale - La croissance économique est-elle compatible avec la préservation de l'environnement ? - Les politiques environnementales (3/3),10
580,Cours inversé - Terminale - Quels sont les fondements du commerce international et de l'internalisation de la production ? - Les raisons de la hausse du commerce international (1/3),10
581,Cours inversé - Terminale - Quels sont les fondements du commerce international et de l'internalisation de la production ? - Libre-échange ou protectionnisme ? (2/3),10
582,Cours inversé - Terminale - Quels sont les fondements du commerce international et de l'internalisation de la production ? - La place des FMN dans le commerce international (3/3),10
583,Cas Algues Vertes,14
585,Cours inversé - Terminale - Quelle est la place de l'Union européenne dans l'économie globale ? - Une expérience originale d'intégration des économies (1/2),10
586,Cours inversé - Terminale - Quelle est la place de l'Union européenne dans l'économie globale ? - Les politiques économiques au sein de l'UEM (2/2),10
587,Cours inversé - Terminale - Comment les pouvoirs publics peuvent-ils contribuer à la justice sociale ? - Comment l'intervention de l'Etat cherche à renforcer la justice sociale ? (2/3),10
588,Cours inversé - Terminale - Comment les pouvoirs publics peuvent-ils contribuer à la justice sociale ? - L'intervention des pouvoirs publics en débat (3/3),10
589,"Cours inversé - Terminale - La conflictualité sociale : pathologie, facteur de cohésion ou moteur du changement social ? - La conflictualité sociale : pathologie, facteur de cohésion ou moteur du changement social ? (1/1)",10
591,Pourquoi la NBA est-elle un symbole de l'influence des Etats-Unis à l'échelle mondiale ?,5
593,Comment prévenir les problèmes de santé liés à l'usage des pesticides ?,10
594,La banque des reportages de SES.Webclass,10
596,Cours inversé - Terminale - Méthodologie - Les graphiques semi-logarithmiques,10
597,Nature du courant électrique,9
598,ALIMENTATION DES STATIONS DE SURVEILLANCE volcan.,11
600,Comment l'État Providence contribue-t-il à la cohésion sociale ?,10
601,Mouvement des particules d'un gaz,9
602,Le bleu du ciel,9
603,Comment calculer une quantité de matière ?,9
604,EC1 Définir TRAAM 2016,10
605,De la clandestinité à la publication : histoire du carnet d'un déporté normand,5
606,LE MAGNETOMETRE.,11
608,AP : Aide à l'orientation TRAAM 2016,10
609,EC1 Analyser le sujet TRAAM 2016,10
610,Les Jeux Olympiques d'Athènes : reflet des inégalités mondiales ?,5
611,Utiliser des textes latins oralisés pour comprendre les trois fonctions de la rhétorique antique,4
612,EC1 Faire appel à ses connaissances TRAAM 2016,10
613,EC1 Présentation TRAAM 2016,10
614,EC1 Respecter la consigne TRAAM 2016,10
615,"TraAM : Du gène à la protéine : ""Mutations et conséquences"" 3/3",12
616,Activité sur le cycle de l'eau,9
617,Les spectacles à Rome,4
618,Auguste et l'Ara Pacis,4
619,EC1 Structurer sa réponse TRAAM 2016,10
620,EC2 Lire les données TRAAM 2016,10
621,EC2 Présentation de l'épreuve TRAAM 2016,10
622,EC2 Présentation du document TRAAM 2016,10
623,EC2 Rédiger TRAAM 2016,10
624,Les institutions politiques en France et en Allemagne,1
625,EC3 Analyser le dossier documentaire TRAAM 2016,10
626,EC3 Citer un document TRAAM 2016,10
627,EC3 Rédiger la conclusion TRAAM 2016,10
628,EC3 Rédiger l'introduction TRAAM 2016,10
629,La loi Etude d'une décision de justice,1
630,EC3 Mobiliser ses connaissances TRAAM 2016,10
631,EC3 Rédiger TRAAM 2016,10
632,Chaine Youtube de méthodologie TRAAM 2016,10
633,TRAAM 2016 Bilan,10
635,Les médias sociaux,1
636,Les théories du complot,1
637,Les théories du complot TRAAM 2016,1
638,Débattre exemple de la laicité,1
639,"Moodle - 6. Test, questions et banque de questions",10
640,Déconstruire la désinformation,1
641,Les discriminations,1
642,Elaboration d'une loi Jeu de rôle,1
643,Les discriminations Théatre forum,1
644,Le programme d'enseignement spécifique en 12 fiches,10
645,Diaporama : Le programme d'enseignement spécifique en 12 fiches,10
646,Le programme d'enseignement spécifique en 12 fiches,10
648,"La rétrogradation de Mars, relativité du mouvement",9
649,Moodle - 1. Premières étapes,10
650,Moodle - 2. Organiser son cours,10
651,Moodle - 3. Insérer des ressources,10
652,Rapport national sur la mise en oeuvre du socle.,11
653,Moodle - 4. Insérer des activités,10
654,Moodle - 5. Insérer des questionnaires et des sondages,10
655,Moodle - 7. Activité orale avec PoodLL,10
656,Moddle - 8. Activité Leçon,10
657,Moodle - 9. Scénariser des activités,10
658,Le montage vidéo simple,10
660,"Etats-Unis-Brésil; rôle mondial, dynamiques territoriales",5
663,Diverses formes de bombes volcaniques Réunion,11
664,Des cartes pour comprendre le monde sous la forme d'un croquis,5
667,Lecture d'une œuvre intégrale : Tamango (Mérimée),3
668,Le genre dans la littérature jeunesse,10
669,Evaluation (ou auto-évaluation) des prestations orales,10
671,Une comédie du XVIIe siècle L'Avare de Molière,3
673,Habiter un littoral touristique : Port Grimaud,5
674,Le débat mouvant,10
678,"Activité sur le thème : « le diplôme, un passeport pour l'emploi »",10
680,Travail sur l'intonation d'un discours - Mettez-y le ton !,10
681,Préparer son oral de TPE,10
682,Quelles alternatives aux grilles d'écoute ?,6
683,Confiance en soi - Confiance en l'autre - Conquérir la prise de parole,10
684,Simulations Java sur la loi de Planck,9
691,Questions de type EC1 pour la classe de Première,10
693,Améliorer l'écrit par un travail en partenariat,3
694,Approche grammaticale d'un texte poétique au moyen d'une carte heuristique,3
696,La déviance. TraAM 2017,10
699,EC3 - Vous montrerez que le producteur fait des choix portant sur le volume de sa production.,10
700,Coopérer et mutualiser pour comprendre les philosophes et les nouvelles idées des Lumières.,5
701,Dissertation - Quels sont les choix que l'entreprise doit effectuer pour produire ?,10
702,EC3 - Vous montrerez que les vendeurs mettent en œuvre des politiques susceptibles de renforcer leur pouvoir de marché.,10
703,Dissertation - Dans quelle mesure les entreprises peuvent-elles mettre en œuvre des stratégies visant à renforcer leur pouvoir de marché ?,10
704,EC3 - Vous montrerez que le marché peut être défaillant en présence d'asymétries d'information.,10
705,Dissertation - En quoi le marché peut-il être défaillant ?,10
706,Sujets du baccalauréat,11
707,EC3 - Vous montrerez que les entreprises ont recours à différents modes de financement.,10
708,Dissertation - Les entreprises françaises se financent-elles uniquement de façon indirecte ?,10
709,EC3 - Vous montrerez que la banque centrale remplit différents rôles.,10
710,Dissertation - Quels sont les facteurs qui influencent l'évolution de la masse monétaire ?,10
711,EC3 - Vous montrerez que l'État remplit plusieurs fonctions économiques.,10
712,Dissertation - Pour quelles raisons la puissance publique intervient-elle dans l'économie ?,10
713,EC3 - Vous montrerez comment l'État peut modifier les décisions des agents économiques.,10
714,Dissertation - Dans quelle mesure faut-il limiter les dépenses publiques ?,10
715,EC3 - Vous montrerez que les déséquilibres macroéconomiques sont liés à l'évolution de la demande globale.,10
716,Dissertation - Comment les politiques conjoncturelles permettent-elles d'agir sur les déséquilibres macroéconomiques ?,10
717,Dissertation - Comment expliquer la déviance ?,10
718,EC3 - Vous montrerez que la socialisation de l'enfant contribue à la construction des rôles associés au sexe.,10
719,Dissertation - Quels sont les rôles joués par l'école dans la socialisation ?,10
720,EC3 - Vous montrerez que les individus peuvent choisir un autre groupe social que celui auquel ils appartiennent.,10
721,Dissertation - Les jeunes constituent-ils aujourd'hui un groupe social en France ?,10
722,EC3 - Vous montrerez que la déviance est un phénomène différent selon les sociétés et les groupes sociaux.,10
723,EC3 - Vous montrerez que l'État-providence favorise la cohésion sociale.,10
724,Dissertation - Par quels instruments l'État-providence contribue-t-il à la cohésion sociale ?,10
725,EC2-1.docx - Vous présenterez le document puis vous comparerez l'évolution du recours au crédit des entreprises de la zone euro à celle des États-Unis entre 2002 et 2013.,10
726,EC2-2.docx - Vous présenterez le document puis vous montrerez les évolutions du commerce qu'il met en évidence.,10
727,EC2-3.docx - Vous présenterez le document puis vous caractériserez l'évolution du financement des sociétés non financières.,10
728,"EC2-4.doc - Vous présenterez le document, puis vous caractériserez les différences qu'il met en évidence.",10
729,"EC2-5.doc - 	Vous présenterez le document puis vous caractériserez le lien entre le nombre de réseaux de sociabilité et le sentiment d'abandon, d'exclusion et d'inutilité.",10
731,EC2-6.docx - Vous présenterez le document puis vous montrerez que l'exposition aux agressions ou aux vols varie selon les caractéristiques socio-démographiques.,10
732,"EC2-7.docx - Vous présenterez le document, puis vous caractériserez les différences qu'il met en évidence.",10
733,EC2-8.odt - Vous présenterez le document puis vous caractériserez les inégalités qu'il met en évidence.,10
734,EC2-9.doc - 	Vous présenterez le document puis vous comparerez les taux de chômage des pays de l'Union européenne.,10
735,"EC2-10.doc - Après avoir présenté le document, vous caractériserez les inégalités qu'il met en évidence.",10
736,Logiciel GénieGen,11
737,EC2-11.doc - Vous présenterez le document puis vous mettrez en évidence les principales caractéristiques des types d'union selon le diplôme et le groupe socio-professionnel.,10
738,"EC2-12.docx - Après avoir présenté le document, vous mettrez en évidence le fait que la pauvreté varie en fonction du type de ménage en 2014.",10
739,La pratique du débat mouvant en enseignement d'exploration,10
740,Activité webradio en sciences sociales et politiques,10
741,Simulation Java sur les interférences,9
742,"La France, un territoire sous influence urbaine : l'exemple de Troyes",5
743,Evolution.,11
745,Mars grosse comme la Lune ?,9
746,Des fleurs de Pois toute l'année.,11
747,La baie du Mont Saint Michel.,11
748,De la fleur au fruit,11
749,Croissance de la racine.,11
750,Réalisation d'un profil sismique,11
751,L'organisation de l'ovaire,11
752,L'organisation du foie et du pancréas,11
753,Jeu sérieux Gene Pool,11
754,L'organisation de l'utérus,11
755,Les migrations et la chanson de Grand Corps Malade “Au feu rouge” ,5
756,Séquence Poésie-Peinture 6e : le cirque,3
757,Organisation d'un muscle de vertébré,11
758,Génétique,11
759,Création par les élèves d'activités sous Learning Apps,10
760,Simulation Java de dosages,9
761,A propos de la couche d'ozone,11
762,du ble au pain,11
767,l anatomie des angiospermes,11
771,Le code g&eacute;n&eacute;tique,11
772,Entrer dans le Dom Juan de Molière par le théâtre,3
773,The Hopper exhibition in Paris,6
775,Utiliser GIMP au laboratoire de SVT.,11
776,Répartition de quelques plantes sur une falaise crayeuse de la Seine,11
778,fabriquer des pages Web avec dreamweaver 2.,11
780,Les Ammonites de l'albien du boulonnais,11
781,La géologie du Boulonnais,11
783,évolution des espaces naturels et urbains dans l'estuaire de la Loire.,11
785,Le port des végétaux,11
786,Utiliser des images satellitaires en infra-rouge thermique en classe de seconde,11
788,Académie de Rennes - SVT - Appareil génital femelle,11
791,Go'stage ou la démarche entrepreneuriale,14
793,Etude pallinologique dans la baie du Mont Saint Michel.,11
794,Mise en place de Netop school dans une salle informatique équipée d'un réseau,11
795,Préparer l'épreuve facultative orale sur textes et traduction en latin ou en grec,4
796,Paysage des Oriots (EURE).,11
797,vitesse des ondes,11
798,la question démographique et l'inégal développement,5
799,5H – Escape game sur l’empire carolingien et byzantin,5
801,Lichens et pollution.,11
802,Questions d'immunologie.,11
803,Sites d'immunologie,11
805,médiathèque vidéothèque éditeurs.,11
806,médiathèque vidéothèque thèmes.,11
807,médiathèque vidéothèque titres.,11
808,Enseigner la Shoah,3
810,Chronologie relative,11
811,Geologie Djibouti,11
816,Carrière des Oriots (EURE),11
817,Le Sidobre.,11
819,Dissections de vertébrés,11
822,Projet Librairie L'EAU VIVE à Nîmes,14
823,Le glissement actine myosine.,11
824,Fossiles de la craie des oriots,11
825,"Etude de cas, le vignoble champenois",5
828,Le métamorphisme dans la région de Huelgoat.,11
829,Les sciences de la Vie dans l'académie de Rouen.,11
830,Géologie de la région d'EVREUX,11
832,Les sciences de la Terre dans l'académie de Rouen,11
833,"ERUPT, logiciel de simulation numérique d'éruptions : généralités",11
834,cle de determination de la faune de riviere,11
835,Résultats d'expériences pour recherche de l'indice biotique d'une rivière,11
836,Le massif granitique de Ploumanac'h,11
838,Le métamorphisme de contact du massif granitique de Guérande,11
839,Croquis : facteurs d'organisation du territoire français.,5
841,Electromyographie et réflexe myotatique.,11
842,Apprivoiser QGIS en commençant le cours de géographie Seconde...,5
843,La dissection de la langoustine,11
845,Etats-Unis-Brésil : rôle mondial et dynamiques territoriales,5
847,Cyanobactéries et formation des stromatolithes.,11
849,les échelles de la puissance européenne et ses limites,5
850,Organisation d'un nerf,11
851,Cohérence horizontale du programme de 6ème,11
852,Atelier FIG 2018 : étudier le littoral Guyanais de Mana à Awala-Yalimapo avec Édugéo,5
853,Granite et Pegmatite à Noirmoutier,11
854,Les plaques lithosphériques,11
855,Académie de Rennes - SVT - appareil génital mâle de la souris,11
856,Bocage et ressources en eau,11
858,Résultats d'expériences pour la recherche de microbes,11
859,Images d'invertébrés de rivière en Normandie,11
860,Paysage du sec-Iton,11
861,B2I et SVT au collège.,11
862,Visite d'une carrière d'alluvions en vallée de Seine,11
863,De l'argile à la brique,11
864,Section européenne allemand et évolution humaine,11
868,Programme 3 ème,11
869,Tableau synoptique de 1ère technologique et fiche démarche sur un sujet d'étude du thème 3,5
870,CARTE MENTALE (FREEMIND) SUR LE THEME SANTE,9
871,Echanges de pratiques au collège et au lycée.,11
874,la vision binoculaire,11
875,Conteneurs contre pêcheurs à Pointe-à-Pitre avec Édugéo,5
876,Organisation d'un centre nerveux : la moelle épinière,11
877,Le métamorphisme général de la vallée de la Rance,11
878,L'anatexie crustale de la vallée de la Rance,11
879,"Pratiquer la GED (Gestion électronique de documents), c'est l'adopter",14
880,La mémoire crustale et chimique d'une roche métamorphique,11
882,La circulation des eaux chaudes et froides.,11
883,Distribution de l'énergie solaire à la surface de la Terre.,11
884,Quelques expériences avec l'auxine.,11
885,Utiliser xnview au labo de SVT.,11
886,Enregistrement de l'activité d'un nerf.,11
887,Étude de la Statue de la République à Savines - Hautes Alpes,5
889,Les maladies à prion.,11
890,La réplication de la molécule d'ADN,11
892,Biologie du développement,11
893,les accidents de l'appareil locomoteur.,11
894,Nourrir l'Humanité... en BD,11
896,Tâche complexe : besoin de faire un régime,11
897,Réaliser un croquis de Toulouse pour comprendre la croissance spatiale.,5
898,Le « puzzle infernal » d’Autun. D’une inscription à la romanisation,5
899,EuroVision,11
901,Messages de la lumière : Clipperton vu par le satellite SPOT,9
902,Pour un traitement ciblé précoce du cancer du poumon,11
904,Le pouvoir des minus.,11
906,utiliser le traitement de texte de StarOffice au lycée.,11
908,"Érosion, transport et dépôt sur la plage.",11
910,Etudier et construire des graphiques : animations méthodologiques.,11
911,« La hulotte » dans la BIG' hotte !,11
912,La clé USB « Etamine »,11
914,réaliser une présentation avec corel present 9.,11
916,Permafrost en danger,11
917,L'amidon dans les chloroplastes,11
918,Quelques guides techniques pour utiliser les TICE en TPE.,11
919,Chimie Edit   - Petite macro Word permettant de tracer des molécules.....,9
922,La géologie du Mont Dol.,11
923,Faire dialoguer une œuvre littéraire et un tableau : de Tartuffe à La Femme au masque,3
924,Une marge passive,11
925,Sorties geologiques dans les Vosges du Sud.,11
926,Knock Out - Recombinaison homologue,11
928,250 consignes et instructions en anglais à utiliser dans le quotidien de la classe,6
929,Images de vidéomicroscopie,11
930,Fonctionnement d&#039;une dorsale - logiciel Géocéan en 1S,11
931,Les Faux monnayeurs - étude d'une œuvre intégrale,3
932,images RASMOL ADN dipeptide enzyme-substrat.,11
933,miscible ou non miscible ?,9
934,Exploiter des sismogrammes en SNT (et en SVT),11
936,quelle eau pour les orphies de la Mer Rouge ?,9
937,Vinaigrette du Professeur Foudingue,9
939,les fermes pédagogiques,11
942,TP : Que se passe-t-il quand on refroidit du cyclohexane liquide ?,9
943,Observation de la Terre,11
944,Planétologie et connaissance de l'univers.,11
945,TP : Séparer les constituants d'une boisson,9
946,EPI. Le procès de Nuremberg,5
947,"Construire un plan de devoir de Littérature en Terminale L sur une question thématique (Perrault, Contes)",3
948,Effet de serre et EXAO,11
950,TP :  Comment montre-t-on la présence d'eau dans une substance ?,9
952,Echanges protons-potassium par transport actif dans les racines d'orge,11
955,"Les ""mondes de la Rencontre""",5
956,Epidémie de choléra en Haïti,6
957,Présentation de la Réserve Naturelle Géologique de Haute Provence,11
959,Enseigner le développement durable à l'aide de la publicité,5
960,Présentation du Parc Naturel Régional et de la Réserve Naturelle Géologique du Luberon,11
961,Les diodes lumineuses multicolores,11
962,Une maquette d'ADN facile d'emploi et bon marché,11
963,Réaliser avec les élèves un manuel numérique diffusé en ligne,5
964,Respiration d'un petit animal : réalisation d'un montage en circuit fermé pour l'EXAO,11
965,Fabriquer des enceintes pour l'étude de gaz en EXAO.,11
966,La classification périodique de Mendeleïev (TP informatisé en ligne),9
969,Travailler l'HdA et la citoyenneté avec Images Actives,1
970,STAGES MULTIMEDIA EN SVT COLLEGE (2002),11
971,Aide à la préparation de documents multimédias,11
973,Propagation rectiligne de la lumière (2),9
974,Les étapes de la numérisation des images analogiques.,11
975,L'évaluation par capacités et la pédagogie de contrat.,11
976,Cadran Solaire,9
978,Potentiel de Récepteur et Potentiel d'Action,11
979,Mesurer l'action de l'auxine sur l'élongation de l'hypocotyle de Soja grâce,11
980,Dissection du coeur de Poulet,11
982,Dissection du coeur de mouton,11
983,Automatisme du coeur de Poulet,11
984,Les plantules modèles : le Blé.,11
985,Nouveaux programmes de collège en français : tableaux d'aide pour construire une progression des activités,3
986,Parcours de migrants,5
987,"Jeux sérieux "" A la poursuite du professeur chaos""",9
988,Protocole Mitose.,11
989,"Glucose et Lipides, des sources d'énergie pour l'organisme",11
991,Les molécules du sport,9
992,Développement embryonnaire et gènes homéotiques,11
993,L'écriture d'invention à l'ère du numérique: quelques expérimentations TICE en classe de 2de,3
994,Modélisation tridimensionnelle de molécules.,11
995,Les plantules modèles : le Maïs.,11
996,La fécondation chez l'oursin,11
997,Mutation Antennapedia chez le vers de farine,11
998,Parenté et diversité des organismes,11
999,Comprendre un tableau de Brueghel en gigapixel,5
1000,Les plantules modèles,11
1001,Les plantules modèles : Le Pois.,11
1002,Les plantules modèles : le Soja.,11
1004,La séquence d'un ADN,11
1005,Etudier un tableau de David en gigapixel,5
1006,La mise en place de l'appareil génital de l'homme et de la femme,11
1007,Le virus du SIDA,11
1008,Fécondation de l'Hermelle.,11
1009,Voies visuelles primaires de Mammifères,11
1010,"Le Xénope, animal de laboratoire.",11
1011,Le cycle du Xénope.,11
1012,Segmentation chez le Xénope,11
1013,Super Bug et Super Doc,11
1014,L'électricité,9
1015,Epreuve anticipée ES et L,11
1016,Séquence français cycle 3 : Un audio-guide pour imaginer une exposition,3
1019,Une BdD de BD en SVT ?,11
1021,Quelles sont les conditions pour voir un objet ?,9
1025,"Séquence français cycle 3 : A trompeur, trompeur et demi",3
1031,Machine à dessiner,0
1033,[Logithèque mobile ] BIG Apps !,11
1034,Accompagnement SVT Seconde (Service web S.V.T. de l'Académie de Créteil),11
1035,Attirance fatale,11
1036,"« Un franco, 14 pesetas » de Carlos Iglesias",6
1037,Des cailloux au Jardin des Plantes,11
1038,Modélisation de la réplication de l'ADN,11
1039,Propagation rectiligne de la lumière,9
1042,Croisements de drosophiles en images,11
1043,Technique d'autoradiographie,11
1044,SVT Académie d'Orléans-Tours.,11
1046,Cartes introductives à l'étude de la 1ère Guerre mondiale,5
1047,Tracer les limites de l'ombre d'un objet,9
1048,Microscope polarisant,11
1049,utiliser une caméra numérique et studio 7 en TPE au laboratoire de SVT.,11
1050,Les logiciels utilisables sur le matériel des collèges de Loire-Atlantique.,11
1051,utiliser openoffice ou staroffice pour éditer des cartes à l'échelle.,11
1053,Utilisation de Mesurim.,11
1054,Echanger des documents graphiques en réseau.,11
1058,Exemples d'utilisation des T.I.C.E.,11
1060,Régime alimentaire de la chouette,11
1061,Apprendre à construire un tableau en 6ème,11
1062,Ecosystème d'une mare,11
1064,Générateurs de BD,11
1065,Apprendre à utiliser un microscope en 6ème,11
1067,Ressources TICE dans les SVT.,11
1068,"Atelier FIG 2019 : webradio et cartographie numérique, deux approches pour mieux appréhender les flux migratoires mondiaux ",5
1069,"Le choc des civilisations, vrai ou faux débat ?",5
1070,Montée des eaux et réchauffement de la planète,9
1071,Conduction des solides - Démarche expérimentale,9
1072,Capacités expérimentales testées,11
1073,Étude épidémiologique du risque d’AVC,11
1074,Les plantes carnivores,11
1076,Le modele amphibien,11
1077,Les fruits,11
1078,l'espace gazeux des végétaux,11
1079,Le gravitropisme,11
1080,METHODES PHYSIQUES DE SEPARATION ET D'ANALYSE ET METHODES DE DOSAGE DES BIOMOLECULES,11
1081,Quelques pistes de réflexion pour faciliter le passage de Baccalauréat professionnel vers le BTS,3
1082,Les mouvements des végétaux.,11
1084,Faire dialoguer une œuvre littéraire et un tableau : de Tartuffe à La Femme au masque,3
1085,Opéron lactose,11
1086,"L oursin, animal de laboratoire",11
1087,Developpement des echinodermes,11
1088,Parente et diversite des organismes.,11
1089,La paroi primaire de la cellule végétale,11
1090,La photosynthèse par les expériences,11
1091,La photosynthese,11
1092,"Le xenope, animal de laboratoire.",11
1093,De l oeuf a la poule,11
1094,Les mouvements de la sensitive,11
1095,Le developpement de l hermelle.,11
1096,De l oeuf a la grenouille,11
1097,Le cycle du xenope.,11
1098,Trois mètres de son,0
1100,Créer des posters multimédia avec le site Glogster,6
1101,La lumière et les filtres,9
1102,Maîtriser les notions du programme de terminale,10
1103,réaliser et insérer des documents vidéo dans des pages html.,11
1104,Parcours croisé Hugo / Delacroix à travers l'étude du recueil Les Orientales en 2de,3
1107,tutoriel pour Hot Potatoes version 6.,11
1108,Accueil Hydrobiologie - Etude des écosystèmes d'eau douce de la Réunion,11
1109,Étudier la Chrétienté médiévale avec Europeana,5
1110,Netquiz Web - Les inégalités de patrimoine et de niveaux de vie.,10
1112,Les Causes et Origines possibles.,11
1113,Quelques gouttes d’encre... un modèle pour tout expliquer ?,9
1115,Des capsules vidéo pour différencier en badminton,2
1117,LE PHENOTYPE REUNION O BOMBAY.,11
1118,"Alcool ou volant, il faut choisir !",9
1119,Organiser et maîtriser l’information immédiate grâce à Feedly,1
1120,Circuit RC,9
1121,La faune reunionnaise.,11
1124,La vanille à l'Ile de La Reunion.,11
1127,Dessins du plant de Vanillier.,11
1128,Cartes flash - La socialisation différenciée.,10
1129,Le carnet numérique de travail au lycée,0
1131,DES OUVRAGES POUR DES DONNEES LOCALES EN SVT.,11
1132,Education à l'Environnement - La Réunion : milieu insulaire tropical.,11
1133,Prévenir le risque inondation à La Réunion,5
1134,Et si on s'échappait du cours de SVT,11
1139,Liste des principales espèces animales rencontrées sur l'Etang de Bois Rouge - Page 1/3,11
1140,Etude de l'Etang de Bois Rouge : Le milieu physique - page 1/2.,11
1141,Programmer un jeu et une animation en Scratch,7
1142,Progression pour le tronc commun de seconde,9
1144,Ressources TICE dans les SVT.,11
1145,Reprendre une traduction d'élève avec un diaporama,4
1150,L'énigme de la flûte baroque,9
1153,mesure d'une masse,9
1154,"Planches de determination : foret 6, especes exotiques",11
1155,Planches de determination : foret 2,11
1156,Un sérious game autour de l'usage de l'eau.,5
1157,Les espaces productifs : la filière canne-sucre à La Réunion,5
1160,Simulation Java sur l'étude de la chute d'une bille avec frottement fluide.,9
1162,Cartes flash - Les déterminants sociaux des pratiques culturelles.,10
1163,Mouvements d'un point sur un manège,9
1165,Utilisation du logiciel SURFER de Golden Software.,11
1167,"Lecture partagée du conte Le loukoum à la pistache, de Catherine Zarcate",3
1168,Construire le sens d'un texte à l'oral,10
1173,Stalactite et giobertite des grottes.,11
1176,HIFI-GÉNIE,14
1180,Tableaux de bord - Le chômage,10
1183,Mouvements d'un point sur un manège,9
1184,Le blog et autres outils numériques au service de l'apprentissage des langues et cultures de l'Antiquité,4
1185,La Reunion : Ile volcanique de point chaud.,11
1186,Citoyenneté et démocratie à Athènes au Vè - IVè siècles avant J.C.,5
1187,L'influence de l'Homme sur la reproduction sexuée du tuit-tuit,13
1188,Aborder la classification du vivant avec des documents,13
1189,"Le littoral aquitain, un espace fragile.",5
1191,Le cycle de l'eau,9
1192,Sortie géologique: de Saint Pierre à Cilaos via le Ouaki.,11
1195,LES VOLCANS.,11
1196,Activité de la fournaise.,11
1197,LE VOLCAN DE LA FOURNAISE.,11
1200,Sortie pedagogique au Piton de la Fournaise - College,11
1201,"Le Fantôme de l'opéra, du roman au ciné-concert.",4
1202,Les volcans du monde.,11
1204,ERUPTION 2000 DU PITON DE LA FOURNAISE.,11
1205,Ressources TICE dans les SVT : volcanisme,11
1206,Des sportifs aux petits soins,9
1207,Ressources TICE dans les SVT.,11
1209,Avistep en mécanique de Terminale S,9
1210,Mener une lecture analytique à l'aide du TBI,4
1211,DISTANCEMETRES.,11
1212,LA SONDE RADON.,11
1213,Le Sismometre.,11
1214,LES RESEAUX DE SURVEILLANCE Volcan.,11
1215,INCLINOMETRE.,11
1216,Additifs alimentaires,9
1217,Les secrets d'une étoile,9
1219,"TraAM Documentation 2018-2019 : Projet liaison inter-établissements (collège-lycée), pour une fluidité des parcours ",3
1220,Des décisions pour faire évoluer les systèmes de production,14
1222,Des satellites pour observer la Terre et pour communiquer,9
1223,Usages de tablettes numériques en DNL physique chimie,9
1224,Exemple d'une séance utilisant un TNI,9
1225,Introduire un reportage,10
1226,Arret 3 : Point de vue amenage; sur la Riviere des Remparts,11
1227,La France et la construction de nouveaux Etats par la guerre et la diplomatie,5
1228,TraAM Documentation 2018-2019 : Introduction à la lecture active : la technique de l’arpentage en milieu scolaire ,14
1229,Les arts au service du pouvoir : mise en scène de l'absolutisme.,13
1232,"Comment ça ""fonctionne"" ?",7
1234,Arret 9 : Le Piton Chisny et la PLaine des Sables.,11
1236,hydrologie à la Réunion.,11
1237,Activité documentaire sur les métaux,9
1238,Evaluation en classe de Seconde à partir d'une vidéo,9
1239,Les acides aminés part2,11
1240, simulation pour visualiser un principe chimique ou physique ,9
1241,Arret 11 : Le pas de Bellecombe - Point de vue sur le Piton de la Fournaise,11
1243,Jeu de dominos moléculaires,9
1244,"Quelques reflexions a propos de concepts recents sur la structure du Piton de la Fournaise, R&eacute;union",11
1246,La datation au carbone 14.,11
1247,Pourquoi un empereur fait-il construire un monument religieux ?,5
1248,La route du volcan par P. Mairine.,11
1250,Exploitation de la sortie pour le lycee.,11
1252,Route du volcan - Introduction.,11
1253,Route du volcan - Lexique.,11
1257,Estimation d'un volume,9
1258,Espace VTT (ExAO),11
1259,La route du volcan par P. Mairine - Sommaire general,11
1260,LES CRUSTACES d'eau douce Réunion.,11
1261,La faune de l'eau douce à la Réunion.,11
1262,Cle de determination faune de l'eau-plus-.,11
1263,Progressivité sur la notion de fonction au collège ,7
1264,Les orages,9
1265,Du schéma fonctionnel statique au schéma fonctionnel animé,11
1266,Denombrement des coliformes dans l'eau.,11
1269,Progressivité sur la notion de variable,7
1271,Durete de l'eau.,11
1272,L'eau: interface fragile.,11
1273,La balle (programmer le déplacement d’une balle en Python),7
1274,Apprendre à programmer avec le robot Thymio au cycle 3 ,13
1275,Les orages,9
1276,La nucléosynthèse,9
1277,HETEROPTERES.,11
1278,Ecologie des eaux douces.,11
1279,Un jeu de Nim,13
1281,"Daher, un groupe qui a su tirer parti de ses ressources internes",14
1282,La liberté en chanson,1
1283,Les meilleures adresses hydrobiologie.,11
1284,IQBG : calcul de l'indice biotique l'une eau de riviere,11
1289,Matiere en suspension.,11
1290,Dosage des nitrates.,11
1292,Reconstituer virtuellement un édifice décrit par les textes anciens : César bâtisseur,4
1294,Décrire une scène de film à plusieurs,6
1298,La Réalité Augmentée pour comprendre le risque d’inondation,11
1299,TraAM Documentation 2018-2019 : Opération « Petit-déjeuner au collège » 6e/3e ou Comment revisiter un projet pédagogique existant pour rendre les élèves actifs de leurs apprentissages,11
1300,Comptes rendus de sorties,11
1301,Je recherche un insecte.,11
1302,Mesure du volume d'un liquide puis d'un solide,9
1303,Persistances des impressions lumineuses,9
1304,Analyses de l'eau appliquées à l'enseignement des SVT,11
1305,Console VTT et ses capteurs,11
1306,TP D'HYDROBIOLOGIE.,11
1307,Enrichir une classe de terrain en géologie par la réalité augmentée,11
1308,TraAM Documentation 2018- 2019 : Rendre l'élève acteur du PEAC : mise en oeuvre d'un dispositif d'ambassadeurs culture ,3
1309,Cinq semaines en ballons,9
1310,Des nouvelles de La Maison du Volcan.,11
1311,Classification du vivant,11
1312,atelier marin.,11
1313,3 scénarios d’inondations explorés grâce à la « réalité augmentée sandbox »,11
1314,Les réseaux sociaux,1
1315,Etude de cas : la Xbox de Microsoft,5
1316,Filtres de couleurs,9
1317,Musées et labos dans l'académie de Nice,11
1318,accueil sur le site du conservatoire botanique de Mascarin.,11
1322,La transgenese et la construction d'organismes génétiquement modifiés (OGM),11
1323,plan cbnm.,11
1324,Mesures et volumes,9
1326,socle commun de connaissances et de compétences pour la rentrée 2011,11
1327,Documenter une image médiatique pour « accroître la paternité et la crédibilité dans les médias visuels »,3
1328,plan cbnm.,11
1329,Schéma et montage électriques,9
1330,Migration ionique,9
1332,default.,11
1334,Charlie and the Chocolate Factory,6
1335,Le Muséum d'Histoires Naturelles - Les documents pédagogiques.,11
1336,Usage des tablettes dans le cadre de l'apprentissage de l'oral,3
1337,Consommation de dioxygène au cours d'un effort avec Orphy,11
1340,Le numérique pour intégrer du travail individuel à distance au projet pédagogique,6
1341,Le Muséum d'Histoires Naturelles - Les expositions permanentes.,11
1344,"Exercices interactifs de chimie, niveau seconde",9
1345,Cuisine d'enzymes,11
1346,Livret interactif pour la lecture de carte et de paysage,5
1347,Les messages des étoiles,9
1348,"Simulation Java : L'accommodation, la presbytie. Les défauts de l'oeil et leur correction",9
1349, EPI Initiation à la domotique   ,13
1350,"Evolutions récentes de l'utilisation des SIG dans le cadre de ""la classe sur le terrain""",11
1351,Supports pour activités pédagogiques - Niveau Lycée.,11
1352,TRaAM 2018-2019 - Modularité de la classe et espaces de travail,0
1353,"Orogenèse, un exemple : la chaîne alpine - Jean-Marc Lardeaux (Page 1/2)",11
1354,Dynamique terrestre et risques naturels : les séismes destructeurs et déformations lentes - Jacques Angelier (Page 1/2),11
1355,Animations interactives sur l'utilisation d'un multimètre et les lois de l'intensité et de la tension.,9
1357,Lecture suivie de Ainsi soit Olympe de Gouges (2013),5
1358,Simulation de tests de reconnaissance de l'eau,9
1359,Les sabliers de la Terre : Radioactivité et horloges naturelles - Nicolas Arnaud (Page 1/7),11
1361,L'encre va parler,9
1362,Lecture de l'imagerie coloniale et anticoloniale de l'Algerie,5
1363,Colorimétrie,9
1364,Du plancton à la roche - Patrick de Wever (page 1/2),11
1365,LES BONNES ADRESSES - Pédagogie.,11
1366,La stratigraphie séquentielle - Jacques Rey (page 1/6).,11
1368,Formation des ions,9
1369,LES BONNES ADRESSES - Images.,11
1370,Remédiation français/maths : activités interactives transdisciplinaires,3
1371," Suites et fonctions exponentielles en TES, L option maths autour du thème de la banque ",7
1373,LES BONNES ADRESSES - Histoire de la Vie.,11
1374,Etude de satellite,9
1375,Utilisation du Tableau Numérique Interactif et Vidéo Projecteur Interactif en compréhension de l’écrit,6
1378,Obésité et risques cardiovasculaires,12
1380,Diaporama sur les centrales électriques,9
1381,Scratch : Le robot qui saute,7
1382,Un pays pauvre dans la mondialisation: le Nigéria,5
1383,Fond animé Netscope : apparition et evolution de la vie,11
1384,Diaporama sur la sécurité électrique,9
1385,LES BONNES ADRESSES - Les sites de professeurs de SVT.,11
1386,Simulation d'optique sur les lentilles,9
1387,Quelques sites pour travailler sur le terrain,11
1388,"L'espace, l'oeuvre et le spectateur",0
1389,Le développement embryonnaire du Xenope.,11
1390,Productions pedagogiques et multimedia On Line.,11
1391,simuler les variations de fréquences alléliques dans une petite population.,11
1394,Image de l'image de l'image...,0
1395,Avatar et relativité du temps,9
1396,Chef d'oeuvre non fini,0
1397,Miniaturisation,0
1398,Utiliser Mesurim_pro pour traiter les images satellitales.,11
1399,Le cabinet de curiosités,0
1400,Les lois bioéthiques,14
1401,Présentation et utilisation du logiciel Plante,11
1403,La maitrise des voies de communication comme vecteur et forme de la puissance -  Les nouvelles routes de la soie,5
1404,Site S.V.T. de l'académie de Nice,11
1407,Dissipation de la chaleur interne.,11
1408,L'équipe TICE de l'académie de Nice,11
1409,Réaliser une anthologie augmentée sur Le Spleen de Paris avec les modules de moodle,3
1411,Talents,6
1414,Publier et échanger autour de la littérature jeunesse,3
1415,Interface manteau-noyau,11
1416,Sortie géologique Aquitaine-Massif Central,11
1417,CLONE-Réaliser une anthologie augmentée sur Le Spleen de Paris avec les modules de moodle,3
1418,Valorisation des ressources locales,14
1419,"Un verre ça va, deux verres çà va, trois verres ...",9
1420,"Scratch : Jeu type ""PAC-MAN""",7
1421,apprentissage du schéma fonctionnel en collège.,11
1422,Progression communeCM/6e Cycle3,11
1424,Réaliser des scénarios autour du harcèlement ,3
1425,Étudier le prolongement du métro à l’est parisien avec Édugéo ,5
1428,Enrichir collectivement un roman policier historique grâce aux outils numériques,3
1430,QCM capacités en 6ème : Communiquer sous forme d'un schéma,11
1431,QCM capacités en 6ème : Réaliser,11
1433,Logiciel COMPLISS - ExAO,11
1435,Programme de la classe de T S,11
1436,Enquête sur la pollution atmosphérique,9
1438,Mesurim,11
1440,Évaluer par compétences en LCA avec des échelles descriptives,4
1441,L'oeil,11
1442,Les déformations de la lithosphère mesurées par GPS.,11
1443,JEU OXIZO,7
1444,Créer un jeu de fiction interactive,7
1446,Latin version lapbook,4
1447,Immunologie,11
1448,Jeu du Si .... alors ...,7
1449,TraAM - Classe inversée - Dosages en terminale S,9
1450,Evolution paysages,11
1453,Bibliothèque d'images pour le logiciel Mon dessin,11
1454, Jeu du Mémory,7
1455,Le mouvement et sa commande,11
1456,Découvrir et utiliser les ressources numériques d'Eduthèque en lettres,3
1457,Alcool et Diet,11
1458,Circulation sanguine et échanges entre les organes,11
1459,"Le jeu du ""qui a""",7
1460,Travailler la dissertation littéraire avec Théâtre en acte.,3
1461,Tousvosatouts.com : rémunération et motivation des salariés,14
1462,Ecosystème d'une mare,11
1463,Jeu des cadenas (Révisions 3ième),7
1466,IMC,7
1467,La classification des végétaux,11
1468,JEU DE LA TRIGONOMETRIE,7
1469,Suivi des cigognes,11
1470,Ecosystème d'une mare,11
1472,Classe inversée: la Chine et le monde depuis 1949,5
1473,La fabrication du pain,11
1474,systeme solaire 7,11
1475,Utilisation du logiciel Winrad,11
1476,Les cellules,11
1477,Titrage acido-basique,9
1478,mutation drosophile,11
1479,El Nuevo Mundo : ¿encuentro o desencuentro ?,6
1481,TRaAM 2018-2019 - Modularité de la classe et espaces de travail,0
1483,Nature des mouvements,9
1484,Section européenne allemand et Transmission de l'information génétique,11
1485,Section européenne allemand et hibernation du Hamster,11
1486,Apprendre ensemble à partir et avec le numérique : des capsules vidéo de révisions,5
1487,Inventaire Activité TICE 1 ère S,11
1488,TRaAM 2018-2019 - Modularité de la classe et espaces de travail,0
1489,"Pouvoir (Statut, autorité)",14
1491,Fabriquer un bioréacteur,11
1492,l'expérience combattante - la bataille de la Somme,5
1493,Du fichier PDB à la séquence ANAGENE,11
1494,Classement spectral des étoiles,9
1496,L'appareil genital feminin,11
1497,Le tableur pour modéliser et comprendre l'effet de serre.,11
1499,Réfraction,9
1501,la vidéomicroscopie en séance de travaux pratiques en lycée,11
1502,Les niveaux d'organisation du vivant,11
1504,MineTest et imprimante 3D,13
1506,Étude d'une perturbation atmosphérique,11
1507,Comparaison Google Earth - NASA World Wind.,11
1508,Une MoodleBox en classe de mathématiques ,7
1509,Logiciel ration,11
1512,Nature de la copie de l'information génétique,11
1513,L'inanimé et le vivant,11
1515,Mise en culture de levures rouges,11
1516,Réaliser un Rallye Nature à l’aide de Tactiléo Map pour valoriser nos Espaces Naturels Sensibles,13
1518,QR code et ressources vidéos,2
1519,La santé est dans l'assiette,11
1521,Construction d'un réseau trophique et d'un schéma-bilan concernant les relations entre producteurs primaires et secondaires,11
1522,120 secondes,7
1523,La guerre - Qu'est-ce que la guerre froide ?,5
1525,TRaAM 2018-2019 - Modularité de la classe et espaces de travail,0
1526,Une montagne mythique : Sainte-Victoire,11
1531,Banque des sujets du DNB,11
1532,Danger d'une multiprise,9
1533,"Traam 2017-18 : ""Glossaire et jeux sérieux sur Moodle""",12
1534,Musique et Moyen Âge,13
1535,Masse de l'air,9
1536,Escape game en espagnol ,6
1537,Intensité et tension,9
1538,Un jeu de plateau sur les traces numériques,3
1539,Centre de Contrôle VTT.,11
1540,"Mémoriser, réviser et évaluer avec les outils numériques",5
1542,Économie - droit en STMG,14
1546,LE PEUPLEMENT D'UN MILIEU par les végétaux en Guadeloupe,11
1547,Détermination de la composition chimique d'une étoile,9
1549,Les premières assises régionales de l'éducation à l'environnement ; atelier « Evaluation »,11
1552,Île de Nantes : Titan vs éléphant,5
1554,Banque des sujets de Bac - Série S.,11
1555,Banque des sujets de Bac - Série ES / L,11
1556,Etudier Molière avec Théâtre en acte,3
1558,Livrets interactifs : l'art roman et l'art gothique,5
1560,Relativité du mouvement 1ère partie,9
1561,Guide d'équipement des collèges.,11
1563,chronologies des cristallisations des granites et pegmatites à Noirmoutier,11
1567,Lecture analytique d'un texte poétique au moyen d'une carte heuristique.,3
1568,"Un auteur contemporain et de son œuvre : Marjane Satrapi, Persépolis",3
1569,Civils et militaires dans la Première Guerre mondiale.,5
1570,Lithothèque de l'Académie de Créteil,11
1572,Création d'une Carte gravimétrique,11
1573,activités humaines et qualité de l'air,11
1577, Comment fonctionne une application de reconnaissance musicale sur smartphone ?  ,7
1578,Découvrir les caractéristiques d'un régime démocratique,1
1579,Relativité du mouvement 2ème partie,9
1580,La respiration de différents êtres vivants,11
1581,STMG  GF - Projet : cas JMonnier,14
1582,Élaborer un magazine en ligne sur la respiration des animaux,11
1583,Transcription et traduction en langage Python,11
1585,"Projet CFE : ""fiduciaire du Pays Blanc""",14
1586,Construire un schéma heuristique collaboratif : les réformes du Front populaire,5
1588,Du plomb dans l'Est,9
1589,Le mystère des miroirs,9
1591,Les dangers du MODH,9
1592,"La veille, une approche globale et stratégique",14
1593,L'urbanisation du monde,5
1594,Deux minutes de chimie,9
1595,karaté 6,2
1596,Propagande républicaine (1875-1876),5
1599,Défi Robot Lego EV3 n°1 : Contourner un obstacle,7
1600,"Des carreaux, des carreaux... toujours des carreaux",7
1602,Surprise !,9
1605,Mener une réflexion sur la géographie prospective (Danemark),5
1606,Jardin japonais,7
1608,Les circuits électriques à la carte,9
1617,Evaluer les SVT dans le cadre du Socle Commun des Connaissances et des Compétences,11
1618,Accueil de croisiéristes et réalisation d'un guide touristique,6
1619,Travaux sur les nouveaux programmes de 4ème en SVT,11
1620,tutoriel pour le système d'information géographique fGIS.,11
1621,Enregistrer toutes les vidéos du web sur votre ordinateur.,11
1622,De l'oral au croquis : décrire pour dessiner,5
1625,Extraction de l'ADN,11
1627,L'oral,11
1628,Qu'est-ce qu'un gène ?,11
1629,Réaliser une maquette de feuille de Poireau.,11
1630,« Le trou canard » à CHAMPAGNE sur seine (77430),11
1632,"Activité interdisciplinaire pour travailler la rédaction, l'utilisation d'outils de mesure et le suivi de protocole",11
1633,TVSciences,11
1634,Psychose,11
1641,Galton - lycée,7
1642,Qu'est ce qu'un territoire de l'innovation ?,5
1643,"Trois niveaux d'organisation du monde minéral, l'exemple du Granite",11
1644,Analyse du logiciel Gribouill-i.,11
1646,Une rentrée bien TICée.,11
1647,Politique nataliste,7
1648,"Berlin, théâtre et symbole de la guerre froide",5
1649,L'action des drogues sur l'huître.,11
1650,Enseigner en section européenne.,11
1651,Sociétés et cultures de l'Europe médiévale du XIe au XIIIe siècle,5
1652,"Le ""screencast"" permet de réaliser un tutoriel sous la forme d'une vidéo.",11
1654,Thème au choix et interdisciplarité en classe de seconde,11
1655,Determinisme du sexe chez les abeilles.,11
1656,"Les mondes arctiques, une « nouvelle frontie&#768;re » sur la plane&#768;te.",5
1657,Le circuit de la douleur,11
1658,Visualiser les photos aériennes avec Nasa World Wind - Plug-in Virtual Earth.,11
1659,Louis XVI et les réseaux sociaux,5
1660,utiliser un logiciel de capture d'écran.,11
1672,Compréhension du lien anatomie/physiologie du coeur,11
1673,Choisir et optimiser un navigateur.,11
1675,créer une animation avec mesurim pro.,11
1676,représentation d'arborescences : SpaceTree et FreeMind.,11
1678," 	Traam 2017-18 : ""Des Applications DIY en Biotechnologies pour les Elèves en BYOD : les ValinApp's n°2""",12
1679,L’intoxication au monoxyde de carbone,9
1681,Moyenne et médiane,7
1683,Correction d'une EC2 en autonomie à partir d'une activité sous Learning Apps,10
1687,Appréciation du profil des élèves atteints de troubles cognitifs en EPS,2
1689,Utiliser la BDCarto® de l'IGN avec le SIG fGIS.,11
1690,L'Europe dans le monde au début du XVIII ème SIECLE,5
1691,Ombre et lumière chez Monsieur Martin,9
1693,B.I.G. Évolution,11
1694,Le Musée de la préhistoire d'Ile de France,11
1695,Sécurité routière en classe de 5ème,7
1697,Un simulateur permettant de suivre l’avancement d’une réaction d’estérification,9
1698,La planète des bactéries.,11
1699,Réaliser des tutoriels avec Wink.,11
1700,Interdisciplinarité SVT/SPC,11
1701,Expansion océanique,11
1704,L'autonomie dans le socle... Réflexion sur la consigne.,11
1705,Nouveau programme de 3ème AISNE.,11
1706,Nouveau programme de 3ème OISE.,11
1707,Harmoniser les pratiques en SVT : liaison collège-lycée.,11
1710,Deux activités autour des éléments chimiques dans une démarche d'investigation,9
1711,L'apprentissage du code informatique au collège,7
1712,Phénotypes diabétiques,11
1713,L'Observatoire des Papillons de Jardin.,11
1715,Générateur de nuage de mots.,11
1716,Didapages,11
1718,télécharger et utiliser les données sur l'occupation des sols CORINE Land Cover,11
1720,Un réseau alimentaire.,11
1721,Expériences de Taylor,11
1722,La fabrication du cidre,11
1723,Le Chikungunya,11
1725,Le coin des élèves.,11
1727,Produits chimiques : l'étiquetage évolue.,11
1728,"Vidéos des usages du numérique : classe inversée, outils nomades, travail collaboratif",14
1729,Outil diagnostique sur l'évolution,11
1730,"Tempête Xynthia : 10 ans après, des cartes pour comprendre",5
1733,Secourisme et programmes disciplinaires de SVT.,11
1737,Un vampire végétal,11
1738,"Situation professionnelle ""Euroconfort"" centrée sur les processus 1, 3 et 7 du BTS CG.",14
1739,Travailler la maîtrise de la langue et le B2i en S.V.T. grâce aux vérificateurs d'orthographe,11
1740,Bon Patron un outil de patronage pour l'écriture sur ordinateur.,11
1742,Schéma de Lewis et géométrie des molécules,9
1743,La Révolution française et l'Empire,5
1744,Mettre en cohérence le parcours de science de la maternelle à la troisième,11
1745,De la fusée au curling en passant par la barque…,9
1746,Utiliser IGNmap pour convertir des données de Systèmes d'Informations Géographiques (SIG),11
1747,Géotagger des photos.,11
1748,Quelques serveurs OGC (Open Gis Consortium),11
1749,"Info ou intox, éduquer aux médias pour introduire les chapitres d'histoire et géographie",1
1750,Rechercher des sujets de bac.,11
1751,Les cartes heuristiques : usages et techniques avec Freemind,11
1752,Articuler les compétences et leurs contenus pour transformer l'élève,2
1753,Enseignement co-disciplinaire SVT-SPC en seconde.,11
1754,Un projet EPS au format html et Flash,2
1758,Aux confins du système solaire,11
1759,Diversité chez les coccinelles.,11
1761,Sélection naturelle et simulations graphiques,11
1762,De quoi sont faits les animaux ? - Fiche professeur,11
1763,De quoi sont faits les animaux ? - Fiche élève,11
1764,Un exemple de petite caméra adaptable sur différents appareils optiques,11
1765,Les mutations des espaces ruraux de moins en moins agricoles : l'exemple de l'île de la Réunion,5
1766,Tension... On a déchiré mon cours !,9
1769,Utilisation d'un microscope avec caméra de numérisation intégrée.,11
1771,Ressources pour le thème sur le bois en classe de 1°ES,11
1773,Maquette de maison à équiper électriquement,9
1774,Pourquoi V. Hugo est-il considéré depuis la IIIe République comme un héros républicain ?,5
1776,Les mutations d'une commune bretonne : Saint-Barnabé,5
1778,Fall and leaves colour,11
1779,Le Calendrier des temps géologiques,11
1781,Bien chercher pour vite trouver !,11
1782,Chocolate Hills.,11
1783,Un monde de migrants : construire une carte des migrations en Méditerranée,5
1784,"Numérisation d'images en SVT, dispositifs et usages.",11
1787,Le Fort d'Ivry 94200,11
1788,Yoda ou Mogwaï ?,11
1791,Exercice interactif sur la structure des atomes et des ions,9
1792,"Premières étapes du développement d'un Amphibien , la Grenouille rousse",11
1794,Des métropoles en mutation : l’exemple de Lyon,5
1795,"Les littoraux, espaces convoités : Miami Beach",5
1796,Les jeux sérieux,11
1797,Extraction par entraînement à la vapeur : La lavande,9
1798,Détermination de la composition chimique d'une roche,11
1799,"« Les Neufs premiers mois », le second « surf » sur la mise en place du plan d'organisation des vertébrés.",11
1801,   L’écriture collaborative en TP,9
1803,Sortie de Géologie sur les bords de Marne,11
1804,Investigation sur la lumière,9
1805,Petites bêtes du jardin... par Francis Cormon.,11
1806,Edu-Anatomist.,11
1807,Fiche Métiers de l'organisme,11
1808,Fiche Métiers de la génétique,11
1810,Mieux apprendre avec le numérique,5
1812,Le Socle Commun de Connaissances et de Compétences en SVT,11
1813,Evaluation diagnostique commune SPC/SVT en Seconde.,11
1814,Travailler par compétences au collège et aider les élèves en difficultés,11
1815,Harmoniser les pratiques pédagogiques en SVT : liaison collège-lycée 2009/2010.,11
1817,"Lire en SVT, exemples d'activités en 5ème et en 3ème",11
1819,Biologie et classification du vivant.,11
1820,Mesurer le raccourcissement des couches liées aux plissements,11
1823,Simulation Java de dosages acido-basiques par conductimétrie,9
1825,Ballade irlandaise.,11
1826,Les techniques CLIL]Réviser les liens Structure/ fonction de l'ADN.,11
1828,Différencier avec les ressources des BRNE,6
1829,Le stylo numérique : numérisez toutes vos notes !,11
1830,"#ApollinR18, Twitter et la poésie",3
1832,travaux de terrain en classe de seconde (programme 2010),11
1833,Voyages et découvertes : explorateurs et navigateurs aux XVIe-XVIIIe siècles,5
1834,Relativité du mouvement des planètes,9
1835,Le rôle des immunoglobulines,11
1838,A la découverte de la structure de l'atome,9
1841,Edugéo en classe,5
1842,"FLE-FLS: « Le Casque mystérieux », Pierre Delaisne",3
1843,Mesure de réaction allergique avec ImageJ.,11
1844,Dégradation du sol par l'homme,11
1848,Présentation de l'épreuve d'économie droit bac STG (Sciences et Technologies de la Gestion) formations académiques,14
1849,"Moodle, plate-forme pour cours en ligne...",11
1850,Le podcast (ou baladodiffusion) : ses utilisations en français &amp; langues anciennes,3
1851,Ist Fortschritt immer ein Segen? (1),6
1853,Se préparer à enseigner en MPS à la rentrée 2010.,11
1855,Les Carrières de gypse à Meaux,11
1856,TraAM 2019 : Habiter New-York : une description de paysages urbains à l'oral ,5
1857,de la notion d'habitus à la logique interne de la compétence,2
1858,Entrée en MPS.,11
1860,Jeu interactif d'éducation à la sexualité.,11
1861,Que faire en cas d'incendie ?,9
1862,"Le climat, passé, présent et conditionnel",11
1863,Vive les changements climatiques.,11
1864,"TraAM 2019 : ""Ma vie à Qaanaaq""",5
1865,Approche expérimentale de la notion de transformation chimique.(version 2),9
1867,Décomposition de la lumière blanche,9
1868,observer pour apprendre,2
1869,Un monde de migrant : exploiter un récit particulier ,5
1870,Energie solaire et circulations des enveloppes fluides,11
1871,communiquer : une cohérence et un enjeu central,2
1872,De la clé de détermination à la classification en groupes emboîtés au travers de l'exploitation d'un herbier en classe de 6ème,11
1873,PISA 2009,11
1874,"La cellule, unité structurale et fonctionnelle du vivant",11
1876,Pas si difficile EMILE !,11
1877,Animation Java de molécules en 3D.,9
1879,Les Etats-Unis dans la mondialisation,5
1880,Créer et gérer une grille d'auto-évaluation avec e-lyco.,11
1883,Prezi : Quelques pistes pédagogiques.,11
1884,observer pour apprendre,2
1885,"Prezi, pour dynamiser vos présentations.",11
1886,"Enseigner les disparités socio-spatiales au sein de l'UE avec ""Hyperatlas""",5
1887,"La Géologie en banlieue : Du trottoir aux tiroirs, une chasse aux indices géologiques !",11
1888,Le Tableau interactif dévoilé !,11
1889,Jouer sérieusement en S.V.T,11
1890,Étudier l’influence de la France à l’international,5
1891,Formation et exploitation des charbons,11
1892,Exploiter des sismogrammes en SNT,13
1893,Quelques signets pour les enseignants de SVT.,11
1894,Comparaison de doublets d'images : deux cas particuliers.,11
1895,Fabriquer un fichier de séquences pour Anagène avec Mega 4.1.,11
1896,"En Bibliothèque ou sur le Net, débusquer les archives du sous sol !",11
1897,iTunes U.,11
1898,communiquer : une cohérence et un enjeu central,2
1899,Bilan stage FPC 2102 : Ultimate,2
1902,La trajectoire d'un projectile selon Galilée,9
1904,Une démarche pour aborder les tensions alternatives,9
1905,Prendre des photos d'un objet pour faire des mesures à l'écran.,11
1906,"En Classe, créer une dynamique de recherche.",11
1907,Darwin (R)évolution.,11
1908,Verifinger.,11
1910,Carte postale sonore,6
1912,Etude expérimentale du dispositif wiimote-ressort,9
1913,Fresque des temps géologiques en ligne : Le temps ? Toute une histoire !,11
1915,Sortie géologie,11
1916,"La moisissure du Roquefort, c'est vivant ?",11
1919,Traam 2017-18 : Réaliser un film scientifique en stop motion animation en ETLV,12
1920,Le socle commun pour la rentrée 2010 : un outil.,11
1921,La maîtrise de la langue.,11
1922,Urland & Pandémie : Des jeux... sur un plateau !,11
1923,GestRep.,11
1924,utiliser quelques fonctions de repérage et de mesure avec Mapwindow 4.7 et un GPS de randonnée en MPS,11
1925,utiliser Google Earth pour se repérer et faire des mesures en MPS.,11
1926,Curling et principe d'inertie,9
1927,Raconter les Métamorphoses d'Ovide,3
1928,Scénariser un jeu sérieux ?,11
1929,Étude de cas : la production de la banane en Martinique.,5
1931,Creative writing : My funny resolutions,6
1933,MPS : Comparer des empreintes digitales avec Mesurim Pro.,11
1934,FOLIOS et parcours des élèves,11
1935,Comparer et analyser des empreintes digitales avec Verifinger.,11
1937,Exploitation du gisement houiller de Ronchamp : des paysans aux mineurs…,11
1938,Une révolution industrielle concernant l'exploitation du charbon à Ronchamp entre 1750 et 1958,11
1940,Mise en place de cycles d'acrosport dans les projets pédagogiques associée à une démarche d'utilisation des TICE,2
1941,MPS : Réaliser un relevé d'empreintes digitales.,11
1942,"fiche DVD-Vidéo et DVD-Rom 1+1, une histoire natuelle du sexe.",11
1944,Circuit en série et circuit comportant des dérivations,9
1945,Illustrer un document numérique en EPS,2
1946,Les enseignements d'exploration scientifiques en Seconde,11
1948,"Avec le phasme à Tiare, le mimétisme est un art !",11
1949,Introduire une controverse historiographique en classe. Exemples de la Première Guerre mondiale et du totalitarisme.,5
1950,Création d'un jeu sous Scratch,7
1951,"Nord/Sud, un développement inégal",5
1953,Visio conférence en TS sur la procréation assistée.,11
1954,Biodiversité des pollens,11
1955,Ecrire des carnets de voyage numériques et fictifs,3
1957,Plein feux sur l'amphioxus...,11
1958,"Télécharger, découvrir, utiliser Google Earth.",11
1959,Créer un fichier kmz.,11
1960,LA CLASSE INVERSÉE TESTÉE EN TSTL SUR LA THÉRAPIE GÉNIQUE,11
1961,       Visualiser une très longue molécule d’ADN,11
1962,Le principe d'inertie,9
1963,Comment délimiter une zone à risque ?,11
1964,Comment calculer le rejet d'une faille ?,11
1966,"Muse, musée … Un musée pour la classe",5
1968,"Claude Bernard, créateur de la médecine expérimentale",11
1970,Liste d'échange et d'information autour des fresques numériques des temps géologiques,11
1971,Figure d'interférences à deux ondes à la surface de l'eau.,9
1972,Datation relative : une modélisation rapide,11
1973,Cristallographie,9
1974,Simulations Java sur la diffraction par un trou et par un bord,9
1975,Participer à la cartographie mondiale des arbres avec Pericopsis,11
1976,e-nov EPS N°7 : les missions du professeur,2
1977,La procréation peut être maïtrisée par différentes méthodes contraceptives et contragestives,11
1978,[TRAAM MPS dans l'Académie de Créteil] Travaux Académiques Mutualisés : enseignement d'exploration Méthodes et pratiques scienti,11
1979,Promenade géologique au muséum d'histoire naturelle et dans ses environs,11
1981,Modeling Earth climate,11
1982,Homonculus (Le cortex somatosensoriel de l'Homme),11
1983,De la vision géocentrique à la vision héliocentrique du monde...,9
1985,Tâche complexe autour de la répartition des poissons,11
1986,QCM capacités en 5ème : Réaliser,11
1987,"H1N1, nos virus ont de l'avenir",11
1988,Comprendre organisation et fonctionnement d'une synapse neuro-neuronique (Animation),11
1989,Écorces,11
1990,Liste de matériel nécessaire à la mise en œuvre des nouveaux programmes de SVT du lycée,11
1991,Microbiote et croissance,11
1992,Tâche complexe : l'homme face aux séismes,11
1993,Fiche Métiers de la Terre,11
1994,Utilisation en collège d'un forum pour débattre puis préparer un document,7
1996,ChronosPocket (V. 20071018) : gestion multi-chronomètres,2
1997,Faire construire un parcours de lecture par les élèves,3
1998,Transformation chimique,9
2000,"QCM capacités en 3ème : S'informer, réaliser, raisonner",11
2001,QCM capacités en 3ème : Raisonner en  Immunologie,11
2004,Base de données et résistance aux antibiotiques,11
2005,Fichier excel pour le suivi et la validation des compétences en SVT,11
2006,Lampe à secousse magnétique,9
2007,Formation aux nouveaux programmes du cycle terminal,11
2008,Paléomagnétisme et Smartphone,11
2012,Détermination de la vitesse de la lumière,9
2016,Le voyage au centre de la Terre,3
2017,Programme de l'enseignement commun de sciences de la vie et de la Terre,11
2020,Sarajevo,5
2024,Femmes dans l’Histoire et Histoire des femmes,5
2026,Cancer : des doutes sur une théorie,11
2028,Google Earth : pistes et méthodes,11
2029,Construction d'un profil topographique avec Google Earth (fiche technique),11
2030,Extraction et identification des êtres vivants du sol,13
2031,Endémisme aux îles Galapagos,11
2033,A la conquête de l'atome,9
2034,"[Cartes heuristiques] Cartes heuristiques, le dossier",11
2035,[Titillothèque] Introduire le lien agriculture et environnement,11
2037,Titanpad : le chat... et la souris,11
2038,Traditions et biodiversité,11
2039,Netvibes : remix the web !,11
2040,[Sciences expérimentales...] Des sciences expérimentales,11
2042,Application des soldes ,13
2043,[Le coffre aux trésors : Applis mobiles pour cartes heuristiques] Présentation du dossier « Le coffre aux trésors »,11
2045,Gabarit fiche cycle 4 LV,6
2046,"Le numérique en cours de langues vivantes - outils, ressources  et pistes d'exploitation",6
2047,[Titillothèque] Introduire la notion de « génétique »,11
2048,[MPS et Histoire de Pommes] Origine des pommes,11
2049,SCCC 3 : Le socle en sciences pour les professeurs débutants.,11
2050,[MPS et Histoire de Pommes] Les pommes : milieux de vie,11
2051,"Projet e-twinning ""Nuestros mitos y héores""",6
2052,Gabarit fiche cycle 3 LV,6
2053,Clim@ction : Jouer pour apprende en ligne (version 2012),11
2054,Etude du mouvement en salle multimédia,9
2055,[MPS et Histoire de Pommes] Du cidre au vinaigre,11
2057,Un autre horizon,11
2058,Pour une agriculture plus verte,11
2059,[MPS et Histoire de Pommes] Chimie et histologie des pommes,11
2061,Une évaluation à inscrire sur les tablettes,11
2062,Éléments chimiques dans les sols et activités humaines,11
2063,Migration des ions,9
2064,Apesanteur  ou impesanteur?,9
2067,Synoptique de cycle Kayak (Niveau 1),2
2068,La démarche d'investigation,9
2070,Le code QR de sa création à son utilisation en classe,11
2071,Modèle analogique pour simuler un tsunami,11
2073,Construction orale d'une légende,5
2074,Tâches complexes pour l'enseignement des SVT au collège,11
2075,Avare et avaricieux : le lexique de l'avarice dans la comédie de Molière,3
2076,Evolution de l'épreuve d'ECE au baccalauréat S SVT,11
2077,"e-novEPS n°3, De la personnalisation à la différenciation",2
2079,TRaAM 2016 : Geste digital et objet,0
2081,[Titillothèque] Genre ... promouvoir une sexualité comprise,11
2082,Démarche d'investigation en lycée,9
2083,Adieu George,11
2084,IMindMap 5 Basic ... Dessine moi une carte !,11
2085,[Titillothèque] Entrée dans l'Organisation Mondiale des Vertébrés,11
2086,Entrer dans une lecture linéaire par une lecture chorale,3
2087,TraAM 2016 : Geste digital suspendre le temps: prolongement en collège,0
2088,Des sciences & des médias !,11
2089,"[Titillothèque] Afficher, décoder l'ADN",11
2092,[Titillothèque] Introduire la notion de vision,11
2093,C3 (Tous questionnements) - Et si cet objet devenait une oeuvre,0
2095,5 questions sur H5N1,11
2096,[Les ressources du collège et du lycée] SIENE,11
2097,"Le couscous sans viande, (pois) CHICHE ?",11
2100,Pour une approche du changement global de la biosphère,11
2101,"ATP Tournoi, Gestion de défis en sports de raquette via l'outil informatique.",2
2102,Lire autrement les cartes heuristiques avec Freeplane,11
2103,[Titillothèque] Introduire la notion de vie fixée,11
2104,"Couscous sans viande, la solution",11
2111,Les grands défrichements et la croissance de la population aux XIe-XIIIe siècles à partir de la toponymie. ,5
2112,de l'hyperventilation à la syncope,9
2113,La maison de M. Martin : les ombres,9
2114,Exercice interactif : La stratification sociale.,10
2116,Saturation lors d'une dissolution,9
2117,"Traam 2017-18 : ""EMC : Le travail autour d'illustrations : photolangage, organisation d'idées et réalisation d'images interactives""",12
2118,Imprimante 3D et modèles moléculaires,11
2120,Une Lune croissante ou décroissante ?,9
2122,Visualiser un faisceau lumineux,9
2123,Défi Robot Lego EV3 n°2 : Détection d’un obstacle,7
2124,Diffusion de la lumière par une surface,9
2128,"Basket-ball : Programmes EPS, Compétences attendues dans les APSA et socle commun de connaissances et de compétences",2
2133,La guirlande de Noël,9
2137,Ombres propres et portées,9
2139,« Le Misanthrope » de Molière expliqué par les graphes,7
2140,[Titillothèque] Introduire la notion de tectonique des plaques,11
2142,Géométrie Eulerienne,11
2144,« Le Misanthrope » de Molière expliqué par les graphes,7
2146,[Titillothèque] Introduire le découpage du temps en géologie,11
2147,"La guerre dans tous ses états, un parcours pour Littérature et Société",5
2148,[Géologie en banlieue] Sortie Géologique à Chennevières (94) (Service web S.V.T. de l'Académie de Créteil),11
2149,"[Géologie en banlieue] SVT en Histoire des Arts : La construction de la Basilique de Saint Denis, une histoire géologique (Servi",11
2151,Aménager et développer le territoire français,5
2152,Mindomo Free,11
2153,Un phénotype inhabituel chez un papillon : le corrigé !,11
2154,Une mare pédagogique,11
2155,Schématiser le développement durable à Madagascar,5
2156,Propagation rectiligne de la lumière,9
2157,Le plastique c'est (pas) fantastique !,11
2158,Santé aux Antilles : disparité et maillage,5
2159,Bilan des journées de formation Académique Economie Droit Management,14
2160,Évolution des îles de la Marne,11
2161,"Helmut, à poils laineux...",11
2162,Fiche Métiers de l'eau,11
2163,Edu'Bases,11
2164,Aborder la décroissance urbaine à travers l'exemple de Détroit,5
2165,handicap et élèves inaptes en EPS au collège,2
2166,Les Européens dans le peuplement de la Terre et l'exemple des migrations irlandaises,5
2167,Orchidées d'Île de France,11
2168,TraAM 2018 : Les sociétés face aux risques,5
2169,[Titillothèque] Entrer dans le thème 2 de lycée : Grands enjeux planétaires contemporains,11
2170,[Géologie en banlieue] Le gypse du plateau d'Avron,11
2171,Utilisation d'un espace de travail pour établir des cahiers élèves types,7
2172,Analyser une œuvre intégrale par des démarches collaboratives : Regarde les lumières mon amour,3
2173,Les crocodiles de l'Australie du Nord,11
2174,Géologie Externe (Évolution des paysages),11
2177,Dotation caméras oculaires / Comparatif,11
2178,2nde energies fossiles,11
2179,[Réalité augmentée] Utilisations pédagogiques de la réalité augmentée,11
2180,Augmenter la réalité avec Aurasma,11
2182,L'Union Européenne avec les TICE : La construction de l'Union Européenne,5
2183,Test de séropositivité basé sur l'agglutination,11
2184,La reconstitution d'un paysage ancien,11
2185,Un as du camouflage : le poulpe,11
2186,[Géologie en banlieue] Excursion : Le gypse a la pêche à Montreuil,11
2187,Adaptation,9
2188,Comparatif des caméras oculaires,11
2190,Une mer sans requins !,11
2191,Géologie au lycée,11
2192,Température de solidification de l'eau,9
2193,[TRAAM MOBILITÉ dans l'académie de Créteil] Utiliser le smartphone des élèves en SVT - TraAM 2012-2013,11
2194,"Traam 2017-18 : ""Identify an unknown solution - ETLV avec ComPhone""",11
2195,Hommage à Albert Jacquard,11
2196,Les Français et la République,5
2197,Photos d'Automne,11
2198,« Cap Odyssey ! »,11
2200,Maturation des LB intestinaux,11
2202,[Les ressources du collège et du lycée] Le best of du BIG (5e),11
2203,"[Géologie en banlieue] Les fours à chaux, les carrières et les coteaux de Champigny",11
2205,Unicité de l'intensité,9
2206,Des sujets pour l'oral de rattrapage du bac S.,11
2209,Wir wählen einen Klassensprecher,6
2211,Défi Robot Lego EV3 n°3 : Suivre une ligne rouge,7
2212,"Traam 2017-18 : ""Projet Ipso Facto : Alimentation & Santé""",12
2213,Voir un piéton la nuit,9
2214,SVT Lorraine (nouvelle version du site académique),11
2215,[Utilisation des fresques] Fresque « À la recherche des temps perdus » téléchargeable,11
2216,Alchimies...,11
2217,"les mondes arctiques, une nouvelle frontière",5
2218,Une mise en oeuvre pour les totalitarismes,5
2219,Utiliser des tablettes iPad avec des élèves déficients visuels,11
2220,Recipes: Séquences production orale bilingue espagnol et anglais,6
2221,Barbecue et charbon de bois,9
2223,El Cano,5
2224,Un outil pour gérer les élèves de l'association sportive,2
2225,Relaciones entre padres e hijos,6
2226,Boissons gazeuses,9
2227,Usage d'un mur virtuel : El trabajo infantil VS el derecho a la educación,6
2229,"Traam 2017-18 : ""Projet Ipso Facto :  Adaptation de l’alimentation & Cuisine Moléculaire""",12
2230,"[Géologie en banlieue] Dans le sillage des poètes, les géologues en Val de Bièvre.",11
2231,Une expérience d'enseignement intégré des humanités,3
2232,Une canalisation qui éclate l'hiver,9
2235,Judo au Collège 1 (Application Androïd),2
2238,Conservation de la masse au cours d'une dissolution,9
2239,Frise chronologique de la Révolution avec Timeline JS,5
2240,Aménager les villes: réduire les fractures sociales et spatiales,5
2241,"Lire en français, c'est facile",3
2242,Les guerres napoléoniennes en Espagne,6
2243,Variation du volume lors d'une dissolution,9
2244,Biodiversité ancienne en Provence,11
2246,L'Europe malade de la paix,5
2247,Le dico du Numérique,11
2250,"La twictée, un outil pédagogique pour l'orthographe ?",3
2252,"Timgad, un lieu d'intégration par la romanisation et la citoyenneté",5
2253,Conservation de la masse totale lors d'une dissolution,9
2254,Défi Robot Lego EV3 n°4 : Tracer une figure,7
2255,Le médaillon,7
2256,Couleurs des objets,9
2257,La mise en place d'un péage urbain : un moyen de faire face aux externalités ? (Quelles sont les principales défaillances du marché ?),10
2261,Application Plickers,11
2262,TRAAM sur les ENT,11
2263,Modéliser la dynamique des masses d'eau et des masses d'air,11
2264,TRAAM Outils nomades,11
2266,"Moodle, plate-forme pour cours en ligne",11
2267,Objets diffusants et sources de lumière,9
2268,LGV SEA un jeu sérieux,5
2269,La herencia musulmana en España,6
2270,Eclipse de soleil ou croissant de Lune ?,9
2271,Les émissions de téléréalité manipulent-elles la parole des anonymes ?,3
2272,Comment introduire au développement durable?,5
2275,Un QCM (H5P) pour s'entraîner à la lecture des taux de croissance du PIB.,10
2276,Circuit en dérivation : l'éclairage d'une automobile,9
2279,Des alternatives pédagogiques à la dissection de la souris,11
2280,Etudier la Révolution Française en 4e avec des outils numériques et pas que,5
2282,Logiciel de comparaison d'images,11
2283,projet TraAM Clermont Ferrand,11
2284,Les phases de la Lune avec Stellarium,9
2285,"Croquis Bourgogne - La Région, territoire de vie, territoire aménagé.",5
2286,Tactiléo Map,11
2290,"Traam 2017-18 : ""Recherche Documentaire & Handicap""",12
2291,Adapter la lampe à la pile,9
2292,"Fabrication d'un kit ""Coagulation du sang""",11
2294,De l'élève consommateur à l'élève producteur de vidéo : le projet #filmeTsvt,11
2295,séquence pédagogique en espagnol : Descubrimiento de América : también las palabras tienen historia.,6
2296,Défi Robot Lego EV3 n°5 : Le radar tronçon,7
2297,Le gaz dissous dans les boissons,9
2298,Création d'une bande sonore pour remplacer Chrono et Sifflet,2
2301,Situer la Terre dans le Système solaire - Cycle 4,11
2303,Synthèse des travaux académiques mutualités 2015-2016,11
2304,Réseaux sociaux en SVT et parcours de l'élève,11
2305,"Adapter l'enseignement de l'EPS en classe de SEGPA, exemple en boxe",2
2307,Tester ses connaissances sur la régulation de la glycémie à l'aide de l'ENT académique,11
2308,S'aider d'un QCM sur socrative pour comprendre des documents (origine des Pyrénées),11
2309,"Travailler la stratégie à l'oral en vue de l'ECE, à l'aide de l'ENT",11
2310,Créer des flashcards pour mémoriser des connaissances,11
2311,Construire une carte mentale à partir d'une capsule vidéo,11
2312,"DISPOSITIF DE CLASSE INVERSÉE SUR LE THÈME DE LA PLANÉTOLOGIE (2DE, THÈME 1)",11
2314,Construire une carte mentale pour faciliter les révisions d'un thème,11
2315,Germination des graines et démarche expérimentale,11
2316,Utiliser un forum pour choisir une stratégie de résolution,11
2317,Démarche expérimentale et groupes de travail dans l'ENT,11
2318,Assimiler des critères d'évaluation,11
2319,Rappels de génétique,11
2320,"Un exemple de ""classe inversée""",11
2321,Composer le commentaire d'une vidéo à partir de documents,11
2322,Réaliser un carnet d'enquête numérique pour écrire une nouvelle réaliste,3
2323,"""Classe inversée"" et quiz pour diriger l'élève vers une consigne adaptée",11
2324,Créer un livret collaboratif à l'aide de l'ENT,11
2325,"""Classe inversée"" : s'informer à partir de différents supports numériques",11
2326,Éduquer aux médias,11
2327,Utilisation de réseaux sociaux en SVT,11
2328,M@gistère et visioconférence,11
2329,De l'eau gazeuse dans l'aquarium ?,9
2331,"M'T SVT, les SVT pour tous !",11
2333,Hyperbole et orthocentre,7
2334,"Dossier ""Cétacés""",11
2335,Simulation : Les familles de trois enfants,7
2339,Occupation des milieux et prévention de la Dengue,11
2341,La BRNE au secours de l'organisation d'une classe inversée,11
2343,L'explosion de la Montagne Pelée,11
2344,Risque de submersion?,11
2345,Place de la capsule vidéo,11
2347,Edugéo : les espaces ruraux au Sud d'Avignon,5
2349,La tectonique des plaques l'histoire d'un modèle,11
2350,Classe inversée en collège REP (1/4) : les objectifs.,11
2351,Classe inversée en collège REP (2/4) : les contraintes techniques.,11
2353,Classe inversée en collège REP (4/4) : Bilans et prospectives,11
2357,Classe inversée : dynamismes éruptifs - effusif explosif,11
2358,Comprendre l'action de la pilule,11
2359,Comprendre les mécanismes de régulation de la reproduction chez la femme,11
2360,Quand les élèves font la classe !,11
2362,Entrer dans le néolithique. Une tâche complexe.,5
2363,Découverte et application pédagogique du robot Lego Mindstorms EV3,13
2364,Dessine-moi la Lune !,9
2365,Les séismes avec Tactiléo,11
2366,Présentation du site Blendspace,11
2368,TP ANTIBIOGRAMME,11
2369,Jeu sérieux sur l'évolution,11
2371,L'escape game : un jeu sérieux pour changer des quizz de fin d'année,11
2372,Escape game en génétique,11
2374,Bibliothèque modeleur volumique,13
2375,La formation des mots : le dictionnaire imaginaire,3
2376,Réflexions sur la littérature de jeunesse.,3
2377,La photographie de presse ou la valise mexicaine,3
2379,Premier jeu avec Scratch,7
2380,Evaluation des groupes,13
2381,Scratch et réciproque du théorème de Pythagore ,7
2382,Habiter un espace de faible densité : Vraux (Marne),5
2384,Comment ouvrir et fermer un espace clos,13
2385,Edugeo : l'aire urbaine de reims,5
2386,Algorithmique débranchée au cycle 4 ,7
2387,"Edugéo : la gare de Champagne-Ardenne TGV, une plate-forme multimodale",5
2388,Utilisation du courrier électronique pour collecter des informations individuelles,7
2389,Conception et Fabrication Assistées par Ordinateur intégrées aux scénarios.,13
2390,Selfie vidéos,6
2392, Edugéo : l'aire urbaine de Toulouse,5
2393,Le fonctionnement du roller et les TIC au cycle d'adaptation,13
2394,Matériaux utilisés dans une Télécommande 4ème avec une vidéo du site.tv,13
2395,La périodisation avec Timeline JS,5
2397,Valorisation et gestion d'un milieu : le bassin d'Arcachon,5
2398,Les inondations de 2015 dans les Alpes-maritimes - Peut-on concilier valorisation et protection?,5
2400,Sarajevo 1992-1995 : un lieu,5
2401,comment construire un croquis de synthèse à partir d'un SIG ?,5
2402,Un espace de production industrielle : les Yvelines,5
2404,Une eau boueuse,9
2412,Conditions de visibilité des objets,9
2417,"Valeurs de la République, langues et production collective",6
2418,Une énigme à résoudre par chromatographie,9
2422,Le voyage de l'éléphant Abul Abbas en Méditerranée au IXe siècle : une histoire connectée,5
2423,Les Frontières,5
2425,les traces de la romanisation à Angers,5
2426,Découvrir la domotique,13
2428,Choisir des matériaux isolants,13
2429,Calcul avec Scratch,7
2430,Véhicule Solaire CI5,13
2431,La draisine (6ème),13
2432,Le passeur solaire (CI5),13
2433,Circuit électrique d'un lustre,9
2434,Salle de spectacle,13
2435,Le Tramway de demain,13
2436,L'extracteur d'eau,13
2437,Scratch et les coordonnées ,7
2439,Les ombres,9
2441,Projet Choc !,13
2442,Mini projet Tim Burton : Halloween,6
2444,Agencement 5ème,13
2447,L'ombre de la panthère,9
2449,Molécules simples en AR,9
2450,Unicité de l'intensité et adaptation,9
2451,Séparation du sel et du poivre,9
2456,Visualisation d'un faisceau lumineux,9
2459,Le débarquement du 6 juin 1944,5
2460,L'Afrique australe dans la mondialisation.,5
2461,Utilisation du courrier électronique pour travailler les points du D.N.B.,7
2462,Une émission de web radio par l'entrée culturelle,6
2463,Étudier l'aire urbaine de Lyon,5
2464,Civilisation et compréhension orale en FLE/FLS (1) : La région Provence Alpes Côte d’azur et ses différents festivals,3
2465,Filtres colorés,9
2467,L’amitié en question : construire une séquence en classe de 5e avec deux plans de travail ,3
2468,"L'émigration aux Etats-Unis (exemples, documents)",5
2469,Faites créer un avatar,6
2471,"Héraklès, un héros à toute épreuve !",4
2472,Volume et masse lors d'un changement d'état,9
2475,Utilisation du site de l'INSEE,5
2476,Diary of a Wimpy Kid - Jeff Kinney,6
2477,La mobilité et les échanges franco-allemands,6
2478,l' immigration,6
2479,Introduction à la lecture d'Andromaque,3
2480,Animation flash - le voltmètre - 4eme,9
2481,"Lire, écrire, publier à l'aide d'internet",3
2484,Initiation Scratch en Cycle 3 (ou début de cycle 4) ,7
2485,Achille en colère,4
2487,La Première Guerre mondiale : la vie des soldats d'hier à aujourd'hui à travers des films et des témoignages.,5
2488,La seconde guerre mondiale,5
2489,Tracer de caractéristique avec Excel - Loi d'Ohm,9
2490,Les échanges de marchandises avec Google Earth,5
2493,Comment réaliser un tableau d'avancement,9
2494,Livret interactif : l'empereur Auguste.,5
2496,La France dans le monde à partir de la Guyane,5
2497,"Tri des déchets au laboratoire, pour préserver l'environnement",9
2498,Introduire le programme d'histoire de 4e à travers l'œuvre de Claude-Nicolas Ledoux,5
2499,Travailler autour des acteurs et des enjeux de l'aménagement du territoire.,5
2500,Raid de nuit en VTT,9
2501,"""Société, culture et politique dans la France du XIXème siècle"" : pistes pour une approche pluridisciplinaire",5
2502,Séquencage de la partie mécanique 3ème,9
2503,Les mutations sociales de la Révolution Industrielle,5
2504,Le théâtre grec et les débats citoyens à Athènes,5
2505,EPI LCA : une exposition numérique collaborative sur la représentation du renard de l'Antiquité au Moyen-Âge,4
2506,Choix et fonctionnement d'un coupe circuit.,9
2509,Travailler la compétence « Raisonner » à partir « la Révolution française et l'Empire : nouvel ordre politique et société rév,5
2511,Pratiquer l'oral en Histoire-Géographie avec des outils nomades,5
2512,Concevoir une campagne citoyenne numérique Ecologistas / Humanos con derechos,6
2514,Créer un jeu de plateau mythologique,3
2516,Scipion : étudier Tite-Live grâce aux TICE,4
2517,"Didon, entre légende et Histoire",4
2518,Mascotas,6
2519,Electricité de troisième : histoire des sciences,9
2520,Participer à un festival autour des langues anciennes,4
2521,Scénarios pédagogiques pour la LELE,6
2528,Evolution de la surface de la banquise,11
2530,Séquence avec les TICE sur le mythe de l'âge d'or,4
2531,Internet en complément du cours de latin : exploration vécue de quelques sites au niveau collège,4
2532,Démarche d'investigation : fonctionnement de l'alternateur,9
2533,"Sequençage du programme de 3ème : Piles et ions, de Volta à la pile à combustible",9
2534,Comparer deux textes littéraires: La cigale et la fourmi de La Fontaine et La Cigale d’Anouilh.,3
2535,Boule de suif de Maupassant : l'argumentation dans le récit.,3
2536,Étude du lexique : « Motus » et « Mon mot préféré »,3
2537,Structure de la matière et courant électrique : evaluations (archive séquençage A 1.2).,9
2538,Élaborer un journal de voyage multimédia en 3e.,3
2539,Ordre de grandeur atome et noyau : (fichier puissance_10.ppt dans l'archive sources.zip),9
2540,Evaluation diagnostique sur l'utilisation de l'ampèremètre,9
2541,Réaliser une dilution (vidéo + questionnaire),9
2542,Réaliser un titrage (vidéo + questionnaire),9
2543,Apprentissage de la langue et sites internet,3
2544,Écriture collaborative en 3e : bâtir un plan argumentatif à l'aide d'une carte heuristique,3
2545,Module Première : traduction et morphologie verbale,4
2546,"Découverte d'un homme, d'un poète, d'une voix : René Char.",3
2547,BEATLEMANIA : A journey into the early successful years of the Beatles,6
2548,Le Japon dans l'imaginaire contemporain français : l'utilisation du padlet au service d'un travail en partenariat,3
2549,Suggestion de progression pour l'étude de la langue - Nouveaux programmes de 6e,3
2550,Faire de l'élève un sujet lecteur,3
2551,séquence pédagogique en espagnol Medio ambiente : fracasos y soluciones,6
2554,Chromatographie sur couche mince (simulation powerpoint),9
2556,Utiliser sa page publique Netvibes comme espace de travail numérique pour des élèves,3
2557,"Séquence transition collège-lycée, projet e-twinning : le portrait (Así soy yo)",6
2558,Rires féminins,3
2559,Différenciation par la structuration de la classe - Lecture de cartes à différentes échelles – La répartition de la richesse et de la pauvreté dans le monde ,5
2560,création d'un documentaire vidéo,3
2561,Double périodicité d'une onde transversale,9
2562,Titrage du diiode (animation powerpoint),9
2563,The Best of British,6
2564,Step into the imaginary world !,6
2565,Iconic urban settings / Architecture de villes emblématiques,6
2566,Du texte au textile : donner vie(s) au roman Le Rapport de Brodeck de Philippe Claudel,3
2567,Faire réaliser une vidéo pour la fête de l'Europe,6
2568,Une webradio en Creuse,3
2569,"Réflexions sur une intention, enrichir le vocabulaire des élèves",3
2570,Mesure de la distance Terre-lune (animation powerpoint),9
2571,S'approprier un recueil poétique en classe de Première,3
2573,Biodiversité Outre-Mer - Projet Arboretum des établissements scolaires,11
2574,Projet E.C.R.I.T : dispositif pour améliorer les pratiques d'écriture,3
2575,Mettre en place une bibliothèque numérique au lycée,3
2576,Progression pour l'acquisition des compétences de calcul adossées au travail sur les fonctions,7
2577,"Crée et publier  des séquences pédagogiques  avec Scénari , exemple Fairy Tales",6
2578,Les calendriers,9
2579,"Audio-Lingua, un nouvel outil pour l'entraînement à la compréhension de l'oral",6
2581,"Antigone, hors la loi",4
2582,The genius of invention,6
2583,Street art in urbanscapes,6
2584,Origine des noms des jours et des mois,9
2585,"Compréhension de l'oral , entraînement et évaluation",6
2586,Gérer un voyage scolaire via l'ENT,6
2588,Vocabulaire d'allemand pour le collège,6
2589,Walk or Bike to School Week : A Talk Show,6
2590,La réconciliation,6
2591,"Aspects of Britain, aspects of war",6
2592,Comment améliorer la structuration des informations en compréhension de l'oral ?,6
2593,Médiathèque du pôle de compétence SVT Rouen.,11
2594,¡ Soy distinto ! ¿ Y qué ?,6
2598,Describir,6
2599,Le soleil,9
2600,Comment et pourquoi l'écriture créative ?,6
2601,Exemple de scénario pédagogique LELE Espagnol,6
2602,Des tablettes en voyage scolaire : retour d'expérience,6
2603,"Webradio collège Maison Blanche, à Clamart",6
2604,Notions abordées en cours de chimie et situations de la vie courante en classe de seconde,9
2605,"Projet de poésie et de théâtre « Rilke-Rodin, confluences »",6
2606,Que faire d'une seule tablette en voyage scolaire ?,6
2607,Entrainement à la compréhension de l'oral : New Year's Resolutions,6
2609,Lecture suivie d'une version abrégée du roman Oliver Twist,6
2610,Une WebTV en espagnol,6
2611,Groupe Ressources 2015 : Créer du lien école primaire-collège,6
2612,A Police Report,6
2613,My Tips For A Healthy Life (TraAM 2013-2015),6
2614,Global Warming,6
2615,Write a cover letter!,6
2617,Création d'un club Web radio,6
2618,Avec la fonction exponentielle,7
2621,US Elections Webradio,6
2622,"Tutoriel ""Plikers"" pour réaliser des sondages et QCM",6
2623,Notions abordées en cours de physique et situations de la vie courante en classe de seconde,9
2624,hydrolyse des triglycérides par voie chimique,9
2625,"Les terrasses fermées pour les fumeurs, c'est fini !",9
2628,Les TPE avec l'ENT,7
2630,Fabrication d'un outil Learning Apps de correction d'une EC 2 par les élèves,10
2631,Notions abordées en cours de chimie et situations de la vie courante : Chimie,9
2632,CLONE-Molécules simples en AR,9
2633,Comparaison du comportement de diverses suites numériques,7
2634,Suite définie par une relation de récurrence (sujet011),7
2635,QCM au hasard,7
2636,Notions abordées en cours de physique et situations de la vie courante :  énergie électrique et  tensions alternatives,9
2637,Vol de pierres précieuses,7
2638,Tangentes communes à deux paraboles,7
2639,Triangles isocèles de périmètre donné,7
2640,Etude rapide du chômage,10
2643,Exemples d'utilisation du tableau numérique avec des logiciels de mathématiques,7
2644,"Le développement embryonnaire, sous le contrôle de gènes homéotiques, conduit à un plan d'organisation commun chez les vertébrés",11
2645,Un exercice interactif pour distinguer biens et services,10
2646,Notions abordées en cours de physique et situations de la vie courante : Gravitation et énergie mécanique,9
2647,Une idée de boîte à outils,7
2648,"Utiliser des vidéos de la chaîne ""Où est le Droit ?""",1
2650,"Exercices interactifs de physique, niveau seconde",9
2652,Coder un message,7
2653,Réalisation d'un u-tube,13
2657,Boîte : patron et volume,7
2658,Simulons avec le Grand-duc de Toscane,7
2659,Accompagnement personalisé en seconde et l'ENT au lycée,7
2660,Cahier de référence mutualisé,7
2661,Doubler / Commenter un extrait vidéo,6
2662,Le lave-linge,7
2663,Mr Léon et son mouton,7
2664,Comment rédiger un exercice de sciences physiques ?,9
2665,La réfraction de la lumière,9
2666,Créer des leçons interactives avec Classflow et permettre aux élèves d'interagir,6
2667,TraAM 2014-2015 - Maths - Groupe de l'académie de Rennes,7
2668,Vidéo - Le panier en or (problème ouvert),7
2669,Comment expliquer l'instabilité de la croissance économique ?,10
2670,Smartphone et déplacement,7
2674,Audio - Le jeu des 1000€ (problème ouvert),7
2677,Circuit RL,9
2679,Découverte de la formule de la longueur du cercle,7
2680,Lac de Paimpont,7
2681,Utiliser les boues du Cap  Vert en Seconde,11
2682,Consommation de CO2 lors de l'altération d'un carbonate de calcium,11
2683,Adresse GPS codée,7
2684,Utilisation en lycée d'un forum pour débattre et préparer un document,7
2685,Quelle place pour l'engagement physique dans la compréhension de l'oral ou comment comprendre pour agir ?,6
2686,La pollution par le pétrole,9
2687,Lois des tensions,9
2688,Escape Game 2019 : Mike is missing ! (Mike a disparu!),6
2689,Mais d'où viennent ces bulles ?,9
2690,Gestion de l'hétérogénéité des élèves et adolescence.,11
2692,Les Orchidées en Picardie.,11
2693,Anniversaires,7
2696,Aide par le biais d'un forum,7
2697,Somme des termes d'une suite,7
2698,La chute des corps selon Aristote et Galilée,9
2699,Suites arithmético-géométriques,7
2700,Présentation du logiciel d'animation scratch.,11
2701,Simulation en mécanique avec Interactive Physique,9
2702,Comment reconnaître la présence de certains ions ?,9
2704,protection sociale,10
2706,Sédiments de l'Atlantique Nord,11
2709,Utilisation de VSPEC pour étude spectroscopiquee,9
2710,Un audioguide pour découvrir le collège,7
2711,marche aléatoire en 2nde,7
2713,Le jardinier.,7
2714,Recherche de parenté moléculaire,11
2715,Situation complexe en Rugby Cycle 4 – Séquence N°1,2
2716,"De l'inégale intégration des territoires au contrôle des espaces maritimes, nouveaux enjeux géostratégiques",5
2717,L'aspirine,9
2718,La piscine,7
2719,Mise en évidence de la zone de fusion partielle dans les zones d'accrétion océanique,11
2720,"La métropolisation , un processus mondial différencié ",5
2724,"Etude de cas : Mumbai, entre modernité et inégalités",5
2725,Vidéo - Un journaliste parle de pourcentages,7
2726,Vidéo - Qui est droit ? La planche ou le mur ? (Problème ouvert),7
2727,Vidéos de sauts en parachute,9
2728,Vidéos de sauts en parachute,9
2729,Plan d'architecte,7
2730,Noms des éléments chimiques,9
2731,Les mouvements de la lune,9
2732,Capteur de pression,9
2733,Alhambra,7
2736,La socialisation à partir du film,10
2737,Titre*	Créer un journal « people » des dieux antiques à l'aide d'un traitement de texte en classe de 5ème,4
2738,Logiciel à vocation pédagogique simulant le fonctionnement d'un réseau,14
2739,Tableau d'avancement,9
2740,LIAISON STMG - IUT GEA,7
2741,Utiliser l'analyse géographique pour comprendre l'intervention française au Mali,5
2742,Algues vertes,10
2744,Les premières secondes d'un vol Ariane 5,9
2745,"Colloque National de Paris 2003, rénovation Bac STG",14
2746,Prendre la tangente,7
2747,mini-projets ',9
2748,Utiliser les entrées différentielles sur GTS2,9
2750,Contrôle social,10
2751,Un sanglier en vue...,9
2752,"La question de l'Altérité , du XVI au XX èmes siècles",3
2753,Questions Flash sur les fonctions ,7
2759,Fusion de l'eau,9
2761,PCDurée : logiciel de gestion en direct de course de durée,2
2762,Spectres d'étoiles,9
2763,L'oscilloscope - Document de TP à remplir,9
2765,Handball : (bilan stage FPC) Proposition d?une épopée scolaire de la 6ème à la terminale,2
2767,Une présentation du PIB et l'IDH,10
2768,Jeu du Pong,7
2770,Les débuts de la construction européenne,5
2771,cinématique,9
2774,Pédagogie de projet,10
2776,calculmole3,9
2777,Recherche en SVT,11
2778,"FLE, FLS - Écrire en s'amusant :",3
2779,Autres ressources pour travailler sur le terrain,11
2780,Les pages de l'inspecteur,11
2781,Comment se forment les prix sur un marché ?,10
2782,Mini projet Harry Potter : School and Magic,6
2783,L'eau,9
2785,Utilisation avancée du tableur OpenOffice,9
2786,un voilier zéro CO2,9
2787,Livre interactif de chimie,9
2788,"Le livre, hier, aujourd'hui, demain : de l'enquête à la réalisation d'un reportage multimédia",3
2789,Civilisation et compréhension orale en FLE/FLS (2) : Quelques lieux culturels importants en France,3
2790,Spots publicitaires: Comment les exploiter en Fle-Fls (1) - La publicité en faveur des grandes causes : la protection de l,3
2791,Moteur à courant continu,9
2792,Une classe mobile en sciences,9
2793,Choix d'un matériau d'isolation acoustique pour une habitation,13
2794,Mesures de la variation de pesanteur,9
2795,A. Volta,9
2797,Un élève en impesanteur  ; ses impressions,9
2798,La planète sous tension,1
2799,Accompagnement pédagogique d'une ressource numérique sur la création d'une force électromotrice induite,9
2801,Spots publicitaires : Comment les exploiter en Fle-Fls (2) : La publicité en faveur des grandes causes : la protection de,3
2802,La pile électrochimique,9
2803,Lire des contes africains avec des ENA : niveau A1 et A2,3
2804,Gestion des classes difficiles en Sciences Physiques,9
2805,Investigation : La fontaine lumineuse.,9
2807,"Energies cinétique, potentielle de pesanteur et interne",9
2808,"Étude de la langue: La proposition relative introduite par « qui » , en classe de 6e",3
2809,Résonance d'intensité d'un circuit RLC série,9
2810,Mesure de l'intensité,9
2811,La comparaison des échanges d'une cellule musculaire en activité ou au repos,11
2813,Tablettes au lycée,3
2815,Evaluer la performance de l'entreprise,10
2817,Bilan et Compte de résultat,10
2818,Il existe une boucle réflexe de contrôle de la fréquence cardiaque,11
2819,Travail autonome de remédiation sur la loi de Boyle Mariotte,9
2820,Quatre grandes conceptions de l'économie,10
2823,Détecteur à boucle inductive (MP),9
2824,Comment l'entreprise produit-elle ?,10
2825,Groupe social,10
2826,Les lois de l'intensité,9
2828,"Impliquer l’élève dans la lecture, du choix des textes à leur interprétation.",3
2832,effet Doppler - Taxi 2,9
2833,Sujet du concours général 2011,12
2834,AP 2nde : Recherche documentaire - L'atome,9
2836,TD sur le film The Navigators,10
2837,TICE : Présenter un travail de recherche avec Open Office,3
2838,Le pouvoir d'achat,10
2839,Diastase,11
2840,Comparatif d'espaces de travail collaboratif,9
2841,La recette de la pâte à spaghetti - cycle 4,9
2842,Représentation visuelle - plan de séances,9
2844,Le livre dans tous ses états,3
2845,Evaluation,10
2846,"Individu, individuation et identité.",11
2847,La planète sous tension,1
2848,ENERGY-ZEN : STRATEGIE ET POLITIQUE DE FINANCEMENT,14
2851,CLONE-Utilisation d'une base de données météorologiques en cycle 4,11
2852,Le tableur au service du calcul littéral,7
2854,Banque de sujets d'oraux en S.E.S. : sciences sociales et politiques,10
2855,Vision du monde et photorécepteurs de la rétine,11
2856,Être une femme à Rome : Le bonheur dans le mariage ?,4
2857,L'Épeire diadème,11
2858,Création de diagrammes géochimiques à l'aide du générateur de KML : Jamstec,11
2859,Principe de la cancérogénèse,12
2860,Du Texte à l’Histoire - Cheminements de l’œuvre vers son contexte,3
2861,Les régimes totalitaires,5
2862,Documents composites : quelle influence de l’image sur l’interprétation du texte ?,3
2863,"Utiliser les TICE pour monter une pièce de théâtre au collège : Ionesco, La Cantatrice chauve",3
2864,L'attaque des blobs !,11
2865,"Séquence niveau 3e : lire une œuvre intégrale, Claude Gueux, en amont et en aval",3
2866,TRAAM - Le yaourt,12
2867,Écrire une histoire interactive en 6e à l'aide du schéma narratif,3
2868,TraAM Bioinformatique : activités de recherche autour de la connexine 43,12
2869,Les TRAvaux Académiques Mutualisés 2009-2010,13
2870,L'origine des graines de plantes à fleurs,11
2871,"Une classe internationale, c'est la classe ! - Un projet de blog destiné aux élèves nouvellement arrivés en France.",3
2873,Comment les réseaux sociaux fonctionnent-ils ? Sociologie des réseaux de cancérologues,10
2874,Découvrir les organisations productives,10
2875,Projet Abri d'urgence,13
2876,Suite hongroise,7
2879,Documents composites : quelle influence de l’image sur l’interprétation du texte ?,3
2880,"Un questionnaire produit avec Google drive, portant sur les FTN, à partir de plusieurs vidéos",10
2881,"Un questionnaire produit avec Google drive, portant sur le PIB et la croissance en questions, à partir d'une video de l'INSEE",10
2884,Qui produit des richesses ?,10
2885,Situations déclenchantes,9
2886,"Un questionnaire produit avec Google drive, portant sur le marché des quotas d'émission, à partir d'une vidéo de la commission européenne",10
2888,Mots croisés - Quels sont les processus qui conduisent à la déviance ?,10
2889,Mots croisés - Comment mesurer le niveau de la délinquance ?,10
2890,Comment produire et combien produire ?,10
2891,Alcools 2.0 : créer un recueil poétique numérique,3
2892,Cours inversé -  Méthodologie - Épreuve composée - Mobilisation des connaissances,10
2895,Vidéo : Questions FLASH - Equations,7
2897,Cours inversé - Première - Sociologie générale et sociologie politique - Ordre politique et légitimation - Pourquoi un ordre politique ?,10
2898,Vademecum académique sur l'évaluation des épreuves écrites du bac,10
2900,la convergence lithosphérique se traduit par la disparition de la lithosphère océanique dans le manteau,11
2901,Une panne d'électricité au collège !,9
2902,Travail d'écriture collaborative,10
2903,"Tâche complexe,  Infection par des micro-organismes",11
2905,"Exercice (texte lacunaire) sur la lecture de taux de croissance (en % et en points de %), la distinction valeur / volume",10
2906,Netquiz Web - Monnaie et financement,10
2907,utiliser les fonctions de base de rastop en lycée.,11
2908,Cours inversé - Terminale - Comment les pouvoirs publics peuvent-ils contribuer à la justice sociale ? - Quelles conceptions de l'égalité dans les sociétés démocratiques ? (1/3),10
2909,Quelles sont les justifications du protectionnisme et ses limites ?,10
2910,L'introduction de la mouche bleue pour lutter contre la vigne marronne,13
2911,Mutualisation des pratiques mises en œuvre dans nos classes,10
2912,Ressources pédagogiques (liens) pour travailler l'oral,10
2913,Accompagnement pédagogique d'une ressource numérique sur la spectrophotométrie,9
2914,Détermination d'un indice de réfraction,9
2915,"S’informer, informer : les circuits de l’information",3
2916,Pratiques orales numériques autour de La Princesse de Clèves,3
2918,Modélisation d'une courbe de dosage pH-métrique.,12
2919,Evaluation et remédiation,9
2920,genes selecteurs,11
2921,Vidéo : Questions FLASH - Mesure des angles et inégalité triangulaire,7
2922,Présentation et utilisation du logiciel MVT,11
2923,Lire et interpréter un texte littéraire en 5e grâce à un environnement numérique,3
2924,TP virtuel de suivi cinétique par spectrophotométrie,9
2925,Accompagnement pédagogique d'une ressource numérique : la solidification de l'eau en classe de 5ème,9
2928,ONF - Partenaire pédagogique.,11
2930,Des tâches complexes utilisant les TICE de différentes manières ,7
2931,poids et masse,9
2932,"Respiration et occupation des milieux, cinquième",11
2933,utiliser la BDORTHO® 2004 avec le SIG fGIS.,11
2934,Immigration allemande aux Etats-Unis,6
2936,Utilisation d'un SIG pour cartographier les données épidémiologiques sur le SIDA,11
2937,Tectoglob.,11
2939,"caler, géoréférencer et redresser des images numériques avec Aerial Imagery Corrector.",11
2940,"Les cartes géologiques, entre le terrain et la classe",11
2942,Lithothèque Picardie.,11
2943,Reviviscence chez la mousse Tortula.,11
2944,mission métaux,9
2945,Neuroplasticité,11
2946,Rift.,11
2947,"Animation flash ""Génétique"" (mitose et méiose)",11
2948,Des ressources accompagnées pour le collège,9
2949,Le TNI : vers une étude facilitée des documents.,11
2950,Utiliser un baladeur multimédia en SVT,11
2951,La maîtrise de la langue au cours d'une séquence en Sciences de la Vie et de la Terre.,11
2955,Les sciences : les convergences Math / Physique-Chimie / SVT,11
2956,Utilisation du TBI en évaluation d'électricité,9
2958,Le monde perdu,11
2960,"faire d'une catastrophe, une étude de cas : le naufrage de l'Érika",5
2961,"Trip to London, take the Eurostar",6
2962,Le confinement nucléaire,9
2963,le socle commun de compétences et de connaissances : grille simplifiée pour la rentrée 2012,11
2964,4e - Démarche d'investigation - La masse d'un litre d'air,9
2966,"La contestation et son objet, aujourd'hui et hier",6
2967,"Le Sahara : ressources, acteurs, conflits",5
2968,"Modélisation ""Airy""",11
2970,ressources numériques en anglais de la revue Nature,11
2971,PROJET TRAAM : REFLEXION SUR LA CLASSE INVERSEE AU LYCEE,11
2972,Prise en main du logiciel Disaster center,11
2974,Situation complexe Badminton Cycle 3,2
2976,www.tpline.fr - Collège,13
2977,Beignets,7
2979,Projet Abris de bus,13
2980,Aménager un habitat.,13
2982,"""Ma feuille en a marre""",0
2983,Un repas européen au collège !,6
2984,Le podcasting : nouvelles pratiques,6
2985,Votre vision futur du monde,0
2988,4e - démarche d'investigation - Les deux types de lentilles,9
2989,3e - Démarche d'investigation - Les tensions continues et variables,9
2990,Polyptyques de smartphones,0
2994,La gestion de la diversité au sein des organisations,14
2995,EXIGE-INFOFI,14
2996,3e - Démarche d'investigation - La conduction des solutions - Alarme de piscine,9
2997,Tout est dans la présentation !,0
2998," Séance de différenciation par les contenus - Conquêtes, paix romaine et romanisation",5
3001,3e - Démarche d'investigation - La conduction des solutions - Testeur d'humidité,9
3004,Acrosport en 3ème (Application Androïd),2
3005,Le pantographe,7
3006,Tableau périodique des éléments,9
3007,Dilution d'un acide ou d'une base,9
3008,Entrer dans le nouveau programme d'histoire de 6è avec le numérique,5
3011,Aidez les Schtroumpfs à retrouver leur couleur,9
3012,Chute d'un objet du haut du mât d'un navire,9
3013,De l'évaluation à l'évaluation par compétences,9
3014,Héros hybrides,0
3015,le monument aux morts de Nantes,5
3016,Marée noire,9
3017,Situation complexe Rugby C3 Sequence 1,2
3022,le contournement Nord d'Angers : un exemple d'aménagement,5
3023,Instruments astronomiques,9
3024,Surface libre d'un liquide,9
3025,La représentation du roi du XIV au XVIe siècle,5
3027,Les alcanes au TBI,9
3029,intégrer une photo dans Google Earth avec un effet 3D,5
3031,3e - Evaluation par compétences - Tensions continues et alternatives,9
3032,Couleur et structure moléculaire,9
3034,Représentations de molécules organiques,9
3035,Lentilles,9
3036,Art et Scratch,7
3037,Réalisation d'une vidéo en Gestion en BTS Hôtellerie - TRAAM 2015-2016,14
3038,la Fox production courts métrages en pâte à modeler,0
3039,une petite compagnie de transport maritime dans la mondialisation,5
3040,Optique mon oeil !,9
3041,Une étude d'un PMA par les transferts de fonds,5
3042,Bouge ton corps,0
3043,Etiquettes de produits chimiques,9
3045,B2i et arts plastiques,0
3046,Smartphones interactifs,0
3047,"Paysage ""filtré""",0
3048,Le générateur basse fréquence,9
3049,Animations de cours et exercices interactifs sur l'oscilloscope.,9
3051,Groupes caractéristiques,9
3052,Satellite terrestre en orbite circulaire : comment le rendre géostationnaire ?,9
3053,Fichier permettant de dessiner des tensions alternatives personnalisées,9
3054,La gravitation : phénomène universel,9
3055,Schéma électrique d'un circuit en série,9
3056,Etudier des chansons en langue vivante,6
3057,Gravitation,9
3058,La place des sciences physiques au sein des 7 compétences,9
3059,3e - Evaluation par compétences - Piles électrochimiques,9
3060,"Combiner techniques traditionnelles et travail sur ordinateur aiderait-il à ""créer""?",0
3061,Étalonnage d'un capteur,9
3062,Structure de la matière,9
3063,L'eau du bain,9
3064,Étude du spectre d'une étoile,9
3065,DaCAPO,0
3066,La scintigraphie,9
3067,Cheval de Troie,0
3068,Vanité contemporaine,0
3069,Ma grenouille s'est échappée!,0
3070,"Ici, les poètes sentent chavirer leur tête...",0
3071,Libérez les images!,0
3073,L'image de la Guadeloupe,0
3074,Opération marron,0
3075,Proximité ou démesure?,0
3076,Regarder l'architecture,0
3077,Téléportez Adam et Eve,0
3079,Dissolution d'un solide,9
3080,Approches en spirale de la métamorphose,0
3081,Poétique de la banalité,0
3085,Du vinyle au format MP3,9
3086,Nature morte,0
3087,"""Les Ménines en représentation""",0
3089,Voir le murmure,0
3090,Une cuve d'acide chlorhydrique en fer ?,9
3091,Grilles pour remplir l'attestation de connaissances et compétences au collège,9
3092,Ce sera un portrait et ce sera artistique !,0
3095,Macros permettant de dessiner montages et verrerie de Chimie,9
3096,Faites-nous croire aux fantômes !,0
3097,Selfie-portrait,0
3098,Architecture: le vivant et l'artificiel,0
3099,Hors-champ,0
3100,Le temps d'un espace,0
3102,Mouvement Immobile,0
3103,Help,0
3104,Objet Photographié Non Identifié,0
3105,Ca bouge ou c'est zen?,0
3106,Destination inconnue,0
3107,Résolution de problèmes et démarche d'investigation,7
3108,Du bidonville au merveilleux...,0
3109,Dans la forêt mystère...,0
3110,Cote d'alerte!,0
3111,Réactualisation extrême!,0
3112,Le pouvoir de la nuit...,0
3117,Les figures féminines chez Zola,3
3118,Les figures féminines chez Zola,3
3119,Quizz sur la transformation chimique en Seconde,9
3120,programmes 2010 - Thème : Pratique du Sport - Forces et équilibres,9
3121,"Les compétences numériques répérées par niveau, Sites et logiciels à l'appui .",0
3122,la Chine et le monde depuis le « mouvement du 4 mai 1919 »,5
3123,élaborer un fiche méthode ou un protocole expérimental,9
3124,What a beautiful knight !,0
3125,"Volume, qualité des matériaux",0
3126,Fragments d'une architecture,0
3127,L'enfant et la rivière,0
3128,L'exposition idéale,0
3129,aménager un territoire proche: le tramway d'Angers,5
3130,Créer et animer un club lecture-écriture,3
3131,Confrontation du corps et de son ombre portée,0
3132,La transition,0
3133,Tests de connaissances sur la Lune,9
3134,Je veux être une machine,0
3135,Dressez le couvert !,0
3136,Contre des ombres,0
3137,"« Stable, Haut, Lumineux ! »",0
3138,« Portrait papier ! »,0
3139,« Ambiance ; 4 m2 ; tout est papier ! »,0
3140,Proposition de spirale : De la représentation à l'image animée,0
3141,"""Les douze travaux d'Héraclès""",0
3142,Construction/destruction,0
3143,Des idées et des matériaux,0
3144,Faites-nous peur !,0
3145,Rotoscopie,0
3146,Ma vieille chaussure,0
3147,Coworking au lycée,0
3149,Mon espace dans la classe,0
3150,Peinture sans trace,0
3151,"un tableur pour aborder le codage RVB des couleurs dans une image numérique, et la pixellisation",9
3152,Les villes suspendues,0
3153,Le dessin en train de se faire,0
3154,L'image de la réalité devient une réalité artistique,0
3155,"Du volume à la sculpture, de la sculpture à l'installation virtuelle",0
3156,L'AVATAR,0
3157,Le temps des images,0
3158,Sur le fil,0
3159,Images animées,0
3160,La référence en cours d'arts plastiques,0
3161,"Enseigner les arts plastiques, aujourd'hui",0
3162,La pratique en cours d'arts plastiques,0
3163,Autoévaluation du professeur d'arts plastiques,0
3164,Le mot projet en arts plastiques,0
3165,"Rôle et mission du professeur d'arts plastiques, rôle et mission de l'artiste",0
3166,« Créer » : une métacompétence ?,0
3167,"Image(s) -  Pour une éducation du regard transversale, pluridisciplinaire et disciplinaire",0
3168,Une ville à construire : cityscapes,0
3169,Images d'images,0
3171,Du lisible au visible,0
3172,"De l'écrit sur l'écran ""A propos de Nancy Crater"" David Vincent une oeuvre du FRACPACA",0
3173,Marcher/Créer,0
3174,Mais où est passée mon ombre ?,0
3175,Installez-vous dans le paysage,0
3176,Connecting people (ton portable te colle à la peau),0
3177,Quelques applications gratuites repérées sur appareils fonctionnant sous ANDROID pour une pratique numériqueTraAm,0
3178,Festival courts métrages COURS TOUJOURS,0
3179,Promenade photographique indexée dans une ressource de proximité.,0
3180,La tavoletta tactile,0
3181,Saynètes sonores,0
3182,L' effet Koulechov,0
3183,Contes numériques,0
3184,"Occuper son espace ""autrement"" en ayant une intention",0
3185,Problématiser l'espace avec son téléphone portable,0
3186,Les sixièmes font leur cinéma à table,0
3187,Dessiner avec des objets.,0
3188,Bande dessinée numérique.,0
3189,Portraits insolites,0
3190,Gestes du quotidien.,0
3191,Chorégraphie pour portable camera,0
3193,Face à de vrais tableaux /Face aux oeuvres sur internet,0
3194,J'y étais !,0
3195,Sans les mains,0
3196,Des images dans l'espace de la salle d'arts plastiques...,0
3197,Une séquence sonore à base de pictogrammes,0
3198,"4ème, un atelier ""Vidéographie et téléphone portable""",0
3199,Projet d'installation sonore...,0
3200,Le spectateur au coeur du son et des images,0
3201,Le son et l'espace font l'œuvre,0
3202,Son et espace : une relation artistique naturelle,0
3203,Du son à l'image ou l'image née du son.,0
3204,La Première Guerre mondiale : l'expérience combattante dans une guerre totale. Enquête à parttir d'un monument aux morts,5
3205,"Ma façade s'anime. Rythme, couleurs et sons.",0
3206,"« Qui suis-je, qui suis-je vraiment ? »",0
3207,Etre Nature,0
3208,L'étoffe de l'art,0
3209,L'expérience du lieu,0
3210,Objets en tout genre,0
3211,Waaouuu !!!,0
3212,Proposition de spirale au cycle 4 : l'écart,0
3213,"""De l'image à la matière""",0
3215,"«Je vois rouge, un peu, beaucoup, passionnément»",0
3216,« Ma matière à l'œuvre »,0
3217,Je suis une sculpture,0
3218,Tunes toi,0
3219,Une grammaire des images,0
3220,Tribute to Niki,0
3221,SUR-EXPOSITION,0
3222,Expo pirate au M.I.P. musée de la parfumerie Grasse,0
3223,Occupez le maximum d'espace,0
3224,Image picturale et image photographique,0
3225,La tortue avec Python,7
3226,Explosion,0
3227,"Les dispositifs de présentation, les statuts de l'objet, la ""plus value"" de l'objet artistique",0
3228,Espace perturbé par œuvre éphémère,0
3229,l'esprit du 21ème siècle,0
3230,Effets spéciaux,0
3231,Decorum au MAMVP,0
3232,Keith Haring au MAMVP et au CENTQUATRE,0
3233,Serge Poliakoff au MAMVP,0
3234,"""Des Images Aujourd'hui"" aux questions de cours",0
3235,Trompe-l'œil,0
3236,"Ombres inquiétantes, étrangeté...",0
3237,Un corps en apesanteur,0
3238,Aucune couleur n'est à sa place,0
3239,C'est mon clan,0
3240,La fille sans tête,0
3241,Projet D.SEGUIN,0
3242,PROJET PHOTOGRAPHIQUE 2014 - REFERENCE/PARODIE,0
3243,C3 La representation plastique et les dispositifs de présentation - Un mini-moi,0
3244,DRAWN MY LIFE,0
3245,« IL  FAUT  SAUVER   LA STATION  PROUVE ! »,0
3246,Les TRaAM 2014  de l'académie de NICE,0
3247,Insectes et petites bêtes,0
3248,"""Color invasion""",0
3249,Manipulation des images,0
3250,Réaliser une animation avec Windows Movie Maker,0
3251,Approche de l'oeuvre dans le cours d'Arts plastiques,0
3252,C3 Les fabrications et la relation entre l'objet et l'espace - Mouvement,0
3253,La référence dans le cours d'Arts plastiques,0
3254,L'oeuvre et le document,0
3255,TraAM 2012-13 : Réseaux sociaux et cyberespace,0
3256,"TraAM 2012-13 : ""Cet espace entre nous""",0
3257,C3 Les fabrications et la relation entre l'objet et l'espace - Narration et objet,0
3258,Relation figure / support,0
3259,Manuel du Néo-Professeur,0
3260,"Relief matière, relief couleur",0
3261,Maison molle,0
3262,Machine volante,0
3263,Photomontage,0
3264,L'espace et le corps,0
3266,Le carnet de voyage pour explorer le patrimoine local,0
3267,"""Les fresques de ma villa sont à refaire""",0
3268,LE « PROJET APOLLINAIRE » AU LYCEE APOLLINAIRE,0
3269,L'objet dans tout ses états,0
3270,Chut! Faîtes du bruit en Arts Plastiques...,0
3271,Hommage à un visionnaire,0
3272,Les Sept Mystères de l'Abbaye,0
3273,Des lunettes pour voir le monde autrement,0
3274,« Une histoire à coder … et à décoder ! »,0
3275,C3 Les fabrications et la relation entre l'objet et l'espace - Version XXL ou version XXS,0
3276,Contamination,0
3277,Voir son collège autrement,0
3278,Le géant,0
3279,"C4 L'oeuvre, l'espace, l'auteur, le spectateur - Corps et espace",0
3280,Moi émoi,0
3281,Objets sensibles,0
3282,Lumière !,0
3283,Peinture à toucher,0
3284,Un lieu habité,0
3285,Une sculpture pour un tableau,0
3286,vêtement-sculpture,0
3287,Un espace jamais vu,0
3288,Réussir une photo ratée,0
3289,Récit Abstraction Mouvement,0
3290,"Aux téléphones,collégiens !",0
3291,Lumière !,0
3292,Mon autoportrait en dix secondes de vidéo,0
3293,"Un pour tous, tous pour un",0
3294,"Passage, d'un espace à l'autre",0
3295,Je suis une sculpture,0
3296,le papier journal devient votre sujet-support,0
3297,Une oeuvre au goût du jour,0
3298,C3 La représentation plastique et les dispositifs de présentation - Transformer l'image,0
3299,Mon architecture,0
3300,Des tableaux prèts à porter...,0
3301,"""l'instant d'après""",0
3302,Tenue Contrainte exigée,0
3304,Matière à projeter,0
3305,Votre nom : Pygmalion,0
3307,Une (trop) petite place dans le cadre,0
3308,"Flaubert : Brouillons de Madame Bovary (l'éducation d'Emma I,6)",3
3309,La verbalisation en arts plastiques,0
3310,VOYAGE AU CŒUR DE LA SALLE D'ARTS PLASTIQUES,0
3311,"Les réseaux sociaux, définitions, usages …",0
3312,Les réseaux sociaux pour amener les élèves à passer d'un rôle de consommateur à un rôle actif et responsable sur le net.,0
3313,La mélancolie du flamboyant,0
3314,"""L'Œil des Hautes Vignes / Un carnet de bord numérique pour les Arts Plastiques""",0
3315,"""Une année d'expérimentation d'une page Facebook par une enseignante de collège"", collège Arthur Rhimbaud de Belfort""",0
3316,Bilan après deux années d'expériences menées sur une page Facebook en lien avec les arts plastiques au sein d'un collège,0
3317,"Deux pages Facebook, pour encourager le partage professionnel entre enseignants d'arts plastiques",0
3318,Les réseaux sociaux et les familles,0
3319,Les réseaux sociaux comme supports à l'Éducation aux Médias et à l'Information (EMI),0
3320,Comment aborder différents points du programme d'arts plastiques du cycle 4 en lien avec les réseaux sociaux,0
3321,Les réseaux sociaux pour faciliter un travail collectif entre les enseignants d'arts plastiques ?,0
3322,Je suis une célébrité!,0
3323,Bigidi mais pas tombé!,0
3324,TRaAM 2016 : Geste digital et robot,0
3325,TRaAM 2016 Geste digital bibliographie,0
3326,TRaAM 2016 Geste digital et identité,0
3327,TRaAM 2016 Geste digital et langage,0
3328,TRaAM 2016 : Geste digital et temps,0
3329,TRaAM 2016 : Geste digital et temporalité,0
3330,C3 La représentation plastique et les dispositifs de présentation - Faire vrai,0
3331,"C4 L'oeuvre, l'espace, l'auteur, le spectateur - Révéler le lieu",0
3332,"C4 La matérialité de l'oeuvre, l'objet et l'oeuvre - Matérialité, objet et oeuvre",0
3333,"C4 La représentation, images, réalité et fiction - Je suis dans l'image (Progression 3 niveaux)",0
3334,"C4 La représentation, images, réalité et fiction - Une image à manger, Un festin artistique",0
3335,Rendre le mouvement visible,0
3336,C'est quoi ça ? (collage d'images d'objets),0
3337,Dessin animé,0
3338,TraAM 2016-2017 Comment présenter sa pratique? partie 2,0
3339,In situ,0
3340,Portfolio Numérique  Instagram et images Interactives cycle 4,0
3341,Portfolio numérique et la dimension partenariale,0
3342,A la croisée des chemins,0
3343,"""Deux couleurs se rencontrent...Que se passe-t-il ?""",0
3344,Une machine (De l'image scientifique à l'image artistique),0
3345,"Un espace labyrinthique pour mon monstre, une relecture du mythe du Minotaure.",0
3346,TraAM 2016-2017 Rennes Comment voyage-t-on?,0
3347,"""Machin, machines""",0
3348,Objet + lieu = effet d'échelle,0
3349,Il se passe quelque chose,0
3350,"Composer entre ""je"" et ""nous""",1
3351,Stevia: un nouvel édulcorant naturel,12
3352,La surprise du chef... d'oeuvre,0
3353,Une scultpture lumineuse,0
3354,Cadavre exquis,0
3355,Lumière !,0
3356,Je ne suis pas qu'une image,0
3357,Quelques logiciels et animations pour le programme de Seconde,9
3358,Une action artistique par jour pendant 21 jours,0
3359,Dé-Paysage,0
3360,Changer de point de vue,0
3361,L'ART en CLASSELAB compte rendu de l'expérimentation,0
3362,Programme d'enseignement  de biotechnologie en STL et de BPH en ST2S,12
3363,Un paysage dans la nuit,0
3364,Bouge ton corps,0
3365,Burlesque,0
3366,Découverte et création d'anamorphose,0
3367,Droits et libertés,0
3368,Galerie,0
3369,Des sportifs dans l'effort,9
3370,Jardins à la Française,0
3371,Figaro,0
3372,Parcours muséal,0
3373,"La figure du héros, pourfendeur de montres",0
3374,TraAM 2016-2017 Futurama première spécialité,0
3375,Transformer l'espace,0
3376,"Synthèse TraAM 2016-2018 Le numérique, outil pour une pratique actuelle en arts plastiques",0
3377,Progressivité lycée Arts plastiques et Architecture : la plasticité de la ruine,0
3378,TraAM 2016-2017 Rennes Reproduction et dématérialisation de l'oeuvre d'art,0
3379,TraAM 2016-2017 Comment présenter sa pratique? partie 1,0
3380,Aspects et thèmes du romantisme,3
3381,C'est l'ALU !,0
3382,"Peinture, outils et gestes",0
3383,Germinal : étude du titre,3
3384,Concours poétique en collège,3
3385,L'objet change de peau et il nous surprend,0
3386,Parasites intestinaux - helmintes,12
3387,Réduire les stéréotypes en fumée,0
3388,I WANT TO BELIEVE,0
3389,Des affiches pour sensibiliser au problème du handicap dans l'espace public,0
3390,Changer le sens de cette image,0
3391,Les degrés de l'adjectif: le comparatif - travail en lien avec une séquence sur Le Roman de Renart- classes de 5e,3
3392,"""Mon point de vue""",0
3393,Étude lexicale avec les dictionnaires en ligne dans le cadre d'une œuvre,3
3394,La dissection de la souris,12
3395,Logiciels reconnus d'intérêt pédagogique en biotechnologies-ST2S,12
3397,Mutualisation des pratiques pédagogiques - EDE Biotechnologies,12
3398,Sujets de concours Agrégation de biochimie et Capet biotechnologie,12
3399,Biochimie,12
3400,Sti - Biotechnologies Paris,12
3401,Préparer la dissertation littéraire,3
3402,Gréco /Courbet: étude comparative,3
3403,Faire lire et écrire avec les Tice,3
3404,Analyses en ligne d'électrophorèses,12
3405,Du lait au yaourt,9
3406,La peinture au XV ème siècle,9
3407,Biosynthèse du peptidoglycane,12
3408,Programmes des enseignements d'exploration de 2nde,12
3409,Enrichir un texte en utilisant des compléments circonstanciels de manière et de temps en classe de 5°,3
3410,Étude de la langue: la subordonnée conjonctive objet - classes de 5e,3
3411,Le Lion de Kessel,3
3412,Conducteurs ou isolants?,9
3413,Exercices de révision de biologie humaine,12
3414,Une ressource pour l'ETLV : projet européen Comenius Innovative Methods in Life Science,12
3415,Pack hygiène et réglementation microbiologique,12
3416,Câblage de circuits électriques,9
3417,Exercices de terminologie médicale,12
3418,La démarche de prévention,12
3419,Comment évaluer les compétences dans l’enseignement à distance?,5
3420,Progressions - Les matérieux et les molécules dans le sport,9
3421,L'univers - Progression pour la classe de seconde,9
3422,Vidéo sur l'isolement sur gélose en boite de Pétri,12
3423,Entraînements de sportifs,9
3424,Fabrication d'une pile électrochimique,9
3425,"Comment réaliser une ""IMAGE 3D"" ?",9
3426,Vidéo sur la réalisation d'un frottis fixé à l'alcool,12
3428,La rage de dent,9
3429,Établissement d'un diagnostic médical,9
3430,conversion d'énergie au cours d'une chute,9
3431,L'HPLC - Principe et appareillage,12
3432,BiotechOnLine,12
3433,Histologie des poumons,12
3434,Schéma récapitulatif métabolisme,12
3435,Les glucides,12
3436,Les émulsions,12
3437,exercice poids,9
3438,La mise au point d'un médicament,12
3439,Etiquetage des produits chimiques,12
3440,Découvrir le Sketchnote en AP 6ème,3
3441,représentation de molécules à l'aide du logiciel Avogadro,9
3442,volume,9
3443,découverte des modèles atomiques,9
3444,Nouvelles technologies de décontamination,12
3445,la bombe méthane,9
3446,La mécanique des satellites géostationnaires,9
3447,Mise au point d'une séparation par HPLC,12
3448,Présentation du baccalauréat STL-Biotechnologies,12
3449,Diaporama d'enzymologie,12
3450,Du thermomètre… au graphique,9
3451,Comprendre la fréquence,9
3452,Cycle de l'eau et changements d'états,9
3453,Maîtriser les vecteurs forces,9
3454,Urgences au,9
3455,Quels sont les ions contenus dans une solution d'acide chlorhydrique ?,9
3456,La colonne de Winogradsky,12
3457,Les milieux de culture en Microbiologie,12
3458,Les tests utilisés en Microbiologie,12
3459,TP - Etude des lipides,12
3460,Tableau comparatif des techniques chromatographiques selon le type d'interarction soluté / phase stationnaire,12
3461,Introduction à la microbiologie,12
3462,Frottis vaginaux colorés au Gram,12
3463,http://sciences-physiques.ac-dijon.fr/documents/lycee/activites/2MPS_SL_STLvision_pano/vision_pano.php,9
3464,Système de séparation d'acides aminés par chromatographie échangeuse d'ions,12
3465,Ionisation des acides aminés,12
3466,Principe séparation acides aminés par chromatographie échangeuse  d'ions,12
3467,Cours de cinétique enzymatique,12
3468,Évaluations sur le thème de la santé et du diagnostic médical,9
3469,Etude sur le chocolat,12
3470,LOCI :  Luminescent Oxygen Channeling Immunoassay,12
3471,La chimie de la contrebande du sel,9
3472,Apport de l'étude des caractères antigéniques à l'identification des bactéries,12
3473,Schéma général d'une analyse bactériologique qualitative (image GIF),12
3475,Schéma général d'une analyse bactériologique quantitative (image GIF),12
3476,Fiche d'identification des Micrococcus (image JPEG),12
3478,Sélectrion ou screening d'une souche productrice d'antibiotique : screening primaire (image JPEG),12
3479,Sélection ou screening d'une souche productrice d'antibiotique : screening secondaire (image JPEG),12
3480,Identification de Staphylococcus (image JPEG),12
3482,Démarche d'isolement et identification d'un Streptococcus béta-hémolytique (image JPEG),12
3483,Démarche d'isolement et d'identification d'un Streptococcus et d'un Enterococcus (image GIF),12
3484,L'outil PREZI,12
3485,Sonde spatiale et assistance gravitationnelle,9
3486,Démarche d'investigation sur les métaux,9
3487,Activité sur les signaux périodiques,9
3488,Diaporamas sur le thème de l'Univers,9
3489,Un  TP sur l'oscilloscope utilisant le logiciel Oscillo,9
3491,Mathématicien mystère,7
3492,Un TP sur la réfraction et la réflexion des ondes lumineuses illustrant la fibroscopie,9
3493,Un TP basé sur l'activité Belin concernant le noyau atomique illustrant la scintigraphie.,9
3494,La chromatographie d'exclusion-diffusion (tamisage moléculaire),12
3495,Progression pour le nouveau programme de 1L-ES,9
3496,TP - Numération cellulaire,12
3497,Ecotrail ®,9
3498,Circuits d'éclairage d'une voiture et d'un scooter,9
3499,Ça roule !,9
3500,Initiation à la microscopie optique,12
3501,Le test FCR sur protoplastes,12
3502,Le système solaire revisité,9
3503,Avec ou sans eau ?,9
3504,La pompe Na-K,12
3505,Produire un journal avec Madmagz,12
3506,L'osmose,12
3507,"Le paludisme, cycle animé",12
3508,Les mystères de la combustion de la bougie,9
3510,Centrifugation en gradient de saccharose,12
3511,la centrifugation isopycnique,12
3512,L'infusion de Foin : Observations microscopiques,12
3513,Image en immunofluorescence : noyau et réseau de microtubules dans des cellules embryonnaires animales,12
3514,La cellule végétale en microscopie optique,12
3515,Habiter le littoral touristique de Saint-Gilles les Bains,5
3516,S'autoévaluer avec learning apps,12
3517,Rassembler des données collaboratives avec Pearltrees,12
3518,travailler sur l'erreur avec Plickers,12
3519,Créer une capsule vidéo avec Tellagami,12
3520,Un monde de migrants : Mayotte,5
3521,Vous avez dit effet de serre !,9
3522,"La croissance démographique et ses effets : études de cas sur "" la Chine un géant démographique "" et  ""La croissance démographique au Mali""",5
3523,Effectuer un travail collaboratif,12
3524,QCM d'autoévaluation sur le milieu de Kligler-Hajna,12
3525,Soldat du feu,9
3526,Comment fonctionne une antenne parabolique ?,7
3527,Panne de noël !,9
3528,Quiz au collège,9
3529,Cycle de multiplication de Chlamydia trachomatis,12
3530,Besoin de lunettes ?,9
3531,A new fuel for space shuttle ?,9
3532,QCM sur les mycètes au laboratoire d'analyses médicales,12
3537,"Du savon, c'est chimique !",9
3538,Les experts mènent l'enquête,9
3539,Mais qui en veut à Lucienne Braconnier ?,9
3540,Miss Nochance,9
3541,Spectrophotométrie d'absorption moléculaire,12
3542,"Raclette party, tout saute !",9
3543,Un accident de parcours,9
3544,Les malheurs de Sophie,9
3545,A l'insu de mon plein gré !,9
3546,Les mycobactéries,12
3547,Il faut aider Raphaël,9
3548,Vous avez dit isotonique !?,9
3549,Quand l'estomac n'en peut plus !,9
3550,Les espaces productifs : le tourisme à La Réunion,5
3552,De l'eau de Mars ?,9
3553,Spectrophotométrie d'absorption atomique,12
3554,Spectrophotométrie par émission moléculaire,12
3555,Spectrophotométrie par émission atomique,12
3556,Du liquide physiologique,9
3557,C'est la rentrée ... Testez votre forme !!!,9
3558,"TP - Dissection ""virtuelle"" de la souris",12
3559,Progression pour la nouvelle classe de 1ère S,9
3560,Leçon sur les sources de lumière colorées du nouveau programme de 1ère S,9
3561,QCM sur les acides gras,12
3562,Document sur les vitamines,12
3563,TD sur la cinétique enzymatique (calcul Vm et Km),12
3564,Un métier : technicien lumière. Ressource pour le nouveau programme de 1ère S.,9
3565,L'hémoculture,12
3566,La Leucémie Myéloïde Chronique (LMC),12
3567,Fiche sur les caractéristiques des immunoglobulines humaines,12
3568,Les principaux Fc Receptors (FcR),12
3569,Utiliser la vidéo-projection et le TBI pour un retour réflexif sur les copies des élèves (Seconde),3
3570,Immunoglobulines intraveineuses en thérapeutique,12
3571,Fiche sur les anémies macrocytaires : carences en vitamine B12 et carences en acide folique,12
3572,Habiter un cirque à La Réunion,5
3573,Fiche sur le complément,12
3574,Activité sur la loi de Wien (et sa correction) du nouveau programme de 1ère S.,9
3575,Action des rayonnements UV sur la bactérie Serratia marcescens,12
3576,Les compartiments liquidiens,12
3577,TP sur l'appareil photographique. Nouveau programme de 1ère S.,9
3578,Diagnostic biologique des pathologies génétiques de l'hémoglobine,12
3579,Classification des thalassémies,12
3580,Les couleurs par la démarche d'investigation. Nouveau programme de 1ère S.,9
3581,Les lipoprotéines,12
3582,Le cholestérol,12
3583,Les triglycérides,12
3584,Tutoriel du logiciel TotalChrom (Perkin Elmer),12
3585,"L'énergie chimique dans l'habitat :  nouvelle classe de 1ère STI2D : Cours, exercices, activités, TP",9
3586,Comment réaliser un SCANNER 3D ?,9
3587,Mouvement d'une amibe,12
3588,Mouvements d'un cilié.,12
3589,Evolution du trait de côte,9
3590,Mouvement d'un protozoaire flagellé.,12
3591,Utilisation du logiciel Rastop.,12
3592,Jeu des sept familles autour de l'énergie,9
3593,La lecture du milieu de Falkow.,12
3594,Darwin à Versailles,11
3595,Mesure -Instrumentation / Métrologie,12
3597,Sciences et investigations policières,9
3598,La zone aérobie d'un tube de milieu viande-foie.,12
3599,La synthèse soustractive,9
3600,Le milieu RAT,12
3601,"regard sur un aménagement structurant en Afrique de l'Ouest : le port de Lomé, au Togo",5
3602,Matrice d'identification bactérienne.,12
3603,La synthèse additive,9
3604,Tables de Mac Grady,12
3605,Annales du BTS Biochimiste.,12
3606,Annales du DTS IMRT,12
3607,cinétique enzymatique,12
3608,Travaux pratiques d'Immunologie,12
3609,présentation de l'estomac,12
3610,L'inhibition par excès de substrat.,12
3611,TP sur la dialyse.,12
3612,L'ADN et sa réplication.,12
3613,Fonctions rénales.,12
3614,synthèse additive des couleurs,9
3615,Les transports ioniques,12
3616,Introduction à la terminologie médicale.,12
3617,"Thème ""Police scientifique"" en MPS",9
3618,Exerciseur sur les béta-lactamines (antibiotiques),12
3619,Phénotype de résistance des entérobactéries aux béta-lactamines,12
3620,Réactions de fixation du complément,12
3621,La chaîne respiratoire,12
3622,Fonctionnement des protéine G,12
3623,la réplication de l'ADN,12
3624,Réplication semi conservative de l'ADN,12
3625,Le principe de la PCR,12
3626,2 modèles d'agitation en fermenteur,12
3627,Fermentation virtuelle,12
3628,Formule leucocytaire virtuelle,12
3629,Frottis sanguin,12
3630,Erythropoïèse,12
3631,Granulopoïèse,12
3632,Thrombopoïèse,12
3633,Quizz sang normal n°1,12
3634,Quizz sang normal n°2,12
3635,Quizz moelle osseuse,12
3636,Cellules sanguines normales,12
3637,Quizz sang normal n°3,12
3638,Quizz moelle osseuse n°2,12
3639,Organiser un débat scientifique sur les vaccins,1
3640,Abdomen en coupe,12
3641,Reconstruction 3D de l'abdomen,12
3642,Image d'un scanner de la face,12
3643,TraAM: Enseignement par les pairs en BTS ABM,12
3644,Escape game - reproduction,12
3645,TD d'immunologie n°1 - documents élèves.,12
3646,TD d'immunologie n°1 - documents professeur.,12
3647,Schéma général de la réponse immunitaire à compléter,12
3648,Schéma général de la réponse immunitaire - document corrigé,12
3649,Les anticorps monoclonaux,12
3650,L'ELISA,12
3651,Frottis de yaourt coloré par la méthode de Gram,12
3652,Le mystère des calculs réneaux enfin résolu ?,9
3653,Frottis coloré par la méthode de Gram,12
3654,Frottis coloré par la méthode de Gram,12
3655,Structures fructifères de pénicillium (1),12
3657,From Stonehenge to Paris,6
3658,"Parasitologie en images (Taenia, Ascaris, Anguillule, Hymenolepis)",12
3659,Apprendre en s'amusant grâce à LearningApps,6
3664,TRAAM - Les bioréacteurs,12
3665,Le squelette en seconde,12
3666,Antibiogrammes en images,12
3667,Colonies en images,12
3668,Isolements bactériens en images,12
3669,Un problème d'optimisation,7
3670,Galerie d'images pour galerie API 20 E,12
3671,Dessiner l'alanine avec Chemsketch,12
3672,Mise en évidence des bêta-lactamases simples,12
3673,Protocole de réalisation d'un antibiogramme,12
3674,Design des amorces,12
3675,TRAAM - La régression linéaire en Biochimie,12
3676,"Plaques de numération ""Pétrifilm""",12
3677,Bactéries et virus,12
3678,Logiciels de bioinformatique. Traitements des séquences,12
3679,Etude morphologique et anatomique du coeur de mouton après dissection,12
3680,Principales étapes de l'étude cytobactériologique des urines (ECBU),12
3681,Les grandeurs étudiées en électricité,9
3682,Relation entre les propriétés géométriques de la liaison peptidique et ses contraintes aux structures,9
3683,La curcumine,9
3684,La statue de la liberté,9
3685,les saisons,9
3686,Principales étapes de l'étude cytobactériologique des selles : Coproculture,12
3687,MESURER DES LONGUEURS AVEC DES FRACTIONS SIMPLES,7
3688,phases de la Lune,9
3689,le microscope numérique USB pour l'étude de la couleur en 1ère S et en 1ère STL  mis à jour le 26/09/2011,9
3690,bilan tension alternative,9
3691,Biotechmind,12
3692,Construction d'un graphique,12
3693,Utilisation du microscope photonique,12
3694,puissance électrique,9
3695,éclipses,9
3696,gestion de l'énergie dans l'habitat,9
3697,Management de la performance : des concepts aux outils,14
3698,lois du courant et compte rendu,9
3699,comment mesurer la performance d'Usain Bolt ?,9
3700,Qu'est-ce qui prend le plus de place ?,9
3701,alerte aux faux médicaments,9
3702,identification de médicaments par CCM,9
3703,Identification de métaux,9
3704,crime et pH,9
3705,utiliser Google Earth pour se repérer et faire des mesures en MPS,9
3706,Chargement d'un navire de marchandises,9
3707,calcul d'énergie cinétique,9
3708,La digestion de l'amidon,12
3709,Trichomonas vaginalis (frottis coloré au MGG),12
3710,Galerie de photographies de parasites,12
3711,mesure de la capacité thermique massique de la brique,9
3713,Détecteur d'eau,9
3714,Régulation du métabolisme glucidique,12
3715,vitesses et accélérations,9
3716,un appareil photo est-il nécessaire pour réaliser une image photographique ?,9
3717,Antibiogramme des Staphylococcus aureus et non aureus - Mise à jour 09/2016,12
3718,Antibiogramme des Streptococcus et Enterococcus,12
3719,"L'air qui nous entoure : Hier, aujourd'hui... et demain ?",9
3720,Schéma intéractif de rein à légender,12
3721,Évaluer par compétences en Seconde,9
3722,puissances de dix,9
3723,utiliser le multimètre,9
3725,l'étude de la loi d'Ohm,9
3726,écriture et lecture d'un CD,9
3727,à la découverte des ondes,9
3728,Introduction à la structure des protéines,12
3729,absorption hydrominérale intestinale,12
3730,Les mycètes,12
3731,Termes utilisés en physiologie et physiopathologie,12
3732,Présentations sur la physiologie digestive,12
3733,L'excrétion rénale,12
3734,L'outil FriseChronos,12
3735,"diesel ou biodiesel, un problème de santé publique",9
3736,Lutte contre une espèce invasive (le corbeau noir) et protection des espèces endémiques,13
3737,L'outil Framindmap,12
3738,protocoles de TP : Biochimie et nutrition,12
3739,Présentation des cellules sanguines,12
3740,TP effet Doppler et microphone,9
3741,"« Mutation », un jeu sérieux au service de l'apprentissage du code génétique",12
3742,Infections nosocomiales,12
3743,Acceptabilité et expression des résultats expérimentaux,12
3746,TRAAM - Mycologie,12
3748,Défis Liaison CM2 - 6ème,6
3750,Scénario pédagogique TRAAM Techniques immunoenzymatiques,12
3751,Atelier FIG 2019 : Présenter l'itinéraire d'une famille de migrants avec une narration multimédia,5
3752,scénario pédagogique TRAAM Nutrition,12
3753,Les plasmides (scenarii TRAAM),12
3754,L'outil EVERNOTE,12
3755,Production de pigments par les Pseudomonas,12
3756,Taxonomie du genre Pseudomonas et apparentés.,12
3757,Escherichia coli (1),12
3758,Vibrio cholerae,12
3759,Vibrio et apparentés (1),12
3760,Vibrio et apparentés (2),12
3761,Banque d'images de Microbiologie,12
3762,TRAAM - Diagnostic de l'infection par le VIH,12
3764,Production de GFP par E Coli,12
3765,Bioinformatique et GFP,12
3766,les recettes d'une chimie verte,9
3767,"la catalyse, pilier de la chimie verte",9
3769,Tuberculose,12
3770,approche de l'effet Doppler,9
3771,Bibliographie pour l'enseignement technologique en anglais,12
3772,Utilisation du tableau blanc interactif,12
3774,de l'ADN à la protéine,12
3775,Le cycle cellulaire et la mitose,12
3776,Favoriser l'apprentissage en autonomie avec S@fire - Usages innovant de la vidéo - TraAM 2015-2016,14
3777,Création d'articles dans l'encyclopédie libre Wikipédia,12
3778,tables de composition des aliments et des produits diététiques,12
3779,spectres infrarouge et RMN,9
3780,TRAAM - Le diagramme des causes à effets appliqué à la pesée,12
3781,spectre RMN (analyse spectrale),9
3782,TRAAM - La verrerie de laboratoire,12
3783,L'information génétique,12
3784,L'électrophorese,12
3785,TRAAM La gestion de projet avec un diagramme de Gantt,12
3786,TRAAM Rédaction d'une enquête en AID (ST2S),12
3787,TRAAM Exploration Fonctionnelle Respiratoire,12
3788,TRAAM Utilisation du microscope binoculaire,12
3789,TRAAM Activité TICE en Anglais,12
3790,TRAAM L'Antibiogramme : méthode normée et standardisée,12
3792,TRAAM Méthanisation,12
3793,spectre infrarouge (analyse spectrale),9
3794,la regulation de la glycémie,12
3795,etude du sang,12
3796,Différencier à l'écrit en anglais avec le numérique,6
3797,couplage RMN,9
3798,TRAAM - La spectrophotométrie Niv 2,12
3799,Classe inversée et usage de la vidéo en Management (BTS) - TRAAM 2015-2016,14
3800,chiralité des acides alpha-aminés,9
3801,"biomolécules identiques, énantiomères ou diastéréoisomères ?",9
3802,TRAAM Un exemple de TMS : le syndrome du canal carpien,12
3804,TRAAM  Réalisation d'un schéma décisionnel en génétique,12
3805,approche historique de la chiralité,9
3806,transformations chimiques autour des acides aminés,9
3807,"L'ancêtre d'Anatole, une enquête à partir du livre ""la marraine de guerre"" (Catherine Cuenca)",3
3808,structure et transformation de la matière - exercices,9
3809,L'usage de vidéos interactives en Economie-Droit en BAC PRO Tertiaire (TRAAM 2015-2016),14
3810,propriétés biologiques des stéréoisomères,9
3811,les propriétés des diastéréoisomères,9
3812,Des bonbons au laboratoire,12
3813,détecteurs d'ondes : photodiode,9
3814,utilisation d'Audacity en analyse spectrale,9
3815,Ressources théoriques et AT pour la classe de T STL biotechnologies,12
3816,Ressources théoriques et AT pour la classe de première STL biotechnologies,12
3817,Initiation à la bioinformatique,12
3818,De l'arôme de Roquefort au laboratoire !,12
3819,"La bière : de la théorie, à la sélection des levains et à la production au laboratoire",12
3820,Plate forme technologique N2S : Normandie Sécurité Sanitaire,12
3821,TraAM Démarche d'analyse des risques en biotechnologies : utilisation des sites 3RB et INRS,12
3822,TraAM Bioinformatique: alignements de séquences,12
3828,TP interférences CD et DVD,9
3830,TP diffraction,9
3831,Tutoriel Powtoon,12
3833,propagation d'une onde : retard et célérité,9
3834,TRAAM - Elaboration d'un diaporama de présentation,12
3835,"Photographie : ouverture, focale, vitesse",9
3836,interférences des ondes lumineuses,9
3837,effet Doppler et klaxon de voiture,9
3838,relativité restreinte,9
3839,transformations chimiques,9
3841,Préparation de solutions par dissolution,9
3842,Rayonnement et énergie,9
3843,Transporter et stocker l'information,9
3844,"TRAAM Domaine 1 B2I : Travailler dans un environnement numérique évolutif, avec Didapage",12
3845,"TRAAM Domaine 2 B2I : Être Responsable, avec Didapage",12
3847,"TRAAM Domaine 3 B2I : Produire, traiter, exploiter et diffuser des documents numériques, avec Didapage",12
3848,"TRAAM Domaine 4 B2I : Organiser la recherche d'informations, avec Didapage",12
3849,Formation au numérique : atelier traitement de texte,12
3850,Formation au numérique : Atelier Hot Potatoes,12
3852,TraAM méthodologique: Mettre en place une activité de pédagogie différenciée à l'aide de la plateforme Genius,12
3853,Analyse spectrale,9
3854,Enjeux énergétiques,9
3855,"Spectroscopie IR, UV, visible",9
3856,Identification de micro-organismes par spectrométrie de masse  MALDI-TOF MS,12
3857,"TRAAM Domaine 5 B2I : Communiquer, travailler en réseau et collaborer, avec Didapage",12
3858,TRAAM : Les VIRUS : à la découverte de leur structure,12
3859,Relativité,9
3860,RMN,9
3861,Mécanique Quantique,9
3862,"TRAAM Suivi des Projets en STL et ST2S via l'outil ""WIKI"" de Moodle",12
3863,TRAAM Différenciation et parcours de formation avec la « leçon de Moodle »,12
3864,TRAAM Rédaction collaborative en ETLV de sous-titres de vidéos,12
3865,Horizontalité de la surface de libre de l'eau à l'aide d'un Tbi,9
3866,TRAAM Quelques outils et applications utilisés en BYOD en Biotechnologies,12
3868,L'outil « QCM SVT NICE »,12
3869,L'outil FreeMind,12
3870,L'outil Padlet,12
3871,L'outil Windows Movie Maker,12
3872,Détermination de pH à l'aide d'une échelle de teintes,9
3873,L'outil Mesurim,12
3874,"TraAM : Du gène à la protéine : ""Les organites et éléments de la cellule"" 1/3",12
3875,"TraAM : Du gène à la protéine : ""Transcription et traduction"" 2/3",12
3876,Tutoriel cartes mentale (freemind et Xmind),12
3877,Tutoriel conversion de médias par format factory,12
3878,Tutoriel de la technique du stop-motion sous Windows Movie Maker,12
3879,"Différents moyens de capture d'images, de son et de vidéos",12
3880,Tensions alternatives en 3ème,9
3881,Spectroscopie RMN du proton,9
3882,Phénotypes de résistance des entérobactéries aux béta-lactamines,12
3884,Mesurer l'effet Doppler pour les ultrasons,9
3885,Plickers,12
3886,Les ondes sismiques,9
3887,Transport de l'énergie électrique,9
3888,images numériques,9
3889,L'anniv' de Léon,9
3899,Maitre corbeau sur son arbre perché ...,9
3903,les mobilités à l'échelle d'une agglomération urbaine: Angers,5
3905,Bouclez-là !,9
3906,suivi d'une transformation chimique par CCM,9
3909,Métaux et Piles,9
3917,Un exemple de DIDAPAGE en CHIMIE,9
3921,CLONE-Tirer parti des possibilités des formulaires en ligne pour le développement des capacités d’argumentation des l’élèves,8
3922,Tâche complexe : Les hortensias,9
3925,exercer sa mémoire auditive : récit radio sur les risques au Japon et Haïti,5
3926,Le peuplement d'une coulée de lave,13
3928,Halo (Résolution de problème),9
3929,Tâche complexe : Le four électrique,9
3932,Tâche complexe : Intoxication au CO,9
3937,Utiliser des nuages de mots en langues vivantes pour comprendre et s'exprimer,6
3938,Le feu du saltimbanque,9
3942,S'informer / informer avec Twitter,1
3945,Les viennoiseries,7
3947,La reproduction sexuée chez l'oursin,11
3948,Tâche complexe : Pile ou face ?,9
3954,De l'hydrogène et de l'hélium autour du Soleil ?,9
3956,S'informer à l'ère de l'info-divertissement,1
3957,Différenciation par les productions : construire le plan d'un développement construit : l’aménagement d’un tunnel en Auvergne - Rhône - Alpes ,5
3958,S’exercer à l’explication de texte en classe inversée,8
3959,Un réglet à construire pour l'étude de la conservation de l'énergie mécanique,9
3971,Un exemple de différenciation par les productions : le modèle social républicain confronté aux transformations de la société depuis 1950,5
3974,TraAM 2018-2019 - Pédagogie active : les transports membranaires,11
3976,Comment mesurer une vitesse grâce à l'effet Doppler (cuve à onde) ?,9
3977,De l'effet Doppler-Fizeau aux exoplanètes,9
3980,Les instruments de mesure du temps,9
3981,Construction d'une carte mentale collaborative sur un thème de troisième,9
3983,TraAM 2018-2019 - Classe inversée : de l'aliment aux nutriments,12
3986,TraAM 2018-2019 - Classe inversée : stérilité et PMA,12
3988,Une studette à Dijon,9
3989,Le Laser : Travail sur une animation,9
3992,TraAM 2018-2019 - Classe inversée : dégradation des acides aminés,11
3994,Langevin : Une  entrée dans la relativité par le paradoxe des jumeaux.,9
3995,Ressources vidéos sur le thème des nanotechnologies,9
3998,Découverte de la loi de Beer-Lambert,9
3999,L’instruction des filles sous la IIIème République avant 1914,5
4002,Animation sur la relativité du mouvement,9
4003,Les hommes de la Renaissance,5
4004,Identifier et analyser un éloge ironique,3
4005,Investigation sur les satellites géostationnaires.,9
4019,the human eye,9
4024,Images interactives : ultrastructure des cellules eucaryotes,12
4026,Comment argumenter pour justifier son orientation en fin de 2de à l'aide d'un diaporama de type power point?,3
4027,modern analytical chemistry,9
4032,Programmation de cartes Micro:bit,7
4036,traitement du signal,9
4040,la relativité restreinte - entre histoire et fiction,9
4043,Les espaces ruraux : multifonctionnalité ou fragmentation ?,5
4048,Formation BTS assistant manager,14
4051,étude d'une cellule photovoltaïque,9
4056,une boisson colorée,9
4061,Fécondation in vitro chez l'oursin,11
4064,Des mobilités généralisées,5
4067,UNIVERSALITE ET VARIABILITE DE LA MOLECULE D'ADN.,11
4083,Comment développer mon esprit critique ? ,5
4085,Créer un corpus augmenté,3
4089,L'institutionnalisation du marché,10
4092,Savoir interpréter des courbes d’offre et de demande,10
4100,"Pour se reproduire, il faut s'attirer !",11
4103,transferts d'énergies dans un pendule,9
4107,Gains à l’échange ,10
4109,"Atelier FIG 2019 : Cycle 3 - Metz, ma ville en cartes",5
4119,propagation d'une onde,9
4123,principe actif de médicaments et chromatographie,9
4124,Le savon au chocolat,9
4131,Exercice interactif : Les différentes formes du capital.,10
4135,l'oeil et l'appareil photographique,9
4137,les ions des médicaments,9
4144,Comment mettre en oeuvre une démarche d'investigation sur les ions entre les élèves de troisième et de seconde à l'aide des TICE,9
4148,Société et environnement,5
4149,Etre ouvrier en France 1830-1975,3
4150,Comment mettre en oeuvre une démarche d'investigation sur les ions entre les élèves de troisième et de seconde à l'aide des TICE,9
4158,Exemples de sujets pour l’évaluation des capacités expérimentales,9
4166,Jean Jaurès au lendemain de la grève de Carmaux,3
4168,fiche test pour mots clefs,9
4179,Comment mettre en oeuvre une démarche d'investigation sur la gravitation entre les élèves de 3ème et de 2de à l'aide des TICE?,9
4184,la sécurité et les risques majeurs,1
4191,différents mais égaux !,1
4192,Comment mettre en oeuvre une démarche d'investigation sur la gravitation entre les élèves de 3ème et de 2de à l'aide des TICE?,9
4193,Humanisme et Renaissance – Écrire un article à la manière de Wikipédia,3
4199,Lire un texte scientifique et parvenir à en dégager l'essentiel à partir d'un texte de G. Charpak sur l'atome,9
4200,Repos hebdomadaire et travail de nuit,14
4209,"Enseigner le management en première : ""Qu'est ce qu'une organisation ?""",14
4211,Accompagnement personnalisé : Lire un texte scientifique et parvenir à en dégager l'essentiel à partir d'un texte sur l'atome,9
4213,Ressource TICE accompagnée sur l'utilisation du multimètre en fonction ampèremètre,9
4216,Simulation de la présentation orale de l'étude de gestion,14
4217,Ressource TICE accompagnée sur l'utlisation du multimètre en fonction voltmètre.,9
4220,Ressource TICE accompagnée sur les ions,9
4228,Détection du transit d'une exoplanète,9
4237,Les écrans dans nos vies,3
4238,Un dîner presque parfait,9
4240,La reproduction sexuée des oiseaux en milieu aérien avec accouplement,11
4243,Masse de l'eau,9
4246,Numbers : GESTION DE TOURNOI en sports collectifs ou duels,2
4250,L'effet de serre,9
4251,Séquence : où sont les hommes ?,5
4260,Exercice interactif : Marché du travail.,10
4262,suivi d'une transformation chimique par CCM,9
4264,Le risque industriel : l'exemple de la raffinerie du Midi à Dijon,5
4269,utilisation d'une photo numérique pour la détermination d'une concentration,9
4272,Travailler avec / sur le dessin de presse,3
4274,dualité onde-particule : synthèse de documents,9
4278,L'Union Européenne avec les TICE (3) : la candidature de la Turquie,5
4279,Exercice interactif : Comment les agents économiques se financent-ils ?,10
4282,contrôle de qualité par spectrophotométrie,9
4284,contrôle de qualité par conductimétrie,9
4290,La lumière LASER,9
4303,Conversion Analogique-Numérique - Liens avec les incertitudes,9
4308,[TICE-jeux Sérieux] : Utiliser les Serious games dans les apprentissages,14
4309,variations autour d'une thermistance,9
4311,Identité numérique et parcours citoyen en classe de 5ème,6
4313,Structures spaciales périodiques et laser,9
4322,Édu-RDV : fixer une date de réunion,14
4324,La physique du ukulélé,9
4326,Étude d'un filtre ADSL (MPSI/PCSI),9
4327,STMG : Supports pédagogiques sur mur virtuel pour serious game,14
4329,Étude d'un pendule conique (MPSI/PCSI),9
4336,Étude d'un haut-parleur à basse fréquence avec une pièce de monnaie (MPSI/PCSI),9
4339,Photodiodes et application (MP),9
4345,Étude du haut-parleur (PC),9
4350,Filtrage d'un signal à deux composantes spectrales (MP),9
4352,La corde,7
4353,Un aménagement urbain à Troyes,5
4354,Le crash du vol MH17 : faire preuve d'esprit critique face à des théories conspirationnistes,5
4355,Conversion de puissance,9
4356,Schéma de l'aménagement de l'A34 achevant ll'Y ardennais,5
4357,Diffraction par un réseau (MP),9
4358,Mettre en place un forum de lecture pour participer à un prix littéraire ,3
4359,[1STMG-TICE] : un bon prof c'est une personne qui .....,14
4360,Étude comparative de disques optiques (MP/PC),9
4362,Fabrication d'un détecteur à boucle inductive (PCSI),9
4366,Réaliser un détecteur à boucle inductive (PC),9
4372,"Images HD et récit historique - Street art, les graffs « Mémoire ouvrière »",3
4373,[Numérique-2016] : Webconférence comme outil d'e-learning et d'aide personnalisée,14
4376,Cas Specibike,14
4378,Plein emploi et Keynes,10
4381,"Le ""sentier chinois"" à Marseille : des images HD pour comprendre la dynamique d'un espace productif",5
4385,Supports pour l'enseignement du droit en première STMG,14
4388,Lire une image HD : l'exemple d'une affiche publicitaire pour le PLM,5
4389,Mémorisation lexicale avec des flashcards issues des ressources de la BRNE anglais cycle 3 sur Thanksgiving,6
4390,Ressources utiles en économie gestion,14
4393,Dualité onde-corpuscule,9
4398,"Construire des parcours numériques d'apprentissage pour des élèves de cycle 3 apprenant l'anglais à partir de la ressource de la BRNE ""I love English""",6
4401,[STMG-BTS webreunion] : Numérique et responsabilités des acteurs de la PME,14
4402,[CLEMI-Dossier pédagogique 2017] : D'où vient l'info ?,14
4403,"CO2, un fluide supercritique",9
4404,Dédoublement d'un mélange racémique (PCSI),9
4408,"Danse : Programmes EPS, Compétences attendues dans les APSA et socle commun de connaissances et de compétences",2
4413,Des radionucléides au service du diagnostic médical (PCSI),9
4417,Explorer de façon ludique le module Speakeasy News à partir des ressources de la BRNE anglais cycle 4,6
4419,"Habiter les littoraux : Miami Beach, un littoral humanisé",5
4421,"Natation de vitesse : Programmes EPS, Compétences attendues dans les APSA et socle commun de connaissances et de compétences",2
4422,Introduction au vocabulaire utilisé en chimie organique - Synthèse de la méthadone (PCSI),9
4423,Mettre la laïcité en film,1
4430,Analyse de la synthèse de la dexfenfluramine,9
4434,Quel mécanisme pour la saponification ? (PCSI),9
4435,"TraAM 2017-2018 : Équations (4ème, 3ème, 3ème prépa pro)",7
4437,CLONE-Savoir interpréter des courbes d’offre et de demande,10
4440,Amortissement de chocs (Résolution de problème),9
4441,"Boxe française : Programmes EPS, Compétences attendues dans les APSA et socle commun de connaissances et de compétences",2
4448,Purification ADN plasmidique : principe de deux méthodes en vidéo,11
4451,Champs et forces,9
4453,Déclarations d'amour rêvées et illustrées en classe de 4e,3
4455,RDP : Bilan carbone d'une centrale électrique thermique au gaz,9
4457,RDP : Emission de CO2 d'une voiture,9
4459,RDP : Le Carbone de Troie,9
4461,La longueur de la rampe,7
4463,Loi d'Ohm,9
4464,Mers et Océans : un monde maritimisé.,5
4465,Scratch et Pythagore ,7
4466,électricité et sécurité (tâche complexe),9
4468,Palet glissant,7
4469,fiche technique d'un générateur (tâche complexe),9
4470,Utiliser les TICE pour organiser le travail de recherche et de synthèse - Théâtre - Shakespeare,3
4472,Vaccination mentale ,13
4475,TraAM 2017-2018 : Équations (seconde),7
4476,Visualiser les données de la puissance : l'exemple des États-Unis,7
4477,Renforcer l'apprentissage des élèves via un réseau social « Twitter » La production écrite courte inspirée par le dispositif « Twictée » ,3
4482,"Atelier FIG 2018 : des ressources à gérer et à renouveler, la narration multimédia pour raconter la France de Demain",5
4484,Escape Game et Première Guerre mondiale,5
4488,Abyss (tâche complexe),9
4490,Indian people in the UK,6
4491,"De Scratch à Python, il n’y a qu’un pas",7
4496,contrôle du pH : solution tampon,9
4500,TP :  Identification des ions,9
4501,TP-Bilan : Fouille à mouches et ondes,9
4502,Grandeurs acoustiques,9
4503,Quelle est la chlorinité de l'eau de la mer morte ?,9
4506,Application professionnelle de synthèse en BTS CGO (brevet de technicien supérieur Comptabilité et Gestion des Organisations ),14
4507,L’algorithmique avec des tracés ,7
4508,Parcours poétique au XIXe siècle - Bilan de fin de séquence sous la forme d'une carte heuristique,3
4509,La gestion électronique de documents,14
4510,Séquence - Décrire pour faire peur : rédiger la description d'un château hanté,3
4511,ProActiSS Lab Le Laboratoire des Projets d'ACTions Sociales et solidaires,14
4512,Séquence - Le portrait du monstre,3
4513,Lecture d'images et écriture : la lettre dans les tableaux de Vermeer,3
4514,L'Influence des styles de direction dans le management d'une entreprise : Canal +,14
4515,Mars en neutrons,9
4516,L'habit fait le moine,9
4517,ILMER SPORTS - Terminale STMG Spécialité RHC,14
4518,Toujours plus loin,9
4519,Twitter double-classe,14
4521,TP Mesure de durée ; chronométrage,9
4522,Comment expliquer le fonctionnement d'une pile « orange »  ?,9
4523,Pourquoi une douche solaire est-elle de couleur noire ?,9
4526,Activité utilisant les caméras thermiques,9
4527,Matériaux polymères et mousses,9
4528,le métier d'œnologue,9
4529,suivi cinétique d'une transformation chimique,9
4532,Fiches de synthèse sur la logique algorithmique,14
4533,"les hydrates de méthane, un nouveau défi pour le Japon",9
4535,Petit requêteur destiné à faciliter l'emploi du langage SQL (Structured Query Language) dans une base de données Microsoft Acces,14
4537,Mode opératoire CEGID,14
4538,reconnaissance vocale,9
4539,synthèse de la benzocaine,9
4540,émetteurs et récepteurs sonores,9
4541,"Sujets de DPECF, DECF, CAPET, CAPLP et HEC (partie informatique)",14
4542,Le cycle de vie des produits,14
4543,DEPANN'GAZ - Terminale STMG Spécialité RHC,14
4544,Diffraction de la Lumiere,9
4545,"Modéliser des données : structurer, contraindre, méta-modéliser",14
4546,Interférences d'Ondes Lumineuses,9
4547,Détection des Ondes Sismiques,9
4548,réaction acide-base : indicateur et dosage,9
4550,Caractéristiques Physiques d'une Espèce Chimique,9
4551,Solubilité d'une Espèce Chimique,9
4552,Sur le thème de l'eau,9
4553,Suite logicielle EasyPHP 1.8  modifiée pour s'adapter aux contextes de SI (Système d'Information),14
4554,Approche des processus organisationnels et modélisation en terminale GSI (Gestion des Systèmes d'Information),14
4555,[1STMG-SdG] : Production de contenus,14
4556,Intensité sonore produite par un haut-parleur.,9
4557,Présentation des Objets Célestes,9
4558,Les Propriétés de l'Air,9
4559,CLONE-Gabarit fiche cycle 4 LV,6
4560,Livrets de compétences en BTS CGO,14
4561,Exemples de Projets en Mercatique STG,14
4562,le flux lumineux et l'éclairement,9
4563,utilisation des lentilles,9
4564,la profondeur de champ,9
4565,Étude du mouvement de la planète Vénus,9
4567,temps de réverbération et isolation phonique,9
4568,Étude quantitative du phénomène de diffraction de la lumière.,9
4569,Etude Énergétique d'un Pendule,9
4577,La Solidification de l'Eau,9
4579,Les Experts,9
4580,Séquence pédagogique de droit en 1ère STG (Sciences et Technologies de la Gestion)  : Affaire Aurélien D. : téléchargement illég,14
4581,Terminale S : Représentation spatiale des molécules,9
4582,Vidéo : Questions FLASH - Triangles semblables,7
4584,Fiches auteurs et théories - Management,14
4585,Associer un tableau de nombres à une image numérique,9
4586,Tle S : La chimie verte,9
4587,Le Laser,9
4589,Lire collaborativement pour mieux s’approprier l’oeuvre,3
4590,PROJET PÉDAGOGIQUE : Accueil et suivi des baccalauréats professionnel en STS (Sciences et Technologies de la Gestion),14
4591,rover Curiosity et thermocouples par l'ENT,9
4592,synthèse additive des couleurs,9
4595,Tâche complexe : Les éoliennes,9
4596,conversions de volumes : exercices interactifs,9
4597,solutions ioniques : exercices interactifs,9
4598,Tâche complexe : La piscine du camping,9
4599,Les restos du coeur,14
4600,Usage du PGI (Progiciel de gestion intégré) en classe de DCG (Diplôme de Comptabilité et Gestion),14
4601,La compétence : un objet d'analyse ou de gestion ?,14
4602,Tâche complexe : SANTE (Electrocardiogramme),9
4604,Tâche complexe : Vigilance et conduite automobile,9
4606,Tâche complexe : La contraception,9
4607,Tâche complexe : Le feu du saltimbanque,9
4608,L'émergence et les enjeux du marketing des ressources humaines,14
4609,Groupe Projet - Voies professionnelle et technologique :  Parcours et Passerelles,14
4610,Tâche complexe : Les cigognes en danger !,9
4611,Tablettes en sciences physiques,9
4612,Garder une trace des travaux avec une tablette,9
4613,L'utilisation pédagogique d'un site Internet : L'exemple de la section BTS MUC (Brevet de technicien supérieur Management des Un,14
4616,La communication en réseau,14
4617,Maison à vendre,9
4618,Négociation : une approche globale,14
4619,Activités sur le thème Nourrir l'humanité,9
4621,Activités sur le thème Nourrir l'humanité,9
4622,Ondes dans la matière : le séisme de Sendai,9
4623,Une description moléculaire pour comprendre,9
4624,Le court circuit d'un dipôle générateur et ses dangers,9
4625,Energies fossiles et énergies renouvelables.,9
4626,Chute verticale,9
4627,Réaliser une infographie sur les biens communs et les licences Creative Commons,5
4628,Les lois de la tension électrique,9
4629,Phénomènes périodiques,9
4630,Découverte d'Access : Cas Tennis,14
4631,Cas Midi Audiovisuel : l'état de rapprochement et la régularisation des opérations de banque,14
4632,Etude de cas de mercatique : Les fromages,14
4633,poutre saut1,2
4634,ski cigogne,2
4635,Etude de cas : Le marché du cycle,14
4637,Redonner vie à un objet ancien,9
4639,Analyse de la concurrence à partir de deux produits de grande consommation,14
4640,Le langage SQL (Structured Query Language) - Rappels,14
4642,"Gestion : Clients, Fournisseurs, Banque, Système d'information, PGI (Progiciel de gestion intégré).",14
4643,Vergence d'une lentille,9
4645,La comptabilité de gestion : la méthode des coûts complets,14
4646,des tuyaux sonores en PVC,9
4647,caractéristiques d'un microphone cardioïde,9
4648,protection de la Tour Eiffel,9
4649,cellule photovoltaïque,9
4650,une histoire d'extra-terrestre,9
4651,Utiliser les communs de la connaissance pour préparer le DNB,5
4653,Tâches complexes en cinquième,7
4654,Résolution de problèmes en 2d,9
4655,Participer au rangement des produits (voie commerciale),14
4656,Organiser un espace de travail collaboratif avec Google Docs et Google Apps,14
4657,L'expérience d'une classe entreprise au Lycée Dumont d'Urville de MAUREPAS,14
4658,Le délicat équilibre de la pesée.,9
4659,Thé ou café,9
4661,TBI en gestion comptable,14
4662,Synthèse d'un antidouleur,9
4663,Restauration de la statue de la liberté,9
4664,Séminaire académique sur la rénovation des programmes d'économie-droit en S.T.S. (Sciences et Technologies de la Gestion),14
4665,Quel bazar dans les protocoles !,9
4667,Loi d'Ohm,9
4668,3 QCM sur le thème de la lumière,9
4669,Changements organisationnels impliquant une évolution structurelle : les symptômes et raisons de l'échec,14
4671,Sphinx (ModOp2) : Collecter des réponses et exploiter des résultats,14
4672,Usage du PGI (Progiciel de gestion intégré) en classe de DCG,14
4673,Comment passer au PGI (Progiciel de gestion intégré) dans votre établissement,14
4674,7 QCM sur le thème de l'eau,9
4675,Synthèse de la dibenzalpropanone,9
4676,la mercatique virale,14
4677,La dune du Pyla,9
4678,Tâches complexes en troisième,7
4680,Détermination de l'âge d'un fœtus,9
4681,Véhicule hybride et impact environnemental,9
4682,Les ions nitrate dans l'eau,9
4683,APS (Activité professionnelle de synthèse) avec le PGI (Progiciel de gestion intégré) Cegid (BTS CGO - Comptabilité et Gestion d,14
4686,Les guimauves,9
4687, Créer d’un jeu de l’oie mythologique,7
4688,Vers une production massive et économique d'hydrogène,9
4690,"Didactique en CFE (Comptabilité et finance des entreprises) - Partage des bases de données, environnement réseau",14
4691,Formation SQL (Structured Query Language ) et algorithmique en STG (Sciences et Technologies de la Gestion),14
4692,Le commerce international face à la crise financière mondiale de 2007,14
4693,Choix des matériaux acoustiques pour une salle de conférence,9
4694,mission possible ou impossible ? (gecko et Burj Khalifa),9
4695,le gecko inspire les scientifiques,9
4696,configuration des molécules dans le vivant,9
4698,teneur en eau de quelques organismes vivants,9
4699,structure tridimensionnelle d'une protéine,9
4700,Créer un jeu de piste ou guide interactif avec le site et l’application Actionbound,6
4701,solutions tampons,9
4702,hydrolyse de l'oléine dans l'organisme,9
4704,"La fusion contrôlée, un défi pour les scientifiques",9
4705,AMITIS et le travail collaboratif,14
4706,Elevage d'insectes comestibles,9
4707,Comment se protéger des sons ?,9
4708,Peut-on se déshydrater en buvant ?,9
4709,La distance de freinage,9
4711,Cas PLASTICONCEPT,14
4712,Les plateformes collaboratives au service de l'individualisation « Regards croisés »,14
4713,L'interprétation moléculaire,9
4715,Voyages autour du Monde,14
4716,Préparer une négociation pour son manager,14
4717,Un simulateur de Boyle-Mariotte,9
4718,modèle moléculaire et propriétés physiques de la matière,9
4719,Produire un Jeu vidéo en SVT,11
4720,Tirer parti des possibilités des formulaires en ligne pour le développement des capacités d’argumentation des l’élèves,8
4721,Cas Kindy,14
4723,Mise au point et profondeur de champ,9
4724,Comment modifier une image numérique,9
4725,Du vêtement au revêtement,9
4726,Cas ROCHECLAIRE,14
4728,Les algorithmes en cycle 4 pour travailler les langages,11
4729,"""Dis tu m'entends ?""",9
4731,La maison de Mr Martin,9
4732,Toxicité d'un maillot de sport,9
4733,Le recrutement au sein de TRANSBRET',14
4734,"En sport, que faut-il boire  pendant et après l'effort ?",9
4735,Création d'un dossier multi-utilisateurs Cegid,14
4736,Recherche chaleur désespérément !,9
4738,Tâches complexes en seconde,7
4739,A la découverte des groupes caractéristiques des matières premières de l'industrie des fibres textiles,9
4740,Réalisation d'un Webdocumentaire sur la spectroscopie,9
4741,Synthèse argumentée en Terminale S (AGIR) - La transmission des informations,9
4744,"Prix Tatoulu : Réaliser des book-trailers en classe, avec Adobe Spark",3
4745,Déclassement de Pluton,9
4746,Du café ... sans caféine !,9
4747,Cas CHO-KHOLA,14
4749,L'organisation d'un salon,14
4750,Quand Roméo a le coeur qui s'emballe,9
4751,Les médicaments génériques,9
4752,Transports Bauthon et environnement,14
4753,Comment une force modifie-t-elle le mouvement d'un ballon ?,9
4755,La valorisation de l'espace naturel dans la Métropole Lilloise,14
4756,Un revêtement qui en impose : le géotextile,9
4757,Fumeurs et non fumeurs,14
4758,Des matériaux pour les vêtements,9
4759,Autour d'un film de nylon,9
4760,Manipuler n'est pas argumenté,14
4761,3 pulls vraiment identiques ?,9
4763,Transferts thermiques du corps humain,9
4764,Bilan des puissances électriques consommées dans une habitation,9
4765,AP 2nde : Lire un graphique. Activité sur la sécurité routière,9
4767,Les critères de la rémunération,14
4768,AP 2nde : Argumenter - Les colorants alimentaires des bonbons,9
4769,La fiche de fonction,14
4770,Cas HyperPC,14
4771,Réalisation d'un Webdoc sur le projet réalisé dans le cadre de la M.P.S. (Mesures et Pratiques Scientifiques),9
4772,[1STMG-Droit] : Introduction aux contrats,14
4773,"Représentation visuelle, cataracte de Monnet",9
4774,Dosage par étalonnage,9
4776,Titrage du diiode,9
4777,Validation d'items du B2i,9
4779,L'entretien professionnel,14
4780,Comité de jumelage de Vieron,14
4781,Réalisation de POM (petites oeuvres multimédias) au collège,9
4782,Exploiter un scénario de communication,14
4783,Circuit électrique simple,9
4786,Circuit en boucle et circuit en dérivation,9
4787,Conducteurs et isolants,9
4788,La diode électroluminescente (DEL),9
4789,La loi d'Ohm,9
4792,Le fusible,9
4793,Sens conventionnel du courant,9
4794,Mesure d'une tension électrique,9
4798,Camargue Automation,14
4799,La résistance électrique,9
4801,Jouer pour apprendre,14
4803,Diffraction et interférences,9
4805,Interférences lumineuses,9
4806,"Santé au travail, ou santé du travail ?",14
4807,La mobilité,14
4808,"Rites, rituels et codes",14
4809,Recrutement  :  la sélection,14
4810,Utilisation de l'accéléromètre d'un smartphone,9
4811,Des tablettes en cours de physique au collège,9
4812,L'intensité du courant électrique traversant un dipôle,9
4813,Lois de Kepler,9
4815,Isolation thermique,9
4816,Du suspect au coupable : une analyse des empreintes digitales fondées sur un critère numérique,9
4817,"Influence, argumentation, manipulation",14
4818,Aide méthodologique : schématisation en électricité,9
4819,L'énergie au cycle 3,9
4820,Comment optimiser un Panneau solaire ?  Tracker solaire,13
4821,Enseigner la mole en classe inversée,9
4822,La classe inversée pour de l'interdisciplinarité,9
4823,L'Année-Lumière,9
4824,Approche systémique et constructiviste de la communication,14
4825,Tâches complexes en terminale scientifique,7
4827,Les compétences comportementales au coeur du métier d'assistant ?,14
4828,Etude de mouvement,9
4829,Etude mécanique d'un dégagement (introduction aux forces non conservatives),9
4831,Propagation d'un paquet d'onde,9
4832,Structure électronique des ions monoatomiques,9
4833,Des ombres menaçantes,9
4834,Communiquer dans l'Antiquité,9
4835,L'éruption du Tavurvur,9
4836,Le chat et le soleil,9
4838,Comprendre un régime politique : la démocratie,5
4839,Envie de créer ?,14
4840,"2006, une année noire pour Airbus...",14
4841,Le son pour construire une image,9
4844,"Bouygues, une entreprise qui rémunère ses actionnaires",14
4846,Silence on tourne !,14
4847,D'un exil à l'autre : La Retirada,6
4849,Utiliser le multimètre,9
4850,Découverte des réactions redox,9
4851,Renault chez les Roumains,14
4852,Proposer des solutions aux problèmes de Management,14
4854,Le mouvement d'un objet est-il le même pour tous les utilisateurs ?,9
4855,Réduire sa « consommation » en énergie (cycle 4),9
4856,Un parcours autour des macroéléments et des oligoéléments,9
4857,MIRAGE : APPLICATION DE RÉALITÉ AUGMENTÉE POUR LA GÉOMÉTRIE DES MOLÉCULES,9
4859,Géométrie des molécules,9
4862,¿A dónde irás? - Où iras-tu?,6
4863,VISION ET SMARTPHONE,9
4864,Tests caractéristiques (cycle 4),9
4867,Une relation complexe : l'actionnariat salarié,14
4868,Découverte du voltmètre,9
4869,Circuits en série et circuits en dérivation,9
4870,Distance de freinage,9
4872,Principe de l'ABS,9
4873,Produits d'entretien : réactions acide-base,9
4874,Sport et hydratation-préparation d'une solution par dissolution,9
4875,Le modèle de l'atome,9
4876,Médecins du Monde : communication écrite,14
4878,dosage en terminale S,9
4879,Escape Game section euro anglais,9
4880,Base d'Images 3D pour l'EPS,2
4881,Naturels ou artificiels ?,9
4882,La colle : naturelle ou artificielle ?,9
4883,"La lumière et les ondes électromagnétiques, aspects historiques",9
4884,Les ondes ultrasonores appliquées à l'échographie.,9
4885,Utilisation d'un tableur pour la statistique descriptive.,7
4886,Relation entre les propriétés géométriques de la liaison peptidique et ses contraintes aux structures primaires et secondaires,9
4887,Solubilité ou non d'une espèce chimique dans l'eau,9
4888,La gestion prévisionnelle des emplois et des compétences  (GPEC),14
4889,Mieux rédiger en management des organisations,14
4890,Système d'information décisionnel,14
4892,Préparation d'un tampon ammoniacal - Effet tampon,9
4893,aide à la mise en oeuvre du programme de CBSV de 1ère STL,9
4894,La communication au service de l'habitat,9
4895,La Gestion de Production Assistée par Ordinateur (GPAO),14
4896,Propriétés physiques - activité expérimentale,9
4898,L'organisation,14
4899,L'électrocardiographie - activité,9
4900,Simulation : Effets d'une force sur le mouvement d'un corps Influence de la masse,9
4901,Londres 2012 : la chimie habille les sportifs - activité,9
4902,La vidéothèque de la communication,14
4903,Situation complexe Cirque Cycle 3 Séquence 1,2
4904,Indice de réfraction - activité expérimentale,9
4905,QCM terminale socio 1.1 structure sociale et inégalités,10
4906,Curiosity - activité documentaire,9
4908,Le changement de statut d'une bibliothèque,14
4909,"Thème ""sciences et aliments""",9
4910,Couleurs du ciel blanc,9
4911,Une petite histoire de stratégies dans le monde de la chaussure de sport,14
4913,Communauté d'agglomération de l'Ecrousis,14
4914,L'oeil et les mécanismes optiques de la vision,9
4915,"L'oeil, l'accommodation et ses défauts",9
4916,Oeil réel et oeil réduit - évaluation sommative écrite,9
4917,Représentation visuelle : bilan - évaluation sommative écrite,9
4918,Le BYOD et les pratiques enseignantes,3
4919,Représentation visuelle : bilan - évaluation sommative écrite,9
4920,Les stratégies des entreprises de téléphonie mobile,14
4921,Les restos du coeur : on compte sur vous,14
4922,Situation complexe en Lutte Cycle 4 Séquence N°2,2
4923,Bilan - évaluation sommative écrite sur l'ensemble du programme de 1ère L/ES,9
4924,Bilan - évaluation sommative écrite - Représentation visuelle du monde,9
4925,Mini saut à l'élastique,7
4926,Le cas CARPIER ou comment transférer les connaissances,14
4927,Stratégie et organisation de la production,14
4928,Gestion et utilisation de l'énergie - cours,9
4929,Bilan - évaluation sommative écrite - Représentation visuelle du Monde,9
4930,QCM 2 - Représentation visuelle - Evaluation,9
4931,Partager des connaissances grâce aux encyclopédies collaboratives en ligne,5
4932,Une production numérique collective : créer une banque de livres audios sous licence Creative Commons,3
4933,CLONE-Ecrire des carnets de voyage numériques et fictifs,3
4934,Telemarket ou le diagnostic stratégique dans le secteur des supermarchés virtuels,14
4935,Ressource numérique mémentis,14
4936,Mécanisme de la vision - Appareil photographique - Evaluation - Analyse de documents,9
4937,Qualité des sols - cours,9
4939,HEMEROCALLES,14
4940,"Epreuves E4 et U42 des BTS ""Assistant"" : qu'est-ce ""qu'analyser"" une situation de communication ?",14
4941,Qualité des sols - évaluation sommative écrite,9
4943,Les réseaux sociaux et la gestion de carrière,14
4944,Management intergénérationnel : les clefs pour comprendre et s'adapter,14
4945,"proposition de progression sur la partie ""Nourrir l'humanité"" du programme.",9
4947,Bilan - évaluation sommative écrit - Représentation visuelle + Nourrir l'humanité,9
4948,Constituer une bibliothèque numérique,3
4949,La dépréciation des immobilisations corporelles,14
4950,QCM 2 - Nourrir l'humanité - Evaluation,9
4951,QCM 1 - Nourrir l'humanité - Evaluation,9
4952,Les ressources énergétiques disponibles - cours,9
4953,Energie - évaluation sommative écrite,9
4954,QCM 1 - Le défi énergétique - Evaluation,9
4956,Une grainothèque au collège,13
4958,Mise en place d'une compta. de gestion dans une société de service,14
4959,QCM 2 - Le défi énergétique - Evaluation,9
4960,Activité différenciée masse/volume,9
4961,Activité différenciée combustions,9
4962,Restauration / sauvegarde d'une base de données Cegid,14
4963,"Cegid, versions 2008 : installation, Faq, Forum",14
4964,Base d'Images 3D pour l'EPS,2
4965,Diamètre d'un atome d'or : activité numérique matière,9
4966,Gravitation et mouvement des planètes,9
4967,Le système solaire dans Geogbra,9
4968,Rapport sur les normes comptables,14
4969,Base d'Images 3D pour l'EPS,2
4970,Etude du mouvement d'un objet à l'aide d'une tablette,9
4971,Propriétés chimiques de l'acide fumarique,9
4972,Un atelier de diction poétique en 2nde,3
4974,Les réseaux sociaux : quels enjeux pour les organisations ?,14
4975,Analyser des conflits en vue de leur dépassement,14
4976,Comment gérer son parcours professionnel dans un marché du travail incertain ?,14
4977,Enquête scientifique : Où est l'huile d'olive?,9
4978,Qui est le coupable ?,9
4980,Analyse d'un colorant de bonbon Schtroumpf ®,9
4981,Formation d'une image dans un Appareil Photo (Numérique),9
4982,Comprendre les tableaux d'avancement,9
4984,Spectres de raies,9
4985,La prise en compte du temps modifie-t-elle la performance ? cas Gallion,14
4986,A l'eau,7
4987,Accommodation de  l'œil.,9
4990,Logiciel gratuit Sankoré pour TBI TNI,14
4991,Modélisation de lentilles,9
4992,Pendule pesant simple.,9
4994,Oscillateur masse-ressort,9
4995,Loi de Planck,9
4996,Une solution antiseptique,9
4997,Le sommet du Buet,9
4998,Les Amériques en devenir (Adaptation DROM),5
5001,natation plongeon6,2
5002,natation plongeon7,2
5003,plongeon 9,2
5004,Analyse économique contemporaine de la dette,14
5005,L'atmosphère de Mars,9
5006,Perdu au Japon,14
5007,La croissance,10
5008,L'investissement,10
5009,La régulation de la finance et ses limites,14
5010,Sciences de gestion : cas Apple,14
5011,Les entreprises,10
5012,L'emploi,10
5013,Le chômage,10
5014,La prise en compte du temps modifie-t-elle la décision ? - La démarche budgétaire,14
5015,Le commerce extérieur français,10
5016,Evolution des structures sociales,10
5017,Le commece extérieur français,10
5018,Utilisation d'un jeu sérieux en BTS CGO lors d'une APS,14
5019,Des tutoriels vidéo pour utiliser Open ERP,14
5020,"méthodes et exercices statistiques : volume, valeur, taux de croissance, indices des prix",10
5022,massification et démocratisation scolaire,10
5023,Dissertation : la croissance entraîne-t-elle toujours le développement durable ?,10
5024,une présentation du triangle de Mundell,10
5025,Apprendre des automatismes de lecture : Le tableau à double entrée,10
5026,Mener une recherche sur internet,3
5028,Cotation des actions et des obligations sur le marché financier,10
5029,"Compte rendu de lecture : Karl POLANYI -  La grande transformation, aux origines politiques et économiques de notre temps",10
5030,Compte rendu de lecture : Outils de calcul en série ES,10
5031,les ressources produites lors du stage de formation sur l'accompagnement personnalisé,14
5032,jeux pédagogiques sur le marché,10
5033,jeux sérieux sur l'accueil des usagers,14
5034,Organisation d'un tournoi de gestion en BTS CGO avec le jeu sérieux Visual-Surf,14
5035,Base d'Images 3D pour l'EPS,2
5036,Base d'Images 3D pour l'EPS,2
5038,"Comparaison des productions de pays différents,  taux de change de PPA",10
5039,Dissertation : flexibilité et chômage,10
5040,STMG- Economie- Les Autorités Administratives Indépendantes- Assemb'live,14
5042,Etude de cas Management - La finalité des entreprises,14
5045,Les stratégies d'entreprises (vidéos et exercices interactifs),10
5046,Les grandes questions (pirates des caraibes),10
5047,Exercice interactif sur la lecture des tables de mobilité,10
5048,STMG - RHC- Projet : cas CONSEIL GENERAL,14
5050,révisions interactives sur le chapitre investissement - capital - progrès technique,10
5051,révisions interactives sur le chapitre travail - emploi,10
5052,"Une synthèse sur l'évolution de la mobilité sociale, utilisant le logiciel hotpotatoes",10
5053,STMG  RHC - Projet : cas GymEtWork,14
5054,L'EFFICACITE DE LA PRODUCTION DANS L'ENTREPRISE,10
5055,"Un exercice interactif sur les hypothèses de la CPP, dans le cadre du marché du travail, avec le logiciel hotpotatoes",10
5057,STMG  RHC - Projet : cas BRMCI,14
5058,Le e-learning prend son envol en France,14
5060,Etude interactive des inégalités en France,10
5061,STMG - Mercatique - Séance : une entreprise maîtrise-t-elle toujours sa communication ?,14
5062,PFEG - Les décisions de l'entreprise - Utilisation de Simuland,14
5063,Réviser les notions du programme en TES,10
5067,Cours et exercices de méthodologie sur les statistiques,10
5068,Réviser l'économie avec Assemb'live,14
5069,20 sujets d'oraux Enseignement spécifique,10
5071,La prise de notes en classe,10
5072,"Synthèse du stage sur la démocratie, intervention de J. Lagroye",10
5073,Exercices interactifs sur les termes de l'échange,10
5074,Tester la compréhension écrite et aider à la mémorisation grâce à Quiznetic,6
5075,STMG Mercatique - Séance : méthodologie de la QDG : l'entreprise vend-elle un produit ou une image ?,14
5076,BTS CGO : APS Le Fournil des amis,14
5077,Actualité comptable 2012 N°1,14
5078,Révision interactive de la théorie de Ricardo,10
5079,Le libre-échange à consommer avec modération,10
5081,Principaux déficits immunitaires congénitaux,12
5082,Politique de la concurrence,10
5083,Dissertation interactive sur le protectinnisme,10
5084,Des mobilités généralisées,5
5085,production utilisable en 1ere STMG sciences de gestion Cas FeelJuice,14
5086,QCM auto-corrigé  sur le libre échange / protectionnisme,10
5087,Dissertation interactive : intervention de l'Etat et croissance,10
5089,Hématocrite,12
5091,production utilisable en 1ere STMG sciences de gestion Cas Bio Nature,14
5092,Conférence : L'aménagement de l'évolution du temps de travail et flexibilité de l'emploi.,10
5093,Article sur la justice sociale par J-J QUILES,10
5094,Comment bien traduire en anglais et se méfier des traducteurs en ligne,6
5095,le sida 1,12
5096,Cours d'initiation aux bases de données relationnelles et au langage SQL,14
5097,Les droits des femmes,10
5098,"Mot croisé sur ""qui produit des richesses ?""",10
5099,TD sur le film My name is Joe,10
5100,Fiche de révision n°7 : intégration européenne et politiques économiques et sociales,10
5102,Construire une table de mobilité en classe,10
5103,Dossier sur les partis politiques,10
5104,20 sujet d'oraux Sciences sociales et politiques,10
5105,Le devenir de la politique économique avec l'Euro ( compte rendu de stage du PAF ),10
5106,Des ressources numériques pour utiliser Open Erp,14
5107,etude du film les virtuoses,10
5108,Financiarisation de l'économie et création de valeur ( compte rendu de stage du PAF ),10
5109,18 fiches sur le programme de première,10
5110,Intelligence collective et gestion des ressources humaines,14
5111,plongeon 10,2
5112,Citoyenneté et intégration. Intervention de Mme D. Schnapper,10
5113,"Adolescence et toxicomanie, Gilles Ferreol, fiche de lecture.",10
5114,Sensibilisation à la notion de socialisation,10
5115,Utiliser le jeu sérieux CYBER-BUDGET en BTS AG PMEMPMI,14
5116,La population active,10
5118,Pour bien répondre à une question...,10
5119,dissertation interactive sur l'investissement,10
5121,"L'immobilier, valeur refuge ou valeur spéculative...",14
5122,dissertation interactive sur la moyennisation de la société française,10
5124,TD interactif sur la mesure de la production,10
5125,Mathémathiques et SES ; travailler ensemble dans l'intérêt des élèves,10
5126,L'histoire de l'Euro,10
5127,Une présentation de la théorie du marché,10
5128,Les risques psychosociaux et la responsabilité du chef d'entreprise,14
5129,Le budget de l'Etat,10
5130,La logique du vivant,13
5131,Jeu d'entreprise en seconde PFEG,14
5132,Base d'Images 3D pour l'EPS,2
5133,TD interactif sur la mesure des inégalités,10
5134,Vivendi et le groupe Lagardère face à face,10
5138,Reproduction d'un raisonnement économique (marché et prix),10
5139,L'exploitation d'un projet à caractère local.Réflexion pédagogique autour du thème « Développement durable : contrainte ou oppor,14
5140,Les marchés imparfaitement concurrentiels,10
5141,Genre et socialisation,10
5142,Reproduire un raisonnement économique ou sociologique,10
5144,Séquence sur Les Caractères de La Bruyère,3
5145,Base d'Images 3D pour l'EPS,2
5146,Base d'Images 3D pour l'EPS,2
5147,PocketJongle et PCJongle : logiciels de suivi de performances d'élèves en jonglerie,2
5148,PocketJongle et PCJongle : logiciels de suivi de performances d'élèves en jonglerie,2
5149,Utiliser un TNI salle de cours,14
5150,organiser sa réponse de façon cohérente,10
5151,Cartoses - Application de cartographie pour les S.E.S.,10
5153,Adopter une démarche démonstrative,10
5154,De la carte heuristique à l'ordonnancement des tâches,14
5156,Les mécanismes du marché (vidéo et exercice interactif),10
5157,Exercices sur le marché,10
5158,Didacticiel Ethnos,10
5159,Inégalités face au chômage,10
5162,Découverte d'une entreprise  : Vivendi,10
5163,Qui produit des richesses ?,10
5164,Devoir Chômage dans les zones urbaines sensibles,10
5165,Découverte du Sénat,10
5166,A la découverte de l'Assemblée Nationale,10
5168,Devoir Introduction : Les SES et la Téléréalité  : La star academy,10
5169,Devoir Introduction : Les SES et la Téléréalité  : Le cas Loft Story,10
5170,Situation complexe en Rugby Cycle 4,2
5171,"Réseaux sociaux : découverte des concepts, fonctions et limites",14
5173,La pollution : comment remédier aux limites du marché ?,10
5174,Transferts quantiques d'énergie,9
5175,Devoir sur la consommation des ménages,10
5176,Devoir sur la consommation des ménages,10
5177,devoir sur l'entreprise,10
5179,Travailler les espaces industriels et leurs évolutions avec des tablettes,5
5181,Bilan Stage FPC 2009 : Arts Du Cirque : Amener l'élève vers une démarche artistique,2
5182,Devoir entreprise,10
5183,Etude de la conjoncture économique (2004 - 2005),10
5184,diaporama,10
5187,Tous égaux devant le diplôme ?,10
5188,Un travail de réflexion sur la reproduction des modèles familaux.,10
5189,TD : les niveaux de pouvoir,10
5190,TD et diaporamas sur les avantages absolus et relatifs,10
5191,Les groupes sociaux,10
5193,Gestion d'un cycle multi-activités,2
5196,"Endurance : Graphiques individualisés, et évaluation.",2
5197,"Endurance : Graphiques individualisés, et évaluation.",2
5198,Un cours sur le pouvoir d'achat,10
5200,Le calcul économique dans l'entreprise : les coûts,10
5201,Circuit économique,10
5202,RHC : Sujet de type bac : Groupe DOUX,14
5204,L'art de donner,10
5205,Ecole et famille,10
5206,Initiation à l'enzymologie,11
5207,Mesurer la croissance,10
5208,LA DIVERSITE DES ORGANISATIONS PRODUCTIVES,10
5210,Travailler son orientation post bac grâce à une séquence d'e-learning,14
5211,Références de textes clés sur le thème de la justice sociale,10
5212,La réputation de la grande entreprise est-elle un actif spécifique ?,14
5213,faire simplement des exercices interactifs,10
5214,le marché du travail,10
5216,Les asymétries d'information,10
5217,La consommation : un marqueur social ?,10
5218,Un texte à trous sur les différentes formes d'égalité,10
5220,Un mot croisé pour réviser les différentes formes d'égalité,10
5221,La détermination du taux de change,10
5222,Enseigner la phrase complexe à une classe hétérogène au collège,3
5223,TRAAM 2013-2014 : l'utilisation des terminaux mobiles dans l'enseignement et dans l'accompagnement des élèves,14
5224,Film : Ressources humaines,10
5225,Bowling for Columbine,10
5226,Le marché,10
5228,Comment expliquer les différences de pratiques culturelles ?,10
5229,"Un travail à domicile, sur la lecture des tables de mobilité sociale, avec Google Drive",10
5232,"Endurance : Graphiques individualisés, et évaluation.",2
5233,Stage FPC Hip Hop,2
5234,Escalade : un outil vidéo pour les élèves,2
5235,Utiliser Dartfish en musculation,2
5236,Infoteknik,14
5237,Les variations des taux de change : l'exemple euro/dollar (séquence de travaux dirigés),10
5239,Différenciation par les processus d'apprentissage - Élaborer un document de synthèse permettant de caractériser un régime totalitaire,5
5240,Un cours bi-disciplinaire Inné/Acquis,10
5241,Analyse du film My son the fanatic,10
5242,Base d'Images 3D pour l'EPS,2
5243,Comment l'entreprise produit-elle ?,10
5244,"La consommation, un marqueur social ?",10
5245,Qui produit des richesses ?,10
5246,"Le diplôme, un passeport pour l'emploi ?",10
5247,Construction européenne et politiques publiques,10
5248,TRAVAILLER SUR L'ENTREPRISE EN MOTIVANT LES ELEVES DE SECONDE,10
5249,"Un exercice de révision sur le thème des classes sociales et de la mobilité sociale, avec google drive",10
5250,Mobilité sociale,10
5251,"Un extrait de l'émission ""Capital"" sur M6 consacré au marché des fruits et légumes",10
5252,Délocalisation : Lejaby ne fait pas dans la dentelle (2 mn 18 s) - Une émission diffusée par Télé Lyon Métropole,10
5254,Fiche d’utilisation d’un microscope,11
5255,"Le monopole, un équilibre inefficace",10
5256,"Acrosport : Programmes EPS, Compétences attendues dans les APSA et socle commun de connaissances et de compétences",2
5257,"Badminton : Programmes EPS, Compétences attendues dans les APSA et socle commun de connaissances et de compétences",2
5258,Le Dessous Des Cartes (émission diffusée sur Arteplus7) - Délocalisations (10 mn 44 s),10
5259,L'histoire du salariat en France,10
5260,SMIC Jeunes (BFM Business),10
5261,DUO LOZERE - Terminale STMG Spécialité Mercatique,14
5262,"Le budget de l'État, comment ça marche ? (Dessine-moi l'éco)",10
5263,À quoi sert le budget de l'Union Européenne ? (Dessine-moi l'éco),10
5264,La protection sociale en France (Dessine-moi l'éco),10
5265,Comment expliquer la hausse du prix du logement en France (Dessine-moi l'éco),10
5268,Femmes et hommes dans la société des années 1950 aux années 1980,5
5270,"la CMS3, ou mise en projet de l'élève, à travers l'activité Arts du cirque",2
5271,Préparer une épreuve de sprint en natation,2
5272,Concevoir un projet demi-fond en 6° et 5°,2
5273,Analyse GPS pour la Course d'Orientation via le logiciel Quickroute,2
5274,Le budget de la France (Docteur CAC),10
5275,La séparation des pouvoirs (LCP),10
5276,Le budget de l'État (C'est pas sorcier),10
5277,"Service public : EDF, les apprentis sorciers (France 5)",10
5278,"Vidéos activités classe inversée, veille technologique, twitter, tablettes tactiles",14
5279,[TICE-2015] : Liaison apprentis-lycée avec MOODLE,14
5280,Tennis de table : observation en EPS (Fiche Excel),2
5281,Mettre en scène un extrait de L'Avare par un travail sur les didascalies,3
5282,CP5. Course de durée,2
5283,CP5 Musculation,2
5284,CP5 STEP,2
5285,Projet pédagogique EPS du collège Lafontaine à Missillac.,2
5286,juger de la prise de décision en escalade,2
5287,La pollution industrielle en Chine (NTDTV),10
5288,Pollution : le cas Granjas Carroll au Mexique,10
5289,la redistribution des revenus,10
5290,Le circuit économique,10
5291,Evaluation BAC - Volley-Ball,2
5292,Ménages et consommation,10
5293,Un grand pari(s) osé ou réalisable ?,5
5294,Les inégalités hommes femmes,10
5295,une présentation de la productivité,10
5296,Le chômage a travers,10
5297,L'intégration des immigrés,10
5298,film sur Privatisation et externalisation,10
5299,"Le transport fluvial, base d'une réussite durable du Grand Paris ?",5
5300,La population active avec Excel,10
5301,Le chômage avec Excel,10
5302,L'ascenseur social en panne ?,10
5303,Devoir Sur Socialisation Culture,10
5304,Faire des recherches sur Internet,10
5305,"L'Union Européenne, nouveau territoire de référence et d'appartenance",5
5306,La mobilté sociale,10
5307,Le développement durable :,10
5308,TBI : les différentes formes de mobilité sociale,10
5309,Une classe puzzle où chaque pièce est indispensable à la construction du tout,14
5310,Banque de sujets d'oraux en S.E.S.,10
5311,"Mobilité sociale et éducation : parcours scolaires, parcours sociaux et représentations.",10
5312,Comment devenir des acteurs sociaux,10
5313,Club d'investissement,10
5314,La mobilité sociale,10
5315,"Emotions, escalade, troubles autistiques : éléments de réflexion",2
5316,Marche Adaptée - Une proposition d'évaluation au Bacchalauréat,2
5318,[TICE-jeux Sérieux] : Présentation des Serious games en orientation,14
5319,TD sur les caractéristiques des NMS à partir des vidéos de l'INA,10
5320,L'évolution des conflits,10
5321,Les relations sociales dans l'entreprise,10
5322,Forum sur les prestations sociales,10
5323,Les outils mathématiques,10
5324,Quelques aspects de la mondialisation illustrés par l'exemple du coton,10
5325,La pédagogie de projet dans nos enseignements : la création d'une unité de production,10
5326,Documentaire : il était une fois le salariat,10
5327,Construire un TD,10
5329,La valeur ajoutée,10
5330,Toupie et pauvreté,10
5331,Le financement participatif (ou crowfunding),14
5332,le projet de loi de finances 2008,10
5333,Formes juridiques des entreprises,10
5334,Les revenus des ménages,10
5335,La parité,10
5336,La consommation,10
5337,Comment le budget de l'État permet-il d'agir sur l'économie ?,10
5342,S'exprimer clairement à l'écrit et à l'oral,10
5343,Produire une synthèse,10
5344,Comment programmer une application Android ?,13
5345,Supports pour l'enseignement de l'économie en première STMG,14
5346,La détermination du volume de production,10
5347,Les économies d'échelle.,10
5348,Usage innovant de la vidéo en Hôtellerie et Restauration - Scénario pédagogique TRAAM 2015-2016,14
5349,la dissertation en SES,10
5350,"exercicessur l'entreprise, un espace de relations économiques et sociales",10
5352,"QCM sur le thème ""contrôle social et déviance""",10
5353,Visite de l'entreprise Poujoulat,10
5354,TD Syndicats en France,10
5355,Les tontines : un autre système d'entraide,10
5356,"Lien social, politique, marchand",10
5357,Statgraph - Les entreprises,10
5358,La mobilité sociale,10
5360,Vers un cycle de hand-ball en milieu scolaire,2
5362,Le financement de l'économie,10
5363,La coordination du marché,10
5364,Le pouvoir d'achat,10
5365,Numérique] : Outils collaboratifs et utilitaires,14
5366,[TICE-Jitsi Meet] : Outil de web conférence simple d'utilisation,14
5367,Outils statistiques,10
5369,Introduction à la dissertation,10
5370,Actions des pouvoirs publics,10
5371,Coût du travail et emploi,10
5372,L'arbitrage,2
5373,Quels sont les déterminants du commerce international ?,10
5374,Les discriminations,10
5375,Eléments de correction dissertation,10
5376,WALMARTISATION ? SUCCES & REVERS DE LA STRATEGIE D'UNE ENTREPRISE INTERNATIONALE : WAL-MART,10
5377,Le financement des entreprises,10
5378,Facteurs de production et création de richesse dans l'entreprise.,10
5379,Présentation des économies d'échelle.,10
5380,Le demi-fond au lycée : problématiques à dépasser.,2
5381,Le processus de tâtonnement du marché,10
5382,"Une présentation sur les sources de la croissance économique, avec Prezi",10
5383,conférence sur les banques et la crise,10
5385,La Protection Sociale,10
5386,Guide pour étudier la parité,10
5387,Vers un cycle de lutte en milieu scolaire,2
5388,Consolidation EPS en 6ème,2
5389,Fiches illustrées à destination des élèves,2
5390,"Robert Badinter, un témoin, un acteur",5
5391,Guide pour étudier les revenus primaires,10
5392,La création et la concentration des entreprises,10
5393,Entreprises individuelles et sociétés,10
5394,Réaliser un tableau croisé avec Open Office,10
5395,Débattre pour argumenter,10
5396,Diaporama Les graphiques semi-logarithmiques,10
5397,Un mot croisé pour réviser les notions clefs du chapitre sur la justice sociale,10
5398,Contibution de l'E.P.S. à l'éducation à la santé,2
5399,L'échauffement,2
5400,Adaptation de l'organisme au froid et au chaud,2
5402,Le soleil et la peau,2
5403,Diplôme et Emploi,10
5404,Réflexion sur l´approche des publics difficiles en E.P.S.,2
5405,10 règles simples pour obtenir l'adhésion des élèves,2
5406,Gestion des dispensés en lycée,2
5407,Course de durée - Itinéraires de découverte.,2
5408,EC2 et Correction,10
5409,Sécurité et EPS,2
5410,Différences de pratiques cuturelles,10
5411,Questionnement sur la mise en oeuvre de l'EPS au baccalauréat 2003.,2
5412,Un monde urbain qui s'affirme (XIème-XIIIème siècle),5
5413,Comment devenir des acteurs sociaux ?,10
5414,Simuler les effets de la variation de la durée du travail,10
5415,TD : Les moyens d'action des pouvoirs publics,10
5416,La protection sociale avec les TICE,10
5417,Des exercices interactifs pour l'apprentissage de la dissertation en classe de première,10
5418,Générateur de carrés magiques de Nicholas Kaldor (1908-1986),10
5419,"Taux de marge, taux d'investissement et taux d'autofinancement des SNF en France depuis 1949.",10
5420,La croissance française depuis 1950.,10
5421,Analyse d'une affiche publicitaire pour une automobile,10
5422,Les politiques économiques avec Arbres (Arborescences des notions de sciences économiques et sociales),10
5423,Les types de financement avec Arbres (Arborescences des notions de sciences économiques et sociales),10
5424,Qui produit des richesses avec Arbres (Arborescences des notions de sciences économiques et sociales),10
5425,"T7 Se cultiver, s'informer",13
5426,Création Automatique de barèmes,2
5427,Les revenus avec Arbres (Arborescences des notions de sciences économiques et sociales),10
5428,Raconter en musique,5
5429,Actifs/Inactifs avec Arbres (Arborescences des notions de sciences économiques et sociales),10
5430,La notion d'investissement,10
5432,La stabilité des prix,10
5433,Mesurer les inégalités,10
5434,TraAM : Travailler avec une ressource en ligne - Iconothèque de l'Océan Indien,5
5435,Le marché des droits à polluer,10
5436,La consommation : un marqueur social ?,10
5437,Méthodologie de la dissertation,10
5438,Méthodologie de la dissertation,10
5439,Exercice sur les tables de mobiité sous TBI,10
5441,Travailler la séquence sur les PCS avec le TBI,10
5442,Préparation d'une dissertation sur le développement durable sous TBI,10
5443,La création d'une entreprise : un jeu de fiches,10
5444,La création d'entreprise : un exemple pour travailler avec des élèves de DNL,10
5445,EC1 Montrez que le processus de socialisation diffère selon les milieux sociaux,10
5446,"Exercice vidéo de révisions du chapitre Commerce international,croissance et développement",10
5447,Réaliser un exercice interactif sur IKEA,10
5448,Exercice vidéo sur l'OMC,10
5449,Travailler la structure d'une dissertation,10
5450,La répartition de la valeur ajoutée (diaporama),10
5451,La consommation (diaporama),10
5452,Les biens collectifs,10
5453,Les externalités,10
5454,Les graphiques circulaires : les prestations sociales,10
5455,Protection sociale,10
5456,Développement durable,10
5457,Notion de droits...,2
5458,Tutoriel pour projet d'EPS,2
5459,Pourcentages,10
5460,Qu'est-ce que le pouvoir d'achat ? Et comment évolue-t-il au cours du 20ème siècle ?,10
5461,Exemple de scénario pédagogique : Echauffement  B2I,2
5462,Adapter l'évaluation au baccalauréat pour les élèves inaptes partiels,2
5463,ADAPTER L´EPS AUX INAPTES PARTIELS,2
5464,Asthme et Sport,2
5465,Les données du lycée,10
5466,Quel impact la croissance du pouvoir d'achat a-t-elle eu sur la consommation ?,10
5467,Dans quelle mesure les déterminants sociaux influencent-ils la consommation ?,10
5468,Aider l'élève à s'engager en toute sécurité en Gymnastique sportive,2
5469,Dans quelle mesure la publicité conditionne-t-elle les consommateurs ?,10
5471,Socialisation et identités sociales,10
5472,Gestion de championnat,2
5473,Construire des séances après une évaluation de la VMA,2
5474,Graphique de temps de passage,2
5475,évaluer la gestion du rapport de force entre les deux joueurs.,2
5476,Calcul de la régularité.,2
5477,nomogrammes,2
5478,Calcul des notes individuelles en endurance sur un test de 20' -,2
5479,Calcul des notes individuelles en endurance -,2
5480,Calcul des notes individuelles en endurance -,2
5481,Course d'orientation -,2
5482,Badminton -,2
5483,Badminton : feuille de gestion des défis,2
5484,Evaluation BAC 2003 avec Excel,2
5485,L'outil informatique au service des apprentissages en gymnastique,2
5486,Epreuve de relais 2*40m. -,2
5487,saisie d'informations et traitement en temps réel.,2
5488,Février 2004 - Evaluation Bac 2004 - Epreuve de Volley.,2
5489,Evaluation Bac 2004 - Epreuve de Course d'orientation.,2
5490,Saisie d'informations et traitement en temps réel. Tennis de table -,2
5491,11/2003 - Relais: course au temps.,2
5492,Evaluation sports collectifs.,2
5493,conversion d'une vitesse en temps de passage,2
5494,Course de durée - Fiches de temps de passage,2
5495,Course de durée - Programme d'aide à l'évaluation,2
5496,Course de durée - Chronomètre pour la régularité,2
5497,Comparaison projet de course d'un élève par rapport à la course réalisée,2
5498,La diversité des entreprises,10
5499,Quelle est la richesse créée par les entreprises ?,10
5500,Comment les innovations permettent-elles d'augmenter la productivité ?,10
5501,La productivité contre l'emploi ?,10
5502,La formation des prix,10
5503,"La carte heuristique, carte d'orientation dans l'analyse de la phrase complexe.",3
5504,Les comportements ne sont pas innés,10
5505,Filles et garçons : une socialisation différente,10
5506,Filles et garçons face à l'école,10
5507,Famille et processus de socialisation,10
5508,Rôle de l'école dans le processus de socialisation,10
5509,Chemins de traverse heuristiques...,3
5510,"La socialisation, un processus différencié",10
5511,Comment le prix peut-il influencer la décision d'achat 1,10
5512,Etude de la notion d'élasticité,10
5513,Comment le revenu peut il influencer la consommation? (video sur le SMIC),10
5514,Effet des prix sur le pouvoir d'achat (video sur le pouvoir d'achat à Paris et à Bordeaux),10
5515,Observation des oiseaux de l'environnement,13
5516,Entreprises et production,10
5517,"Classes populaires, territoires périurbains, droitisation et votes FN",10
5518,Sauvons les grenouilles,13
5519,karaté 3,2
5520,karaté 2,2
5521,La formation des gamètes.,11
5522,Le bouleversement du marché de l'information : les mécaniques du « croire »,10
5523,Qui produit des richesses?,10
5524,Comment les revenus et les prix influencent-ils les choix des consommateurs ?,10
5525,La consommation : un marqueur social,10
5526,Frottis de yaourt coloré par la méthode de Gram,11
5527,Exercices sur la BCE,10
5528,Entraînement à l'étude d'un document : Vous présenterez le document puis vous montrerez le lien entre origine sociale et position sociale.,10
5529,Accès aux soins dentaires en France,10
5530,La formation des prix sur un marché : le marché de l'immobilier à Marseille,10
5531,Situation complexe en Badminton Cycle3 Séquence N°1,2
5532,Quelles sont les formes institutionnelles de l'ordre politique ?,10
5533,Les effets positifs des gains de productivité,10
5534,"La retraite par répartition : fonctionnement, difficultés, solutions et alternatives",10
5535,Activité sur le déclin de la classe ouvrière,10
5536,Entraînement à l'étude d'un document : Vous présenterez le document puis vous comparerez la répartition des étudiants dans les différentes filières selon l'origine sociale.,10
5537,Visite d'entreprise,10
5538,Identifier une ZIP,5
5539,Travailler sur les indices,10
5540,Les organisations productives,10
5541,Valeur relative - valeur absolue,10
5542,Beurre,7
5543,Le lien emploi - chômage,10
5544,Cas SUDCOLEC,14
5545,"Dans un monde aux ressources limitées, comment faire des choix ?",10
5546,Jeu et Utilité,10
5547,natation synchronisée,2
5548,Comment faire des choix ?,10
5549,CP5 - Bases de données d'exercices pour l'enseignement de la Musculation,2
5550,saut1,2
5551,Enseignement du volleyball en classe de 5e,2
5552,Sauvetage  -  Contenus d'enseignement : exemple emprunté dans un projet pédagogique.,2
5553,Enseigner l'escalade en 6e,2
5554,L'ESCALADE - Du niveau 1 au niveau 4,2
5556,L'acrosport : activité à visée acrobatique,2
5557,Comment les individus s'associent-ils pour constituer des groupes sociaux ?,10
5558,Groupes primaires / groupes secondaires,10
5559,saut 4,2
5561,Comment les réseaux sociaux fonctionnent-ils ?,10
5562,Réseaux sociaux,10
5563,Algo’scape : au cœur des algorithmes,7
5564,La formation des prix,10
5565,"Séquence sur ""Comment devenons-nous des acteurs sociaux ?""",10
5566,"Un cours sur la question : ""Le diplôme, un passeport pour l'emploi ?""",10
5567,Le protectionnisme,10
5568,L'efficacité du système redistributif,10
5569,Asymétries d'information,10
5571,"Questionnaire sur ""Les monarques de la Vème République""",10
5572,Développement durable et décroissance,10
5573,hand3,2
5574,La musculation (travaux du GRP CC5) (Rouen),2
5576,Un texte lacunaire bilan,10
5577,EC1 Vous rappellerez la distinction entre revenus primaires et revenus de transfert.,10
5578,Loi des rendements marginaux décroissants,10
5579,Comment un producteur détermine-t-il son volume de production pour atteindre un profit maximum ?,10
5580,Comment le producteur effectue-t-il ses choix ?,10
5581,Comment les revenus et les prix influencent-ils les choix des consommateurs ?,10
5582,Les inégalités de revenu disponible (un diaporama),10
5583,La consommation : un marqueur social ?,10
5584,Evolution des rapports de forces au badminton et en tennis de table.,2
5585,ADAPTER L'EPS AUX INAPTES PARTIELS,2
5586,Qui produit des richesses ?,10
5587,ATPTournoi : fiche Excel de gestion de défis entre élèves,2
5588,Comment et combien produire,10
5589,Comment devenons-nous des acteurs sociaux ?,10
5590,balancer 13,2
5591,Être professeur d'éducation physique et sportive en 2009,2
5592,Comment devenons-nous des acteurs sociaux ?,10
5593,Comment expliquer les différences de pratiques culturelles ?,10
5594,Conférence : L'apprentissage par imitation et les interactions d'apprentissage dans la classe,2
5595,Le socle commun,2
5596,Protozoaires en mouvements - 3 vidéos disponibles,11
5597,gym tourner cote,2
5598,Les savoir-faire en classe de seconde,10
5599,ski chasse neige AR,2
5600,Des individus aux groupes sociaux,10
5601,"Dans un monde aux ressources limitées, comment faire des choix ?",10
5602,Evaluer la performance économique et financière des entreprises,10
5603,Défaillances du marché et possibilités de déséquilibres macroéconomiques,10
5604,Les fonctions de régulation économique de la puissance publique,10
5605,"Réviser des connaissances, la drépanocytose",11
5606,Basket-ball : le collectif en attaque et en défense,2
5607,Comment le budget de l'Etat permet-il d'agir sur l'économie ?,10
5608,Course en durée adaptée et Marche fractionnée adaptée,2
5609,Capital humain et milieu social,10
5610,Fiches de travail pour l'accompagnement personnalisé (ou des TD),10
5611,Enseigner le karaté au collège,2
5612,Les mécanismes du marché,10
5613,La prise en compte des compétences générales dans l’évaluation en classe de 3ème,2
5614,Diplôme et emploi,10
5615,"Travailler avec un TBI en EPS : Scénario 3, un bilan objectif partagé. Le montage vidéo : un bilan objectif qui assoie un cours et qui donne du sens à la leçon à venir (Le TBI du professeur)",2
5616,Réussite scolaire et origine sociale,10
5617,Réussite scolaire et origine sociale,10
5618,Découvrir une entreprise du CAC40,10
5619,Marché du bluet,10
5620,Origine sociale (tableur),10
5621,Arts du cirque,2
5622,Débat SMIC,10
5623,Adaptation de l'enseignement de l'EPS en service psychiatrique,2
5624,La socialisation (sensibilisation),10
5625,La diversité des marchés,10
5626,Recueil d'informations en Basket-BAll,2
5627,La BCE,10
5628,Les limites du marché,10
5629,Les politiques monétaires,10
5630,COMPRENDRE LA CRISE DE LA ZONE EURO,10
5631,La détermination graphique de la quantité qui maximise le profit,10
5632,Coûts et recettes (tableur),10
5633,Activité sur les parts,10
5634,Institutions et droits de propriété : l'exemple de la Révolution industrielle,10
5635,Dissertation et Epreuve composée,10
5636,Comment la socialisation de l'enfant s'effectue-t-elle ?,10
5637,La socialisation selon le genre,10
5638,De la socialisation de l'enfant à la socialisation de l'adulte,10
5639,Famille et Socialisation,10
5640,Ecole et Socialisation,10
5641,Genre et Socialisation,10
5642,Culture de masse,10
5643,Pratiques culturelles différenciées,10
5644,IDE et Délocalisations,10
5645,Classe sociale (en soi) chez Marx,10
5646,PcAPSA et PocketAPSA : Logiciels en,2
5647,PcAPSA et PocketAPSA : Logiciels,2
5648,Conflit et changement social (Castel),10
5649,L'image numérique au service des apprentissages en EPS,2
5650,"Les différences entre les régimes parlementaires, présidentiels et semi-présidentiels",10
5651,Les règles de base du fonctionnement des campagnes présidentielles,10
5652,EPS et Handicaps : Intégration en EPS des élèves en situation de Handicap (Bilan Stage FPC 2007),2
5653,Les règles de base du mode de scrutin en France,10
5654,L'image numérique au service des apprentissages en EPS : quelle image ?,2
5655,Baccalauréat en CCF et ponctuel - Référentiels et textes nationaux,2
5656,Baccalauréat examen ponctuel terminal,2
5657,"Dossier Référentiels, textes nationaux et académiques",2
5658,Évaluation de l'EPS aux Examens de la voie professionnelle - Examens ponctuels terminaux,2
5659,EPS et maîtrise de la langue,2
5660,Sécurité et EPS,2
5661,Comment les médias peuvent mettre à l'ordre du jour certains enjeux en période électorale,10
5662,Les règles de base du vote en France,10
5663,Escalade : proposition pour la définition d'un niveau 1 collège,2
5664,"L'image numérique au service des apprentissages en EPS - VLC, un outil remarquable",2
5665,L'image numérique au service des apprentissages en EPS - Organiser les ressources avec Impress,2
5666,Comment les hommes politiques utilisent le langage dans les médias pour véhiculer leurs messages,10
5667,Comment les hommes politiques utilisent les médias pour mettre en scène leur image,10
5668,Certaines organisations politiques peuvent parfois destabiliser la démocratie,10
5669,Comportement électoral : l'abstention,10
5670,Comment devenons-nous des acteurs sociaux ?,10
5671,Les institutions européennes,10
5672,"Feuilles de calcul pour épreuves à barème - CAP, BEP en CCF",2
5673,Qu'est-ce que la politique de la concurrence ?,10
5674,volley-ball - Niveau 3ème,2
5675,Valider les Items du B2I Lycée,2
5676,"B2I Lycée - EPS : un exemple de ""Mission"" balisée strictement",2
5677,B2I Lycée : Des parcours vivants ! Droit d'exploitation de l'image en EPS,2
5678,B2I Lycée : Des parcours vivants ! Droit du logiciel et EPS. Vers une compréhension du droit du logiciel autour des usages vidéos,2
5679,"B2I Lycée : Des parcours vivants ! Droit Audio et EPS- Vers une compréhension du droit d'écoute privé et public, légalité des téléchargements mp3",2
5680,Livret interactif : Reims et son agglomération,5
5681,B2I Lycée : Des parcours vivants ! le wiki comme outil créatif et coopératif,2
5682,Travailler avec un Tableau Numérique Interactif en EPS,2
5683,"Travailler avec un TBI en EPS : Scénario 1, le commentaire d'image statique",2
5684,"Travailler avec un TBI en EPS : Scénario 2, le commentaire d'images dynamiques.",2
5685,"Travailler avec un TBI en EPS : Scénario 4, Une bonne animation vaut mieux qu'un long discours.  Un dos pour la vie ! (le TNI du professeur)",2
5686,"Travailler avec un TBI en EPS : Scénario 5, La démonstration de l'expert décodée (le TNI de l'élève et du professeur)",2
5687,Course longue - Niveau collège,2
5688,"Travailler avec un TBI en EPS : Scénario 6, Conceptualisation d'une situation avec les élèves.   Schémas tactiques et routines en VB",2
5690,Travailler avec un TBI en EPS : Bilans,2
5691,Travailler avec un TBI en EPS : Fiches Tice,2
5692,Sécurité et EPS,2
5693,Principaux champs de la politique de la concurrence,10
5695,Principaux objectifs des sanctions de la politique de la concurrence,10
5696,Gestion des licenciés d'AS,2
5697,La politique contre les cartels,10
5698,Enseigner la Saisie de données sur Excel et exploitation graphique,2
5699,"Abus de position dominante, l'exemple Microsoft",10
5700,2nde THEME 4 :FORMATION ET EMPLOI,10
5701,Jouer avec les pourcentages,10
5702,"Club d'investissement. Séances 1&2, 3&4, 5&6, 7&8.",10
5703,Courses : Disposition de Lattes,2
5704,L'INSTITUTIONNALISATION DE LA SOCIOLOGIE EN FRANCE. PREPARATION A L'ORAL DU CAPES DE SES,10
5705,"faire d'une catastrophe, une étude de cas : le naufrage de l'Érika",5
5706,Les agents économiques et la classification des entreprises,10
5707,Didacticiel de calcul de moyennes séparées Filles / Garçons,2
5708,La « normalité » au sens de Durkheim,10
5710,Course durée - Classe de seconde,2
5711,Livret interactif : Provins une ville du Comté de Champagne au XIIIè siècle,5
5712,AP Organisée une réponse argumentée,10
5713,B2I : DES PROPOSITIONS CONCRETES POUR NOTRE DISCIPLINE,2
5714,Bilan expérimentation académique Dartfish,2
5715,Les mécanismes de la politique budgétaire,10
5716,Les approches de Marx et Weber,10
5717,Les mécanismes de la politique monétaire,10
5718,La diversité des unités productives dans le domaine de la santé,10
5719,Lettre de rentrée 2008,2
5720,Textes EPS en ligne,2
5721,Badminton : fiche de défis n°1,2
5722,Découverte du monde de l'entreprise,10
5723,EPS libre,2
5724,Programmes Collège Rentrée 2009,2
5725,Thèse en ligne : la construction des inegalites de reussite en eps au baccalaureat entre filles et garçons,2
5726,La productivité de la combinaison productive,10
5727,Modélisation de l'action de l'environnement et de la dérive génétique sur la fréquence allélique.,11
5728,Les facteurs de production et la valeur ajoutée,10
5729,Les pourcentages de répartition: une application à la consommation des ménages.,10
5730,Les revenus primaires et secondaires,10
5731,"De l'hétérogénéité... à l'individualisation dans la classe, en EPS",2
5732,L'esprit plutôt que la lettre (socle commun et livret de compétences),2
5733,L'image numérique au service des apprentissages en EPS - Acteurs et organisation.,2
5734,L'image numérique au service des apprentissages en EPS - Matériel et Logiciels.,2
5735,L'image numérique au service des apprentissages en EPS - Créer un livret Multimédia,2
5736,L'image numérique au service des apprentissages en EPS - Tutoriels Kinovea,2
5737,Schéma sur les avantages du libre-échange,10
5738,Marché et prix,10
5739,S'approprier la notion de socialisation,10
5740,Comment l'activité économique est-elle financée ?,10
5741,Utilisation de la vidéo différée pour créer des feedbacks rapides et améliorer la progression des élèves,2
5742,Les déséquilibres macroéconomiques,10
5743,Chômage et taux de chômage: de quoi parle-t-on ?,10
5744,Utilisation d'un diférré vidéo en gymnastique pour la réalisation de mini enchaînements,2
5745,Comment mesure-t-on le chômage en France aujourd'hui ?,10
5746,Comment un marché concurrentiel fonctionne-t-il ?,10
5747,"Le diplôme, un atout gagnant pour les jeunes face à la crise",10
5748,PROPOSITION D'UNE DEMARCHE COMMUNE POUR SCOLARISER DES ELEVES PRESENTANT UN HANDICAP DANS UNE CLASSE,2
5749,La poursuite d'études: un investissement rentable,10
5750,Distinguer les groupes primaires et secondaires,10
5751,Le marché du travail des non qualifiés,10
5752,Comment se fixent les prix sur un marché ?,10
5753,Economie expérimentale:,10
5754,La notion FAB/CAF en podcast,10
5755,La difficile mesure des inégalités,10
5756,Ecriture collaborative  d'un sketch en classe de seconde,10
5757,Comment mesurer la productivité ?,10
5758,TICE ET ESCALADE,2
5759,"la CMS3, ou mise en projet de l'élève, à travers l'activité Arts du cirque",2
5760,Pocket Pc et tableau intéractif,2
5761,Possession-Tir-But ou PTB Max,2
5762,PDA Durée,2
5763,ATP Tournoi PDA,2
5764,Chronos : Chronomètres et calcul de régularité,2
5765,Comment concilier économie et écologie ?,10
5766,Prendre parti dans la lecture d’une oeuvre intégrale,3
5767,Une banque audio sous Licence Creative Commons pour supporter les enchainements en acrosport,2
5768,Livrets Multimédias Gym-Acrosport,2
5769,"Gymnastique : Programmes EPS, Compétences attendues dans les APSA et socle commun de connaissances et de compétences",2
5770,Fiche TRAAM : un scénario pédagogique adapté à l'usage de la Banque Audio,2
5771,TNI contrainte budgétaire,10
5772,Fiche TRAAM : un scénario pédagogique adapté à l'usage des Livrets Multimédias Gym-acrosport,2
5773,Fiche TRAAM : un scénario pédagogique adapté à l'usage des Livrets Multimédias Gym-acrosport,2
5774,Scolarisation d'un élève handicapé dans une classe ordinaire : Modélisation de la démarche d'enseignement,2
5775,TNI dessine moi l'éco pouvoir d'achat,10
5776,"Lutte : Programmes EPS, Compétences attendues dans les APSA et socle commun de connaissances et de compétences",2
5778,TNI politique budgétaire,10
5779,TNI le marché révisions avec socrative,10
5780,TNI dessine moi l'éco confiance,10
5781,TNI circuit,10
5782,"Mobilités, flux et réseaux de l'espace mondialisé",5
5783,TNI développement durable,10
5784,"Dossier Référentiels, textes nationaux et académiques",2
5785,"Enseigner l'EPS, enseigner le socle commun !",2
5786,Musculation en EPS - Cadre d'enseignement pour une pratique à moindre coût.,2
5787,Le projet d'EPS en ligne : Une collaboration facilitée,2
5789,"La fréquence cardiaque, un objet d'étude pertinent en CP5",2
5790,TNI protectionnisme,10
5791,TNI marché du travail,10
5792,TNI mondialisation,10
5793,"demi-fond : Programmes EPS, Compétences attendues dans les APSA et socle commun de connaissances et de compétences",2
5794,"Football : Programmes EPS, Compétences attendues dans les APSA et socle commun de connaissances et de compétences",2
5795,TNI spécialisation et échange,10
5796,Exercices interactifs pour s'entraîner aux épreuves de bac,10
5797,Scolarisation des enfants handicapés dans le système scolaire ordinaire : ce qu'il faut savoir,2
5799,CP5 les invariants,2
5800,Cartes mentales,10
5801,Travail collaboratif,10
5802,Tournoi AS « Sports de Raquettes »,2
5803,Débat numérique,10
5804,Expérimenter un protocole d'entraînement adapté à sa VMA,2
5805,Proposer un niveau d'exigence en course d'orientation,2
5806,Le déclassement,10
5807,formaliser un projet et se situer autour de la piste d'athlétisme lors d'une épreuve de demi-fond,2
5808,Le projet pédagogique EPS,2
5809,step paramètres liés aux mobiles,2
5810,musculation et paramètres de réalisation,2
5811,Les indicateurs alternatifs au PIB,10
5812,musculation évaluer les connaissances,2
5813,L'intégration,10
5815,La tête et les jambes,2
5816,Les politiques climatiques,10
5817,Les inégalités,10
5818,CP5 exploiter le ressenti de l'élève,2
5819,CP5 ressources pour l'élève,2
5820,EPS au-delà de la leçon,2
5821,déclinaison du socle commun en EPS - Collèges tous niveaux,2
5822,Les limites de la mondialisation,10
5823,formaliser un continuum de formation au collège,2
5824,EC1 : Montrez que les choix de consommation des individus s'effectuent sous contraintes.,10
5825,"organiser les connaissances, capacités et attitudes",2
5826,"L'eau, ressource essentielle : le Colorado",5
5827,"EC1 En prenant l'exemple de l'école, montrez que la socialisation s'effectue par divers mécanismes.",10
5828,Améliorer l'efficacité de son enseignement grâce à une meilleure utilisation de l'outil informatique,2
5829,Une séquence pédagogique réalisée en mai 2010 sur le niveau de revenu (son affecttation et son influence sur les types de consommation),10
5830,La CP 5 : savoir s'entrainer,2
5831,évaluer les compétences : obstacles et solutions pour l'enseignant d'EPS,2
5832,quelle situation pour construire des compétences ?,2
5833,Formaliser un continuum de formation au collège,2
5834,Une séquence pédagogique réalisée en mai 2010 sur les notions de revenu disponible et de pouvoir d'achat,10
5835,Une séquence pédagogique réalisée en mai 2010 utilisant des chansons pour montrer les déterminants sociaux de la consommation,10
5836,Les politiques de relance,10
5837,le processus de construction des compétences,2
5838,juger de la prise de décision en escalade,2
5839,Les tables de mobilité.,10
5840,Vers un cycle de boxe française en milieu scolaire,2
5841,Vers un cycle d'acrosport en milieu scolaire,2
5842,l'approche par compétences : regard sur quelques années d'expérience,2
5843,"l'entrée par les activités physiques et sportives et artistiques, c'est possible … sous certaines conditions.",2
5844,"les attitudes, composantes fondamentales de la construction des compétences",2
5845,GAIPAR N°1,2
5846,GAIPAR N°2,2
5848,Les trois approches du PIB,10
5849,"Un exercice permettant de vérifier les acquis des élèves sur le fonctionnement du marché du travail, avec un formulaire google drive.",10
5850,Un exemple d'évaluation,10
5851,Un exemple d'évaluation,10
5852,Un exemple d'évaluation,10
5853,Un exemple d'évaluation,10
5854,Découvrir l'IDH et ses composantes,10
5855,AP : EPS et TICE pour un approfondissement des connaissances,2
5856,Instruments d'appréciation des troubles cognitifs et procédures d'adaptation en EPS.,2
5857,e-nov EPS n°2 : la construction de compétences,2
5858,Analyser la conjoncture,10
5859,Atelier FIG 2019 : Présenter l'itinéraire d'une famille de migrants avec une narration multimédia,5
5860,Le produit (PIB) et la croissance économique,10
5861,"PIB, PIB par habitant et IDH",10
5862,PIB et TCAM,10
5863,TICE et escalade,2
5865,Lycées : projets EPS et Evaluations,2
5866,La conjoncture des années 90 vue à l'aide des outils de la comptabilité nationale,10
5867,Outil Excel de Gestion des Comptes de l'AS Version 3.0 du 26/10/2012,2
5868,Réduction des droits de douanes et explosion des échanges,10
5869,Outils Tice Bac Général et Technologique Session 2013,2
5870,Travailler coopérativement avec Etherpad : de la théorie à l'exemple en français,3
5871,"Compte rendu de formation, action école-collège, support EPS",2
5872,Des applications Ipad et Iphone pour le professeur E.P.S.,2
5873,Un module sur l'euro,10
5874,Comment le capital social peut-il être une solution à la « tragédie des biens communs » ?,10
5875,Développer l'autonomie chez un élève d'une classe d'ULIS,2
5876,Badminton au collège (Application Androïd),2
5877,Quantiles et courbe de Lorenz,10
5880,Danse Cirque : stage FPC,2
5881,Banque d'outils d'évaluation A2 - B1 Allemand,6
5882,Outil Tice pour la marche adaptée,2
5883,Voie professionnelle et santé,2
5884,e-nov EPS N°11 : une réforme pour l'élève,2
5885,e-nov EPS N°12 : ce qu'il y a à apprendre,2
5886,e-nov EPS N°13 : regards externes sur la refondation de l'Ecole,2
5887,Les déciles : Distribution des niveaux de vie avant redistribution,10
5888,Forum des AS,2
5889,Installation et utilisation d'un TNWii,2
5890,TRAAM : Utilisation de la Baladodiffusion en EPS,2
5891,Les PCS,10
5892,La mobilité sociale,10
5894,Mobilité observée et fluidité sociale,10
5895,Exercice d'appariement sur la mobilité intra/ intergénérationnelle,10
5896,Exercice d'appariement sur les formes de mobilité,10
5897,Exercice d'appariement sur les formes de solidarité,10
5898,"Un livre interactif pour réviser le thème ""Quels liens sociaux dans des sociétés où s'affirme le primat de l'individu ?""",10
5899,séquence pédagogique en espagnol  El poder de la literatura,6
5900,"Un livre interactif pour réviser le thème ""Quels liens sociaux dans des sociétés où s'affirme le primat de l'individu ?""",10
5901,"Prendre un peu aux plus aisés, cela ferait combien pour les plus modestes ?",10
5902,niveau 3 : le savoir s'entrainer en step,2
5903,Exercice d'appariement sur les modèles de la protection sociale,10
5904,Utililisation du logiciel Medianalyse : Fiche d'accompagnement,2
5905,e-nov EPS N°4 : les pratiques d'évaluation,2
5906,Comment les pouvoirs publics peuvent-ils contribuer à la justice sociale ?,10
5907,Séminaire Handicap et EPS Académie de Lyon - 4 Mai 2012,2
5908,CP3 : Formation Curriculaire dans les Enseignements Artistiques et Acrobatiques,2
5909,Regards portés sur les acquis et l'orientation,2
5910,"DNB : de la contrainte à la liberté, de l'égalité à l'équité",2
5911,Exercice interactif sur les analyses classiques et keynésiennes du marché du travail et politiques pour l'emploi,10
5912,Sécurité et EPS,2
5913,Chronomètre Version 4,2
5914,Utilisation d'Aurasma (logiciel de réalité augmentée) en EPS,2
5915,CP5 et enseignement : la course en durée,2
5916,Comment un marché concurrentiel fonctionne-t-il ?,10
5917,CP5 et enseignement : le step,2
5918,CP5 et enseignement : les invariants,2
5919,CP5 et enseignement : la musculation,2
5920,Niveau 4 : le savoir s'entrainer en musculation,2
5921,"Légions, céramiques sigillées et romanisation au tournant de notre ère le long du Rhin et en Germanie",5
5922,Niveau 3 : le savoir s'entrainer en musculation,2
5923,Boitier à vote,2
5924,Usages vidéo,2
5925,"Fiche ressource Escrime, Niveaux 1 et 2",2
5926,"regarder pour prendre conscience, analyser pour comprendre et progresser",2
5927,Commenter l'image avec Pointofix,2
5928,Usages vidéo,2
5929,niveau 4 : le savoir s'entrainer en step,2
5930,step : aide vidéo sur les pas de bases,2
5931,Course de Demi-Fond : Fiche Excel évaluation DNB 2013,2
5932,e-nov EPS N°5 : le travail en équipe,2
5933,Acro'TICeps: développer l'autonomie en Acrosport,2
5935,Fiches d'évaluations au DNB,2
5936,Gym'EPS : logiciel de progression en Gymnastique Artistique avec description des ateliers de travail,2
5937,formation de proximité course en durée,2
5938,Le Handicap,2
5939,Volley-ball - Evaluer les niveaux de pratique,2
5940,Les 5 niveaux de compétence attendues en Danse,2
5941,Structure des protéines,11
5942,CP 1 : S'adapter à des publics différents,2
5943,CP 3 : Prendre des repères sur l'activité des élèves,2
5944,Fiche d'aide à la validation du Savoir Nager,2
5945,Course de Demi-Fond : Fiche Excel d'aide à l'évaluation du Niveau 1,2
5946,Tutoriel : installation de fichier iWork sur iOs,2
5947,Fiche Excel d'aide à l'évaluation Relais pour le DNB,2
5948,Step'EPS : diaporama de vidéos de step niveau 1 et 2,2
5949,Cirqu'EPS : Diaporama de vidéos de figures de cirque,2
5950,Tennis de table : Exercices niveau 2,2
5951,Tutoriel : Utilisation du logiciel Kinovea,2
5952,Faire l'appel sur son iPhone ou iPad,2
5953,Reproduction sexuée des plantes à fleurs,13
5954,"Acro'EPS : répertoire de pyramides (duos, trios, quatuors et figures dynamiques) en acrosport",2
5955,e-nov EPS N°6 : le suivi,2
5956,Course d'Orientation : continuum de formation de l'élève de la 6ème à la terminale,2
5957,Utilisation du logiciel Mr. Smooth (modélisation 3D de nage),2
5958,Enquête au cœur d'Andromaque,3
5959,"transformez votre PC, iPads, tablettes Androïd et Smartphones en TBI (tableau blanc interactif)",2
5960,e-nov EPS N°8 : de la théorie à la pratique,2
5961,Comment créer un réseau WIFI gratuitement dans votre gymnase,2
5962,Utiliser une GoPro en EPS,2
5963,Scoreur pour toutes APSA,2
5964,"Proposition de continuum de formation 6° - Terminale en BF, TT, Lutte, Ulti, Bad, Foot et Handball",2
5966,Code commun gym,2
5967,"VMA, allures théoriques et temps de passage",2
5968,CP 4 : Les aprentissages techniques au service des compétences,2
5969,Créez et partagez vos productions Aurasma (logiciel de réalité augmentée),2
5970,CP 5 : musculation en LP,2
5971,SimulCourse,2
5972,le Code Gym UNSS en vidéo,2
5973,Tutoriel Sprint Timer,2
5974,Diaporama interactif en gymnastique,2
5975,Tableur pour évaluation en natation (N1 et N2),2
5976,Tâche complexe en musculation N4,2
5977,La CP5 en 4 étapes,2
5978,Tutoriel : Chronométrer avec SprintTimer,2
5979,Numérique éducatif : intégration du modèle SAMR en EPS,2
5980,Bilan Stage APPN / sorties Scolaires dans le 2nd degré,2
5981,PowerPoint : Fenêtre pop-up et menu dynamique,2
5982,Compte Rendu stage : Utilisation du tableur en EPS (05/12/2014 - EPS0604),2
5983,GYM 6ème,2
5984,e-nov EPS N°9 : EPS et accrochage scolaire,2
5985,e-nov EPS N°10 : l'école coopérative,2
5986,Compte Rendu AEEPS : Atelier de pratique « Le tennis de table scolaire. Niveau 1 & Niveau 2 »,2
5987,Acrosport en 5ème (Application Androïd),2
5988,Saut de cheval en 4° (Application Androïd),2
5989,Vitesse relais,2
5991,L'espace caribéen depuis 1945,5
5992,Mémoires de la grande guerre : témoignages et reconstitution,5
5994,Est-il juste de payer des impôts ?,10
5995,Les différentes formes de flexibilité,10
5996,La flexicurité : Le modèle danois,10
5999,Syndicats : Le modèle suédois,10
6000,Quelle est la place de l'UE dans l'économie globale ?,10
6001,La politique monétaire dans l'impasse - crise et taux de change de l'euro,10
6004,Les conflits sociaux,10
6005,Les politiques conjoncturelles,10
6007,Concevoir un protocole sur les courants d’eau,11
6009,"La vie sans ""AAA""",10
6010,Des exercices interactifs pour l'EC2,10
6011,Le chômage: des coûts salariaux trop élevés ou une demande insuffisante?,10
6012,Les formes et les fonctions de la monnaie,10
6013,Les modalités de diffusion des sciences au XVIIIe siècle : la question de la figure de la Terre et la révolution newtonienne,5
6014,Croissance et développement,10
6015,Création d'un livre numérique multimodal pour laisser s'exprimer la voix du sujet lecteur.,3
6018,Effets des variations des taux de change,10
6020,L'exposition universelle de 1937,5
6021,Le rôle de la politique de la concurrence,10
6023,Statistiques citoyennes,10
6024,Comment l'entreprise produit-elle ? (fichier élève),10
6028,Quelle organisation pacifique du monde depuis le début des années 1990 ?,5
6029,Comment un marché concurrentiel fonctionne-t-il ?,10
6030,Comment l'entreprise produit-elle ? (fichier enseignant),10
6031,Qu'est-ce qu'un marché ?,10
6032,Les mécanismes du marché,10
6033,Exercice interactif : La monnaie et le financement de l'économie.,10
6035,La France doit-elle s'impliquer davantage dans la lutte contre la piraterie ?,5
6036,Marché et société,10
6038,Les régimes politiques au XIXe siècle en France.,5
6039,Comment un marché concurrentiel fonctionne-t-il ?,10
6041,Comment les marchés imparfaitement concurrentiels fonctionnent-ils ?,10
6045,Schéma de l'agglomération d'Angers (avec liens vers Géoportail),5
6046,Comment les marchés imparfaitement concurrentiels fonctionnent-ils ?,10
6047,Réaliser un recueil poétique par un plan de travail,3
6048,Comment les marchés imparfaitement concurrentiels fonctionnent-ils ?,10
6049,Les nouvelles approches théoriques du marché,10
6050,Le Front populaire,5
6051,Travailler l'écriture à travers les réseaux sociaux : des archives historiques à l'écriture de haïkus,3
6052,"Comment le village de Douelle (Lot), étudié par Fourastié, s'inscrit-il trente-trois ans plus tard, dans la dynamique des esp",5
6053,"L'Arctique, une nouvelle frontière pour la Russie",5
6054,Quelles sont les principales défaillances du marché ?,10
6055,Quelles sont les principales défaillances du marché ?,10
6056,Caracalla Burdigala,5
6057,Etudes de cas - Les espaces productifs,5
6058,À quoi sert la monnaie ?,10
6060,Comment l'activité économique est-elle financée ?,10
6062,le projet Manhattan,5
6063,Première Guerre mondiale,5
6064,"les puissances économiques majeures, le Japon : étude d'une technopole",5
6065,Comment les individus s'associent-ils pour constituer des groupes sociaux ?,10
6070,Comment les réseaux sociaux fonctionnent-ils ?,10
6073,Londres Mexico aménager la ville,5
6075,"TNI - Première ES - Offre, demande, surplus",10
6077,Sélectionner et évaluer l'information pour définir le cubisme (HDA),5
6078,La Seconde Guerre mondiale et le totalitarisme,5
6080,TNI - Seconde - Socialisation,10
6083,TNI - Première ES - Progressivité de la fiscalité,10
6084,Les bactériophages,11
6090,Gesund leben,6
6091,TNI - Première ES - Socialisation et milieu social,10
6092,TNI - Terminale ES - Conflit et intégration sociale,10
6093,AP vers le lycée : La France et l'UE dans le monde,5
6094,croisements de référentiels Bac Pro -  BTS,14
6096,TNI - Première ES - Déficit public et dette publique,10
6097,TNI - Première ES - Dépenses publiques,10
6100,"Du derrick à la pompe, le prix du SP95",10
6101,Les Firmes Transnationales dominent-elles notre alimentation ?,5
6102,Didacticiel sur la nomenclature des PCS,10
6103,Comment l'investissement peut favoriser la croissance économique à long terme ?,10
6105,"La France, une grande puissance européenne et mondiale",5
6106,comment les autorités d'un pays (hors zone euro) peuvent elles faire face à une crise économique ? (Sujet 1),10
6107,Tirer parti des possibilités du téléphone mobile pour le développement de l'autonomie de l'élève dans l'appropriation de vocabulaire,8
6109,Wie werden wir informiert?,6
6110,Mots croisés en classe de terminale sur la croissance économique,10
6113,Des cartes pour comprendre le monde,5
6114,La croissance urbaine exposée aux risques Etude de cas : la banlieue inondée de Dakar,5
6115,The USA : a new home for immigrants ?,6
6117,Mot-croisés sur la socialisation,10
6119,Faire dialoguer une œuvre littéraire et un tableau : des Liaisons dangereuses au Verrou,3
6120,Energie für die Zukunft,6
6121,calcul de pourcentages,10
6122,La Première guerre mondiale,5
6123,Les sources de la croissance,10
6124,Socialisation : enseignement par projet,10
6125,Hildegarde de Bingen et l'Eglise au Moyen Age,5
6126,TD sur la consommation de tabac,10
6127,Pratique sportive et genre,10
6128,Classe inversée et évaluation sur smartphone en management des entreprises,14
6129,Lecture des enfants et milieu social,10
6130,QCM de révisions,10
6131,Diplome et emploi,10
6133,Niveau de chômage et évolution du PIB,10
6135,"Mener un projet en Littérature et société avec blog, diaporama et film de poche",3
6137,Radfahren auf Rügen,6
6138,Exercices pourcentages de répartition,10
6139,Les tables de mobilité,10
6140,Etude d'un dossier documentaire (EC3),10
6143,Exercice préparatoire EC2 étude d'un document texte,10
6144,Dare tell tales : enseigner le drama en classe de première pour travailler l'oral,3
6145,Activités préparatoires à l'épreuve composée,10
6146,Distinguez l'introduction du raisonnement (EC3) de l'introduction de la dissertation.,10
6149,"Où sont les hommes sur Terre , étude de cas centrée sur l'Asie de l'Est",5
6151,Les aires de civilisations,5
6152,"Activité portant sur le pouvoir d'achat comportant une vidéo, un document et des exercices.",10
6155,Les organisations productives,10
6156,une expérience combattante dans la Grande guerre,5
6157,Activité sur la diversité des entreprises,10
6159,Capsule vidéo,10
6160,La pauvreté,10
6163,L'expérience combattante dans une guerre totale à travers l'exemple de Verdun,5
6165,Comment mesurer le chômage ?,10
6166,le tribunal de l'Héliée à Athènes au V ème siècle avant JC,5
6168,La politique monétaire de la BCE,10
6169,Les politiques conjoncturelles et le carré magique,10
6170,Mettre en oeuvre une démarche de recherche d'information pour réaliser un projet scientifique,11
6171,étudier l'estuaire avec le géoportail,5
6173,EC1 et EC2 sur la monnaie,10
6174,L'IDH - calcul et limites,10
6175,Les fondements du commerce international,10
6178,Le patrimoine,10
6179,L'impôt sur le revenu et le quotient familial,10
6180,Marché du travail et chômage,10
6181,TD sur la pauvreté,10
6182,Réaliser un court métrage sur la vie d'une classe à profil particulier,3
6184,Calculs statistiques,10
6185,"Un questionnaire produit avec Google drive, portant sur la compétitivité, à partir d'une vidéo de Dessine-moi l'éco",10
6186,"Un DS sur la structure sociale, construit à partir de Google drive",10
6187,"Un questionnaire produit avec Google drive, portant sur la mesure du chômage, à partir d'une video de l'INSEE",10
6188,"Un questionnaire produit avec Google drive, portant sur l'évolution de la rémunération du travail (EC2)",10
6191,Quiz sur les différents agrégats monétaires,10
6192,Quiz sur la distinction entre création et destruction monétaire,10
6193,Quiz sur les types de financement,10
6194,Exercice sur les limites de création monétaire,10
6196,Travailler la méthodologie de l'EC2 avec l'application Tellagami,10
6197,Les chocs d'offre,10
6198,Les effets des variations des taux de change,10
6201,Les logiques du système de redistribution,10
6202,Les inégalités,10
6203,Etude urbaine : le cas de Niort,5
6205,Découvrir et mémoriser du lexique sur Halloween,6
6206,Le monde des cités grecques. Un exemple de mise en oeuvre.,5
6207,Comprendre le processus de transition démographique,10
6208,Projet d'aménagement de la RN57 en Haute-Saône,5
6209,Atelier d'écriture numérique créative : explorer les espaces,3
6210,Réviser les chocs d'offre et de demande,10
6211,Evaluation sur les formes du contrôle social,10
6212,Formes et fonctions de la monnaie avec Arbres (Arborescences des notions de sciences économiques et sociales),10
6214,La rareté,10
6215,La concurrence,10
6216,Construction de courbes,10
6217,Financement externe direct,10
6218,"Exercice interactif : Socialisation, contrôle social et déviance.",10
6219,La création monétaire,10
6220,"Guerre Froide, deux outils numériques pour l'étudier par les élèves",5
6221,Socialisation différenciée en fonction du milieu social,10
6222,Groupe de référence/Groupe d'appartenance,10
6224,L'organisation du travail chez Mac Donald's,10
6225,L'organisation du travail chez Google,10
6227,La productivité globale des facteurs,10
6229,Courbe de Lorentz,10
6231,Lire et comprendre une table de mobilité,10
6233,Extraits de textes sur les Lumières,5
6234,L'âge industriel : le bassin minier de Montceau les mines,5
6235,Quizz sur la mobilité sociale,10
6237,Correction d'une épreuve composée partie 1 et partie 2,10
6238,Du développement au développement durable,5
6239,Construction et déplacement graphique des droites d'offre et de demande,10
6240,Lutter contre le harcèlement et les discriminations : le cours de français dans le cadre d’un EPI en 5e,3
6241,Le problème de l'eau en Tunisie,5
6243,Besoin et capacité de financement,10
6244,La maximisation du profit par l'entreprise,10
6245,Faire dialoguer une œuvre littéraire et un tableau : de L’École des femmes à La Dentellière ,5
6246,La société féodale,5
6247,Planète sous tension Lycée 2019 : Le Donbass : un conflit d'usure.,5
6248,Construction d'une évaluation avec les élèves,10
6249,Les mots de la monnaie et du financement,10
6251,Comment rendre compte de la mobilité sociale ?,10
6253,"Du Prince de la Renaissance au roi absolu (François Ier, Henri IV, Louis XIV).",5
6256,Comment se forment les prix sur un marché ?,10
6259,"Travailler la compétence ""Se repérer ..."" à travers l'étude  de la Révolution française et de l'Empire",5
6260,La colonisation européenne de 1850 à 1939,5
6261,"Le diplôme, un passeport pour l'emploi ?",10
6262,Sujets en première et grilles de compétences.,10
6263,Projet création entreprise,10
6264,Projet Jeu sérieux sur les causes du chômage,10
6265,Se former à l’art du récit en réalisant un journal télévisuel : pratiquer le storytelling ,3
6266,Film : Le dictateur de Chaplin,5
6267,Projet Jeu sérieux marché,10
6268,Projet Sondage,10
6269,Projet Apprentissage en autonomie et cartes mentales,10
6270,La seconde Guerre mondiale ; chronologie,5
6271,Élaboration d'un parcours différencié en STS MUC avec Mahara (ACRC et PDUC),14
6272,TNI EC3 marché,10
6275,Horizon,7
6276,Thinglink valeur volume,10
6277,Socrative socialisation correction devoir,10
6278,Socrative socialisation écriture collaborative,10
6279,Socrative socialisation révisions,10
6280,Socrative Fonctions de la monnaie,10
6282,L'immigration et la société française au XXe siècle,5
6283,Socrative dilemme prisonnier,10
6284,Distance entre trois villes,7
6285,Socrative combinaison productive,10
6289,Socrative mobilité sociale écriture collaborative,10
6291,Socrative mobilité sociale,10
6292,Socrative contributions croissance EC2,10
6293,Socrative SSP régimes politiques,10
6296,Livret interactif : ménager l'atmosphère,5
6297,Ed puzzle délocalisations,10
6298,Ed puzzle mobilité sociale,10
6299,Travailler les espaces industriels et leurs évolutions avec des tablettes,5
6300,Le Moyen-Age en images : La société occidentale médiévale,5
6302,Penser la planète : une cartographie des aires culturelles,5
6303,Quizz sur la mobilité sociale,10
6304,"Modélisation des arbitrages économiques (contrainte budgétaire, coût d'opportnuité)",10
6305,"Apprendre à communiquer à l’oral, communiquer à l’oral pour apprendre en classe de Première",3
6308,Une sortie médiévale en 5ème : ville de Melle et château du Coudray-Salbart en Deux-Sèvres,5
6310,"Surplus du consommateur, du producteur et gain à l'échange",10
6311,Projet tableur marché,10
6312,L'Europe allemande en 1942,5
6313,Atelier FIG 2019 : La question migratoire en Méditerranée : une approche multiscalaire avec des outils numériques,5
6314,De la lecture à l'écriture numérique,3
6316,Epreuve EA et Corrigé,10
6317,La République et la question ouvrière : le Front populaire,5
6320,Sujet d'économie approfondie et correction,10
6321,Comment Las Vegas gère-t-elle son approvisionnement en eau et en électricité ?,5
6326,Utiliser Instagram avec les élèves,5
6328,En quoi consiste la Commune ?,5
6331,Suejt EC3 + correction,10
6332,Le partage de l'Afrique au XIXe s,5
6335,La crise de Cuba,5
6336,Le système de santé français,10
6337,Epreuve composée,10
6338,"Mini Tpe en Seconde : la consommation, un marqueur social",10
6339,"Tâche complexe, cycle biologique du Hanneton",11
6340,un empire puissant : la Chine des Han (206 avant JC - 220),5
6341,RÉSEAUTER POUR TRAVAILLER,10
6342,COMMENT DEVENONS-NOUS DES ACTEURS SOCIAUX ?,10
6343,Interface Nord-Sud : espace caribéen,5
6344,Ressources : Classe de 2nde. (Thème. FORMATION ET EMPLOI),10
6345,"Tâche complexe, Besoins nutritifs des végétaux chlorophylliens",11
6346,Les agents économiques et la classification des entreprises,10
6347,Les recettes fiscales environnementales,10
6348,Méthodologie : la compréhension des sujets de dissertation,10
6349,La croissance économique est-elle compatible avec la préservation de l'environnement ?,10
6351,"Jublains, un exemple de ville gallo-romaine",5
6352,Comment analyser la structure sociale ?,10
6356,Les répertoires de l'action collective,10
6358,Emergence de l'Etat en France à travers Charles VII et Jeanne d'Arc,5
6359,Habiter les littoraux à travers l'exemple de Constanza,5
6360,Physique Chimie computationnelle une introduction,9
6361,L'aménagement de la plate-forme énergies marines renouvelables à Brest - Territoires du quotidien,5
6362,Savoir interpréter des indices (1),10
6363,Savoir interpréter des indices (2),10
6364,Lire la courbe de Lorenz du patrimoine,10
6365,Entrer dans la lecture d'une œuvre patrimoniale via l'écriture  : Projet Balzac,3
6367,Les approches de Marx et Weber,10
6368,Les déciles : Distribution des niveaux de vie avant redistribution,10
6370,Etude critique de documents : Afrique dans la mondialisation,5
6372,La mobilité intra/ intergénérationnelle,10
6373,Les formes de mobilité,10
6374,Comment rendre compte de la mobilité sociale ?,10
6375,Habiter la ville,5
6376,Que nous apprend la littérature du XVIIIe siècle sur les traites ?,5
6378,Football et mondialisation,5
6382,Quelle est la place de l'Union européenne dans l'économie globale ?,10
6384,Quelle est la place de l'Union européenne dans l'économie globale ?,10
6388,Comment un marché concurrentiel fonctionne-t-il ?,10
6392,Etudier une une de journal en classe de langues,6
6394,L'organisation et le fonctionnement de l'ONU,1
6395,La concurrence imparfaite,10
6397,"La crise en Ukraine, l'information de la presse et du web",1
6398,Distinguer les formes de marché,10
6399,RELAIS-VITESSE : mesure de l'efficacité de transmission,2
6401,Distinguer différents types de monoploe,10
6402,Scandale à Delphes,5
6403,l'Allemagne et Berlin au coeur de la Guerre Froide,5
6404,"Le degré de substitution entre les capitaux naturels, physiques et humains",10
6405,Comment devenons-nous des acteurs sociaux ?,10
6407,Les formes de solidarité chez Durkheim,10
6408,Quels liens sociaux dans des sociétés où s'affirme le primat de l'individu ?,10
6409,plongeon 11,2
6414,Les modèles de la protection sociale,10
6415,Comment les pouvoirs publics peuvent-ils contribuer à la justice sociale ?,10
6419,Comment les pouvoirs publics peuvent-ils contribuer à la justice sociale ?,10
6420,CLONE-Tableaux de bord - Le chômage,10
6421,Les facteurs de production,10
6422,Tableaux de bord - La croissance,10
6425,Que produit-on et comment le mesure-t-on ?,10
6428,Que produit-on et comment le mesure-t-on ?,10
6429,Comment les individus s'associent-ils pour constituer des groupes sociaux ?,10
6430,Comment rendre compte de la mobilité sociale ?,10
6431,Comment rendre compte de la mobilité sociale ?,10
6432,Travail d'écriture collaborative,10
6433,"Mazières en Gatine, un village des Deux-Sèvres de 1850 à 1914",5
6434,La notion de fluidité sociale en question,10
6435,Comment s'articulent marché du travail et gestion de l'emploi ?,10
6436,Quel est l'impact des variables économiques et démographiques sur le financement de la protection sociale ?,10
6437,Webradio et usages d'Internet,7
6438,Une rencontre sportive binationale au service de la perspective actionnelle,6
6440,Travail d'écriture collaborative,10
6442,Le dessin de presse : une image pour informer ou provoquer ?,3
6445,Travail collaboratif,10
6446,Travail d'écriture collaborative,10
6447,Plus de photos sur le Volcan,11
6448,Travail d'écriture collaborative,10
6449,Evaluer par compétences au lycée,5
6450,l'empereur romain - figure historique et récits d'élèves,5
6451,Travail collaboratif,10
6453,Réaliser des tutoriels ou capsules vidéos pour les pairs,1
6454,Ludification de la découverte et de l'appropriation du cdi,1
6455,Animer un jeu de rôles,14
6456,Eruption FOURNAISE 1999.,11
6457,Cahier de géographie virtuel,5
6461,"au fondement de la Grèce : cités, mythes, panhellénisme",5
6462,Travail d'écriture collaborative,10
6463,Travail d'écriture collaborative,10
6464,Travail d'écriture collaborative,10
6465,"Livret interactif : habiter un espace à fortes contraintes, la Martinique",5
6467,LES CAPTEURS DE DEFORMATION.,11
6468,février 1934 : la République en péril ?,5
6469,la traite transatlantique du XVIIe au XIXe siècle,5
6470,Travail d'écriture collaborative,10
6471,Travail collaboratif,10
6472,Statistiques avec Python,7
6474,1492 : la météorite d'Ensiheim ou la découverte de l'Amérique ?,5
6477,Travail collaboratif,10
6478,Séquence Moodle - Classe inversée : le commerce international,10
6479,Séquence Moodle - classe inversée : l'impôt sur le revenu,10
6480,des sociétés face aux risques : exemple séisme Haïti - Japon,5
6481,Séquence Moodle - classe inversée : comment expliquer l'instabilité de la croissance ?,10
6482,Séquence Moodle - classe inversée - La production dans l'entreprise,10
6483,Séquence moodle-Classe inversée : effets pervers et désincitations,10
6485,Séquence Moodle-classe inversée : Quelles politiques conjoncturelles ?,10
6486,Séquence Moodle - classe inversée : Le calcul de pourcentages de répartition,10
6487,Séquence Moodle - Classe inversée : La croissance économique est-elle compatible avec la préservation de l'environnement ?,10
6488,Construction d'une synthèse de cours en seconde sur le thème de la consommation et des pratiques culturelles,10
6489,Travail collaboratif de rédaction d'un cours sur le thème «  les différentes formes de financement des acteurs économiques »,10
6490,Sport et hydratation : les boissons et le sport,9
6491,Travail collaboratif de rédaction d'un raisonnement argumenté,10
6493,Quiz : les anticorps : structure et réactifs d'analyse,11
6494,Travail collaboratif de présentation de l'évolution de l'emploi et du chômage en France et en Europe,10
6495,Aborder la question de l'énergie en 5ème.,5
6498,Analyse de l'actualité économique concernant les marchés imparfaitement concurrentiels,10
6499,Questionnaire sur La vraie vie des femmes,10
6500,Un littoral touristique : la baie des Anges,5
6501,Un textelacunaire,10
6502,Françaises et Français dans une République repensée,5
6504,Utilisation de la préparation nerf-muscle du crapaud,11
6507,L’utopie d’un lycée humaniste idéal : défense et illustration numérique,5
6508,Une activité sur les modes de srcutin,10
6509,Étude mathématique du gisement éolien d'un site,7
6512,Pourquoi la Russie peut redevenir une puissance maritime ?,5
6513,Une activité sur la déflation,10
6515,Qu'est-ce que la monnaie,10
6516,La Paléoclimatologie - André Berger.,11
6517,Un TD sur les PCS,10
6518,Méthodologie à la dissertation : fiche squelette.,10
6519,Trois dispositifs pédagogiques pour travailler la déviance,10
6521,Classe inversée : entreprise et production,10
6522,Classe inversée : Entreprise et production,10
6527,Classe inversée : Formation et emploi,10
6528,Classe inversée : individus et cultures,10
6529,Classe inversée : ménages et consommation,10
6531,De Constantinople à Istanbul.,5
6532,Aristide Boucicaut : un entrepreneur et son entreprise au XIXe s,5
6533,Classe inversée : marché et pollution,10
6534,Classe inversée : le marché,10
6535,habiter la Grande Motte,5
6538,Réaliser une exposition virtuelle pour explorer un mouvement littéraire et construire une culture artistique,5
6539,Evaluation par tâche complexe Histoire et sciences physiques : Galilée,5
6540,Classe inversée : développement durable,10
6541,Classe inversée : croissance,10
6544,Andy Warhol et la bouteille de Coca-Cola,5
6548,"Les arts, témoins de l'histoire des XVIIIe et XIXe siècles : itinéraire de caricatures dans le programme d'histoire de 4ème",5
6550,"La région, territoire de vie, territoire aménagé : Midi-Pyénées",5
6551,Classe inversée : Bilan TRAAM 2015 2016,10
6552,Effet d'imitation - effet de distinction,10
6553,Un petit quiz sur la conflicualité,10
6555,Calcul mental : Diaporamas ,7
6556,Séance introductive Formation et Emploi.,10
6557,L'Europe et le monde au XVIII° siècle - Thème 4 - Les difficultés de la monarchie sous Louis XVI,5
6559,Livret d'évaluation des connaissances et des compétences pour la classe de terminale.,10
6561,"Gervaisiens morts pour la France, l'enquête",5
6562,Taux de variation,10
6563,Méthodologie argumentation,10
6564,Lecture des tables de mobilité,10
6565,Les coûts de production,10
6566,"La répartition de la valeur ajoutée, une évaluation formative à l'aide de l'application Socrative",10
6567,Mesurer la Pauvreté,10
6568,L'évolution du financement des entreprise,10
6569,Atelier scientifique pour mesurer la qualité de l’air avec Arduino (collège),9
6574,LES DÉS D’EFRON,7
6577,L'âge industriel (XIXe siècle) : quatre démarches possibles d'une étude sur Limoges,5
6578,Un TD sur la préparation à l'EC1,10
6579,Différencier corrélation et causalité,10
6580,Le marché : un dossier pédagogique,10
6581,L'apogée du pouvoir absolu sous Louis XIV et sa mise en scène à Versailles,5
6582,L'europe impose des taxes sur les panneaux solaires chinois,10
6584,Qu'est - ce qu'un marché ? Tâche complexe,10
6585,Apprentissage de l'EC2 au travers de l'outil moodle Atelier,10
6586,Travailler un plan détaillé de dissertation avec l'outil atelier de Moodle,10
6587,Réaliser la publicité d'un nouveau produit à l'aide de l'application Animoto Enseignement d'exploration,10
6588,Les traites négrières et l'esclavage dans l'Europe et le monde au XVIIIe siècle,5
6589,Le lien entre le facteur travail et la croissance,10
6590,Faire contribuer les élèves à la construction du cours à l'aide d'un diaporama.,10
6591,Découvrir le fonctionnement du marché secondaire.,10
6592,De la BCD au CDI [TraAM Documentation 2019-2020],3
6593,Créer un conte sur le thème de l’identité numérique en classe de 6ème,3
6594,Le Marco Polo entre au port du Havre,10
6595,Réaliser un tableau de synthèse de façon collaborative à l'aide de l'outil framacalc,10
6597,De la loi de l'offre et de la demande au prix.,10
6598,Françaises et Français dans une République repensée à travers la figure de Gisèle HALIMI,5
6599,Humanisme et Renaissance,5
6600,Un projet architectural au temps des Lumières : la Saline ryale d'Arc-et-Senans,5
6601,Aborder la Révolution française à partir de la collection des gouaches de Lesueur,5
6603,Réaliser une évaluation formative avec pow toon,10
6604,Stratification sociale,10
6605,Classer les caractéristiques correspondant à chaque mode de scrutin,10
6606,QCM sur les notions du cours et l'interprétation d'un document sur les contributions à la croissance,10
6607,"Les littoraux, espaces convoités",5
6608,"De Goya à Yue Minjun, deux siècles d'art contre l'exécution",5
6609,Parcours d'activités pour entraîner les élèves à analyser des graphiques,10
6610,"EPI 5e : Des masques et moi /""démasquez moi""",1
6611,Qui produit des richesses ?,10
6612,Comment évoluent l'offre et la demande par rapport aux prix sur un marché ?,10
6614,Quelle alimentation pour demain ? (problématiser),10
6616,Faire réaliser une synthèse collective du cours avec l'outil Framindmap,10
6620,Le fonctionnement des partis politiques,10
6623,TraAM : Travailler l'oral dans et hors la classe à l'aide de l'outil Meograph,5
6627,"Le "" zellige "" : une histoire de mosaïque ",7
6628,La représentativité dans le système politique français,10
6629,Enregistrement d’une lecture à la maison et remise au professeur,6
6630,Les causes et les effets d'un choc d'offre,10
6631,Lancer un reportage sur les supérettes,10
6632,La France en République 1880-1945,5
6634,Utiliser un jeu sérieux pour enseigner la géographie - DD et accès à l'eau,5
6635,Les politiques économiques dans l'UE,10
6636,Les degrés de l'intégration (B. Balassa),10
6637,"La question du développement durable - Thème 2 ""Les dynamiques de population et le développement",5
6639,Les régimes politiques,10
6641,Quels sont les effets du commerce international sur les producteurs et les consommateurs ?,10
6643,Etude de la société industrielle à travers l'exemple du Creusot,5
6645,Quels sont les déterminants des choix de localisation des FMN?,10
6646,Les escaliers,7
6648,Quels sont les effets des variations du taux de change sur l'économie des pays concernés ?,10
6649,Une activité de classement sur les notions se rapportant soit au principe BISMARCKIEN ou BEVERIDGIEN,10
6650,Une activité de puzzle permettant de réviser les logiques de la protection sociale,10
6651,Une activité permettant d'associer deux notions de la justice sociale,10
6653,Itineraire et differents arrets de la route du volcan,11
6654,"Suites, fonction exponentielle et traitement des tumeurs",7
6655,Travailler au lycée sur les brouillons de Madame Bovary,3
6656,"Le Brésil, un géant vert aux pieds fragiles.",5
6657,L'épistolaire à l'ère du numérique,3
6658,Conférence d'E. Bury sur Les Pensées de Pascal,3
6659,République et Eglise catholique autour de la loi de 1905,5
6660,La Révolution russe en pédagogie différenciée,5
6661,Conférence sur Laclos de Jean Goldzink,3
6662,Conférence sur Jacques le fataliste par Jean Goldzink,3
6663,Le débat d'idées au cœur du Supplément au Voyage de Bougainville,3
6664,Tableur et statistiques en 3e (1),7
6665,"Polynômes du second degré, primitives, modélisation d’une situation concrète, démarche scientifique",7
6667,"Séquence niveau 3e : lire une œuvre intégrale, Claude Gueux, en amont et en aval",3
6669,Compte rendu de la lecture de L'Odyssée par des outils numériques,3
6670,Carte heuristique et débat argumentatif,3
6671,Un jeu de classement sur les notions permettant ou non d'atteindre plus de justice sociale,10
6672,Un QCM sur la notion de discrimination,10
6673,Une autoévaluation sur une étude de document de type EC2 en deux parties - la première partie porte sur la lecture des données ( QCM ),10
6676,Une autoévaluation sur une étude de document de type EC2 en deux parties - la seconde partie porte sur l'analyse ( Texte à trous ),10
6677,FLE-FLS : Les Fées de Perrault,3
6678,"Entreprendre : créer une entreprise, imaginer un nouveau produit et défendre son projet",10
6679,Traiter différemment les « dynamiques territoriales de la France contemporaine ».PARTIE_2,5
6681,Exploitation de la sortie pour l'ecole primaire.,11
6682,Comment développer la pratique de l'oral au lycée ?,10
6683,La décentralisation,5
6684,Genre et Pub - Doc de préparation à un débat,10
6686,Qu'est-ce qu'être riche en France ?   L'Etat agit sur nos revenus !,10
6688,Imaginer une production artistique sur la socialisation différenciée en fonction du genre ou de l'origine sociale des jeunes enfants,10
6690,Porosite et permeabilite des roches.,11
6692,Ecrire pour changer le monde,5
6693,Écriture longue en collaboration.,3
6694,Habiter une métropole,5
6697,Lettres croisées de la Grande Guerre,5
6699,Inventaire des macroinvertebres d'eau douce de l'ile de La Reunion,11
6700,Expliquer la reproduction sociale. TRaAM 2017,10
6702,La politisation. TRaAM 2017,10
6704,La France en villes,5
6705,"La ville, lieu de fracture sociale et spatiale",5
6708,Si Voltaire avait disposé des médias numériques,3
6709,"on ne naît pas femme, on le devient. TRaAM 2017",10
6710,Activité sur la mobilité sociale. TraAM 2017,10
6713,la crise des subprimes . TraAM 2017,10
6714,"la société salariale fragilisée, la désaffiliation. TraAM 2017",10
6715,le clivage droite / gauche. TraAM 2017,10
6716,La détermination des salaires. TraAM 2017,10
6717,Selection de sites en Hydrobio.,11
6720,Séquence sur les Métamorphoses d'Ovide,3
6722,"Comprendre le mécanisme de réaction immunitaire rapide, la phagocytose",11
6724,Comment la laïcité est-elle devenue une des principales valeurs de la République ?,5
6725,L'importance du nucléaire en Rhône Alpes à partir du site « Lumières sur Rhône Alpes »,5
6727,"les mondes arctiques, une ""nouvelle frontière"" sur la planète",5
6728,Prouesse et amour au temps des chevaliers de la Table ronde,3
6729,De l'écrit à l'image : une question de choix,3
6730,La progrès technique.TraAM 2017,10
6731,Le marché de l'art. TraAM 2017,10
6732,Croisement de souches de Sordaria,11
6733,Le déclassement. TraAM 2017,10
6734,"Société, Église et pouvoir politique dans l'occident féodal -XIe-XVe siècles",5
6736,Le chômage : causes et moyes de lutte. TraAM 2017,10
6737,la protection sociale en France: assistance-assurance . TraAM 2017,10
6739,Insuline et ExAO,11
6740,aménager un territoire proche: le tramway d'Angers,5
6741,"Ressources AP Lycée (Art, littérature et Shoah) : Le parcours de Marceline Loridan-Ivens.",5
6743,Etude quantitative des minéraux d'une roche.,11
6744,"Felix Nussbaum, un peintre victime de la Shoah",5
6745,Réaliser une synthèse sur la stucture cellulaire,11
6746,"Pénestin, une excursion géologique en Première ou Terminale S.",11
6747,Immunoglobulines circulantes,11
6748,Intensité sismique et distance de l'épicentre,11
6749,Maquettes et simulation : nappe et pollution,11
6750,Préparer et observer des moisissures au microscope,11
6751,aquérir et utiliser les images satellitaires régionales.,11
6752,les déformations de la lithosphère européenne.,11
6754,Les espaces ruraux - Etude de cas : le Parc Régional du Vercors,5
6755,Gestion et valorisation d'un milieu : la forêt d'Orleans,5
6757,la Terre tremble en Vendée,11
6761,Une maquette Terre/Soleil,11
6763,La mise en place de la Vème République,5
6764,Montage de la camera.,11
6765,L'adaptation cardiaque à l'effort,11
6767,Un territoire sous influence urbaine,5
6768,Une sortie à la cimenterie de Rochefort sur Nenon,11
6769,Traiter différemment les « dynamiques territoriales de la France contemporaine ». PARTIE_1,5
6771,Espèces végétales protégées.,11
6772,Découvrir la BRNE sciences cycle 4,11
6773,réflexion et travail sur la manière d'aborder les thèmes en ES,11
6774,Spectre d'action des pigments chlorophylliens,11
6775,Activités autour de la molécule d'ADN (JMol),11
6777,Embryologie et développement embryonnaire,11
6778,Fécondation chez les Hermellles,11
6779,Environnement,11
6781,Etude de cas sur la floriculture au Kenya,5
6782,Le gisement de pétrole de St Martin de Bossenay,11
6783,blocs-diagrammes diachroniques pour une reconstitution chronologique sur la feuille de Clermont au 1:50 000,11
6785,le microscope,11
6787,Réflexe de flexion,11
6788,Absorption des infrarouges et effet de serre,11
6789,Recherche d'alignement,7
6790,Modèle de nerf,11
6792,utilisation de la catalase pour étudier la cinétique enzymatique,11
6793,Préparations microscopiques de cellules en Troisième.,11
6795,Les calcaires dévoniens du site de Châteaupanne.,11
6796,L'historien et les mémoires de la guerre d'Algérie,5
6797,Le serment du jeu de Paume (hist et HDA).,5
6798,"conversion au format ""titus"" d'images météo satellitaires",11
6799,La randonnée en vélo autour du bassin d'Arcachon,7
6800,La République de l'entre-deux-guerres : victorieuse et fragilisée,5
6803,dispositif de modélisation analogique de l'action de la force de Coriolis,11
6805,Comparaison des chaînes bêta de l'hémoglobine (JMol),11
6806,QCM niveau première Monnaie et financement de l'économie,10
6807,"Le Sahara, ressources et conflits",5
6808,Classe Estuaire du lycée Jean Perrin de Rezé.,11
6810,"Conquête de l'espace, NASA et guerre froide",6
6811,biodiversity in the Loire estuary,11
6813,Kalundborg Fjord.,11
6815,Evaluer avec le numérique : Quizizz,10
6816,Evaluer avec le numérique: Atelier de Moodle,10
6817,Continuité pédagogique : utiliser Tactileo en histoire géographie,5
6818,excursion géologique dans les faluns de Channay-sur-Lathan.,11
6819,Activité photosynthétique et éclairement,11
6820,"effet fondateur, dérive génétique et échanges génétiques, illustrés par l'exemple des groupes rhésus",11
6821,le lac de Grand-Lieu.,11
6822,Conditions féminines dans une société en mutation,5
6823,EduCarte (SIG du SISMO),11
6824,quelques sorties géologiques entre Loire et Vilaine,11
6828,"Avec Edugéo, analyser un paysage périurbain à partir d’une photographie aérienne",5
6829,une sortie géologique sur le littoral vendéen,11
6830,Biodiversité dans l'estuaire de la Loire : Une excursion virtuelle au Port Lavigne en Bouguenais,11
6831,protection de l'organisme : quelques suggestions d'activités,11
6833,Mobiliser des stratégies multiples pour la prise de notes en situation de recherche d'informations,5
6834,"géologie de la région de Saumur, excursion virtuelle et chronologie",11
6835,Blocs diagrammes avec le module de dessin vectoriel de Staroffice 5.2.,11
6837,Vanités contemporaines : organiser une exposition virtuelle et un concours artistique sur l’ENT de l’établissement ,5
6840,Stevns Klint (danemark) un affleurement exceptionnel pour étudier la coupure C-T,11
6841,"une chasse au trésor : ""le corps humain en chiffres"".",11
6842,Les variations de couleur des fleurs de vipérine,11
6843,Cle de determination simplifiee des roches magmatiques reunionnaises les plus rencontrees,11
6844,TraAM 2019-2020 séquence 4e : Comment prévenir la population d’un risque d’épisode de canicule ?,13
6846,"La Californie, pôle et aire de puissance mondiale",5
6847,Sortie geologique - Salins-les-Bains et Baume-les-Messieurs.,11
6849,Légender une microphotographie de feuille d'élodée,11
6851,Tectonique des plaques et Cité de la mer à Cherbourg.,11
6852,L'alimentation : comment nourrir une humanité en croissance démographique et aux besoins alimentaires accrus ?,5
6853,Alfred Wegener et la dérive des continents,11
6854,La palynologie : des environnements à la variabilité du climat - Jean-Pierre Suc (Page 1/3),11
6856,"Call Of Duty, une étude sur un jeu vidéo entre histoire et géographie",5
6858,Etude de la biologie des levures,11
6859,Cristallisation des magmas,11
6862,Tâche complexe autour des reins (2),11
6863,"Aborder par les compétences ""la difficile conquête : voter de 1815 à 1870"" en classe",5
6864,Aborder le Moyen Orient en classe de Terminale,5
6865,Du tremblement de terre au tsunami,11
6866,La lithothèque de Haute-Normandie.,11
6867,Explorer et maîtriser la chaîne de l'information dans un projet de recherches en SVT,11
6868,Biologie moléculaire,11
6872,"Etude de cas, un aménagement urbain : le bd périphérique du Nord-Ouest de l'aire urbaine châlonnaise.",5
6873,L'oeil,11
6874,Logiciel Simclimat,11
6875,Sorties géologiques dans le bassin de Brive (19),11
6876,Excursion géologique entre le Havre et Etretat.,11
6877,Coupes histologiques montrant un exemple de communication nerveuse,11
6878,Mesure de la concentration des levures par colorimétrie,11
6879,Coupes histologiques de glandes endocrines chez l'homme,11
6880,LES BONNES ADRESSES.,11
6882,Coupes histologiques d'estomac et d'intestin grêle humains,11
6887,L'art de la Renaissance : L'entrée dans la modernité ?,5
6888,La croissance de la racine,11
6889,Logiciel Cycles,11
6890,"Les livres virtuels ""Didapages"" du pôle de compétences SVT de ROUEN",11
6891,tectonique des plaques et données GPS.,11
6893,Tableaux de bord - Les échanges extérieurs,10
6894,Modèles et réalisations.,11
6895,utiliser le GPS pour repérer un affleurement avec la classe sur le terrain.,11
6896,les territoires du quotidien : autour du lycée de Bouaye,5
6897,Neurobiologie,11
6898,Mesure de l'activité enzymatique en fonction de la température.,11
6899,Evolution,11
6900,Rechercher des images sous licence Creative Commons,5
6901,Mesure de l'activité enzymatique en fonction de la quantité de substrat.,11
6902,Procréation,11
6903,"l'évolution de l'Homme au 21 eme siècle, revue de presse en forme de feuilleton",11
6904,EEDD collège.,11
6905,La drépanocytose,11
6906,"détermination du canal ""Spot"" à utiliser pour étudier la turbidité de la Loire",11
6908,visualisation et étude de la molécule d'ARN.,11
6909,l'adénosine triphosphate ou ATP,11
6911,"Mémoriser à l'aide du numérique, l'exemple de la Première Guerre mondiale avec Anki",5
6912,Visualisation et étude des molécules du CMH,11
6915,l'industrialisation et les transformations urbaines à Nantes,5
6916,Gérer les risques : un exemple régional Chooz,5
6917,Le tourisme et ses espaces,5
6919,"Drépanocytose, visualisation et études des molécules d'hémoglobine",11
6920,parentés entre les êtres vivants : l'exemple des cytochromes,11
6922,Tableaux de bord - Les prix à la consommation,10
6923,les mécanismes de l'immunité : étude des immunoglobulines,11
6924,composition et structures des protéines,11
6925,Aménager pour répondre aux inégalités croissantes,5
6926,Purification et culture de chlorelles,11
6927,un aménagement régional : l'aéroport Notre Dame des Landes,5
6928,"ADN, phages et mutations",11
6929,segmentation de l'Ambystoma,11
6930,Synthèse d'amidon dans le chloroplaste,11
6932,Les arguments de la dérive des continents,11
6933,de l'ADN à l'ARN,11
6934,la transmission du programme génétique d'une cellule à une autre.,11
6936,"Vie, La biologie au lycée - Site expert Sciences de la Vie",11
6937,Le bois de chêne,11
6939,L'expérience d'Emerson en EXAO,11
6940,Entretien de microorganismes : euglènes et cyanobactéries.,11
6942,LE SYSTEME GPS (Global positioning system).,11
6943,South Africa - Now and then,6
6944,Ordre des phases de la mitose.,11
6945,Images de chromosomes.,11
6946,MESURER LA QUANTITE D'ENERGIE RECUE SELON LA LATITUDE,11
6947,Quelles sont les principales défaillances du marché ?,10
6949,La ville et ses réécritures numériques : voir et écrire la ville en 2.0,3
6950,Estimation du volume d'eau,7
6951,Etude de l'activité d'une enzyme : la catalase,11
6952,A la découverte de l'Homme - Dominique Gommery (page 1/2).,11
6953,"Un aménagement de proximité, la ZAC Océan Indien à Saint-Pierre",5
6954,"Mémoires et histoire, définitions et problématiques",5
6955,La place de la langue dans le manuel numérique Place au théâtre,3
6956,Action de la glucose-oxydase sur le D-glucose et le L-glucose,11
6958,Sismique en EXAO : premiers essais,11
6960,Comment la Vème République a t-elle su s'adapter pour s'inscrire dans la durée ?,5
6961,"Création d'un livre numérique enrichi : la traite, de la traversée aux plantations, par des élèves de 4e",3
6962,Les enzymes ne sont pas consommées au cours de la réaction enzymatique,11
6963,LES BONNES ADRESSES - Banque de données en géologie).,11
6964,Mesure du temps de réaction pratique par EXAO au collège,11
6965,Pourquoi la Seconde Guerre Mondiale est-elle considérée comme une guerre d'anéantissement ?,5
6966,La respiration mitochondriale,11
6967,"Etude de l'activité enzymatique de la tyrosinase du champignon de Paris, par colorimétrie.",11
6968,Utilisation pédagogique d'un herbier numérique.,11
6969,Une application du numérique au collège : la transmission de l'information génétique au cours d'une division cellulaire.,11
6970,A la recherche d'ancêtres.,11
6971,Le thème des barbares dans l'Encyclopaedia Universalis,3
6972,"L'Afrique du Sud, une grande puissance  africaine intégrée dans l'économie mondiale",5
6973,CLONE-Gabarit fiche cycle 4 LV,6
6974,Les territoires ultramarins,5
6975,Techniques de maquettisme en géologie.,11
6976,TraAM 2017 : sur les traces de la Seconde Guerre mondiale,5
6979,CLONE-CLONE-Gabarit fiche cycle 4 LV,6
6980,Comment décloisonner les matières au travers d'une thématique commune (la transition écologique en Europe) par la création d'un Escape Game plurilingue,6
6981,Asymétries d’information : sélection adverse et aléa moral,10
6982,CLONE-Gabarit fiche cycle 4 LV,6
6983,Écrire et interpréter une pièce de théâtre grâce aux TICE,3
6984,"Du rêve aux désillusions 2 : du romantisme au réalisme:  Le Petit Lieutenant, de Xaxier Beauvois",3
6985,La baladodiffusion au service de la lecture,3
6986,Travailler le sujet de réflexion en 3e avec un outil de brainstorming collaboratif et le TBI,3
6987,Promenade aléatoire,7
6988,Maquette de nappe phréatique,11
6989,Comparaison du membre antérieur de quelques vertébrés.,11
6990,PPO - Louise Michel et la Commune de Paris,5
6991,Géologie au cycle central,11
6993,Présentation du logiciel SEISMIC,11
6994,"$La cellule, unité du vivant",11
6995,Décrire et expliquer la guerre des tranchées,5
6996,Hydrobiologie autour d'Aix en Provence,11
6997,Un site géologique briançonnais remarquable : Combarine,11
6998,En quoi la Champagne symbolise-t-elle le dynamisme de l'Occident ?,5
6999,Calcul d'un escalier,7
7000,Diviseurs communs à deux entiers,7
7002,TraAM 2018-2019 :  La Vaccination (Classes Inversées),12
7004,Surface latérale et volume d'un cône,7
7005,Comparaison cellule animale - cellule végétale,11
7006,Le gravitropisme des végétaux,11
7007,Découverte et application pédagogique du Minidrone Parrot Airbone Cargo,13
7008,Des liens de parentés entre les êtres vivants.,11
7009,Découvrir la ville de Rome et un moment précis de son histoire au moyen d'un Escape Game,6
7010,Un exemple d'évaluation,10
7011,MESURE DU VOLUME VACUOLAIRE.,11
7012,La RMN cérébrale,11
7015,La communication nerveuse en images,11
7017,"Humanisme, réformes et conflits religieux. Proposition de séquence et d'AP.",5
7019,CLONE-Gabarit français,5
7021,un modèle analogique pour comprendre la zone d'ombre,11
7026,Expérience de Meselson et Stahl,11
7027,Utiliser un logiciel de dessin vectoriel pour figurer  les vitesses de plaques mesurées par GPS,11
7028,La frontière dans une mondialisation en débat,5
7029,Expériences sur la Photosynthèse en classe de seconde,11
7030,Expériences sur la Photosynthèse en classe de seconde: autotrophie au Carbone,11
7032,Expériences sur la Photosynthèse en classe de seconde : amidon et pélargonium,11
7033,Le gravitropisme des végétaux,11
7034,Expériences sur la Photosynthèse en classe de seconde : nécessité du CO2,11
7035,Expériences sur la Photosynthèse en classe de seconde : ExAO.,11
7036,"Histoire, mémoire et témoignage. L'exemple de la France Libre",5
7037,Expériences sur la Photosynthèse en classe de seconde : ExAO.,11
7039,Expériences sur la Photosynthèse en classe de seconde : ExAO.,11
7040,Expériences sur la Photosynthèse en classe de seconde : ExAO.,11
7041,"St Pierre et Miquelon, un territoire ultramarin français original",5
7042,Expériences sur la Photosynthèse en classe de seconde : dégagement d'oxygène,11
7043,La mitose chez les végétaux,11
7044,Le bois de pin,11
7045,Les espaces productifs : le cas de Marly-Gomont,5
7046,Expériences totalitaires dans l'Europe de l'entre-deux-guerres,5
7047,La route du volcan - Sommaire.,11
7049,Livret interactif pour réviser les repères du DNB,5
7050,La décolonisation de l'Inde,5
7052,Les protoplastes,11
7054,Caractériser le communisme de Mao ?,5
7056,Habiter Salmé,5
7057,Réaliser une campagne d'affichage sur un problème de société,3
7058,Web-radio et évaluation des compétences,3
7059,Utiliser une classification phylogénétique de la sixième à la terminale.,11
7061,Répartition des êtres vivants et conditions climatiques,11
7063,Une molecule du complexe majeur d'histocompatibilite.,11
7064,LES MARQUEURS GEOLOGIQUES DE LA CONVERGENCE,11
7065,La molécule d'ADN,11
7069,Reconstitutions paléoclimatiques dans le Jura.,11
7070,Simuler et expliquer la zone d'ombre en 3D,11
7071,Sortie géologique - Les Planches - Arbois.,11
7072,le rythme cardiaque chez la daphnie.,11
7073,TraAM 2018 : Collaborer sur le thème de géographie « Habiter un espace de faible densité».,5
7074,l'expérience combattante - la bataille de la Somme,5
7075,Présentation et utilisation du logiciel Coeur2,11
7076,Images et technologie numériques en collège pour appréhender la notion de subduction,11
7077,la respiration mitochondriale,11
7078,Lithothèque de Basse-Normandie.,11
7079,NORMES DE CLASSIFICATION DE LA QUALITE DES EAUX.,11
7080,Cristallisation de la vanilline,11
7081,"le RU-486, une molécule contragestive",11
7083,Comment utiliser les TICE pour le compte rendu d'une sortie géologique 5ième ?,11
7084,Voyages et découvertes XVI° - XVIII° siécles,5
7085,utilisation du logiciel Chronorad,11
7086,S'entraîner à l'oral des E.A.F avec la vidéo,3
7087,Ateliers à l'école de l'ADN.,11
7088,DIPTERES eau douce Réunion.,11
7089,Les mémoires de la Seconde guerre mondiale,5
7091,Dossier sismo.,11
7092,Dissection de l'asticot.,11
7093,Cartelec,5
7095,Pollens fossiles et variations climatiques,11
7096,travaux de datation à partir d'un sortie de terrain...,11
7097,Aménager la ville de demain : la ville de Montbéliard,5
7098,"Ile de La Reunion - Situation geographique, zone vegetales et reliefs, rivieres et aquiferes",11
7099,"utiliser le logiciel ""seismic eruption"" en classe de première et de terminale S",11
7100,Le crash du vol MH17 : faire preuve d'esprit critique face à des théories conspirationnistes,5
7101,"Lengaï, volcan sacré",11
7102,"Pourquoi la chanson ""Russians"" est-elle un témoignage de la guerre froide dans les années 1980 ?",5
7104,évolution de la lithosphère océanique.,11
7105,la machine Terre : Un exemple de schéma bilan fonctionnel.,11
7107,À la rencontre d’une auteure en résidence d’écriture,3
7109,utiliser le logiciel seismic waves en classe de première S,11
7110,étudier la subduction avec seismic eruption,11
7111,GPS tracking of the european lithosphere deformations,11
7112,"Progestérone, RU-486, Lévonorgestrel et récepteur.",11
7113,Etude d'un édifice religieux haut-normand : l'abbaye de Grestain,5
7114,Mise en évidence du complexe enzyme substrat,11
7115,la carboxypeptidase,11
7116,Croissance de la cellule vegetale,11
7117,le chloroplaste,11
7118,cellule musculaire lisse vasculaire.,11
7119,Documents de biologie cellulaire,11
7120,La mitose,11
7122,TraAM 2018 : Découvrir et faire découvrir la Renaissance,5
7123,« Fables en scène » ,3
7124,Accueil Lithothèque,11
7125,L'oeil et la vision.,11
7126,"Tâche complexe , L'action indirecte de l'Homme sur le peuplement d'un milieu : la mouche bleue contre la vigne marronne",11
7127,"""On conte sur toi"" : un projet sur l'art de conter",3
7129,utiliser une base de données de séismes régulièrement actualisée et traiter les données avec un tableur,11
7130,les déformations de la plaque Sud-Américaine mesurées par GPS.,11
7132,"Etudier la Seconde Guerre mondiale, guerre d'anéantissement, grâce aux vidéos d'archives",5
7133,"Tâche complexe, Influence de l'Homme sur la reproduction sexuée du TUIT-TUIT",11
7134,"Tâche complexe, La pollinisation",11
7135,Compte rendu de la conférence donnée par le professeur Patrick Vignaud sur Toumaï,11
7136,Sortie géologique dans Verneuil sur Arvre,11
7137,Page EDD.,11
7138,Le test navette de Leger,11
7140,Présentation et utilisation du logiciel Diet 2002,11
7141,exemple d'interaction océan-atmosphère : un cyclone tropical,11
7142,utiliser Tri_GPS en première et terminale S,11
7143,saisie d'informations géologiques sur le terrain,11
7144,"Ressources pour enseigner avec un système d'information géographique - La Normandie, nouvelle région française",5
7145,Présentation et utilisation du logiciel Seismic Waves,11
7146,La loi d'Ohm,9
7147,Deux propositions de croquis sur les espaces productifs,5
7148,Enjeux et conflits dans le monde depuis 1989,5
7149,Gérer les océans et leurs ressources à travers l'exemple de la pêche dans l'Atlantique Nord,5
7150,TP ELISA (SUBSTITUTION),11
7151,Coisia : traces de Dinosaures,11
7152,Répartition mondiale des séismes,11
7153,"La région Hauts-de-France, territoire de vie, territoire aménagé.",5
7156,Les fosses océaniques,11
7157,Présentation et utilisation du logiciel Ethylotest.,11
7158,L'Allemagne : symbole de la guerre froide,5
7159,"Les espaces de faible densité (espaces ruraux, montagnes, secteurs touristiques peu urbanisés) et leurs atouts.",5
7161,Utilisation de paleovu,11
7162,"""l'urbanisation du monde"".",5
7163,Géographie urbaine à Los Angeles à travers l'utilisation de Google Earth et Street View,5
7164,intégrer de l'EMC dans une séquence de géographie grâce à un jeu sérieux,5
7166,"Le collège, c'est quoi pour moi ? ",5
7168,Quelles logiques pour les échanges entre l'Europe et l'Asie-Pacifique,5
7169,"Hoax, rumeur et désinformation ",6
7171,Comparer des besoins alimentaires avec le logiciel Ddali,11
7172,Modélisation de la catalyse enzymatique (lactase v2),11
7174,Activité sur Londres,5
7177,Le monothéisme juif dans un monde polythéiste.,5
7178,Etude d'une seigneurie réelle : la baronnie de Villemaur,5
7179,"Simone VEIL, actrice et témoin d'une époque",5
7180,Une difficile conquête : voter de 1815 à 1870,5
7181,Les cahiers de doléances,5
7182,Contribution de l'étude des faunes de vertébrés à la reconstitution de paléoenvironnements,11
7183,Mécanismes à l'origine de la montée du magma.,11
7185,Projet biodiversité : Les Batraciens et Serpents sont utiles : conservons les !,11
7186,Action Contre la Faim : HAITI ! ,6
7188,Tâche complexe : les temps forts de la Révolution,5
7189,utiliser le peuplier pour étudier les relations entre phénotype et milieu,11
7191,Modélisation du trajet des ondes P,11
7192,Les allèles,11
7194,"L'Empire romain dans le monde antique : conquêtes, paix romaine et romanisation",5
7195,Présentation et utilisation du logiciel Pulmo,11
7196,utiliser l'hortensia pour étudier la dominance apicale.,11
7197,Tinqueux : du village à la ville,5
7198,Les hommes de la Renaissance,5
7199,Stellarium un logiciel indispensable dans nos classes,11
7200,Présentation et utilisation du logiciel Cloportes,11
7201,schema de l'expression d'un antigene.,11
7203,Utilisation du logiciel Tri GPS,11
7208,Du brouillon au texte avec les Tice,5
7212,circulations dans un coeur,11
7214,action de l'éthylène sur la morphogenèse végétale,11
7216,Etudier les caractéristiques métropolitaines à l'aide de la série Les Sopranos,5
7218,"Présentation et utilisation du logiciel ""Prévention tabac""",11
7219,Les systèmes productifs et leurs mutations,5
7223,mise en évidence des mouvements de la lithosphère liés au Tsunami du 26 décembre 2004,11
7224,Manipulations ExAO : mesure consommation O2,11
7225,Concours Topchef Junior - Découvrir des recettes simples et en réaliser certains pour participer à un concours de cuisine.,6
7227,De la suite (Fibonacci) dans les idées !,6
7228,TraAM : Se préparer à l'épreuve orale de DNL Histoire - géographie / Anglais en section européenne.,5
7230,"2004, une année extraordinaire dans l'exploration géologique du système solaire",11
7231,Logiciel Radiochronologie,11
7235,Fantastiques nouvelles ! Rédiger une nouvelle fantastique en écriture collaborative,3
7236,données utilisées dans les différents exemples de déformations suivies par GPS,11
7237,traiter des séries de mesures GPS pour mettre en évidence des mouvements relatifs de la lithosphère,11
7238,Fonctionnement d'une faille inverse liée à la subduction,11
7241,"La populiculture dans les basses vallées angevines, utilisation pédagogique d'un SIG",11
7242,les échanges gazeux entre un animal et le milieu,11
7243,action des hormones végétales sur la morphogénèse,11
7246,Simulairy,11
7247,Traditions de carnaval dans les pays germanophones,6
7248,transgression jurassique,11
7250,Le monde des cités grecques,5
7251,protéines et enzymes : scripts automatiques pour RasTop 2.0.3-VF,11
7252,Anatomie/fonctionnement de l'appareil génital,11
7255,Le web participe-t-il à la démocratie ?,1
7257,L'aménagement de la LGV Sud Europe Atlantique,5
7258,Questionnaire garçon,11
7259,alteration granite,11
7260,"Elèments de réflexion pour aborder ""des cartes pour comprendre le monde""",5
7261,EXAO milieu de vie et respiration,11
7262,Respiration TICE,11
7263,Activité en classe de seconde : Trajectoire d’un point,9
7264,"La ville de demain : travailler la compétence ""coopérer, mutualiser""",5
7265,Introduction respiration,11
7267,TP respiration poisson,11
7268,La biodiversité : le vivant dans tous ses états.,11
7271,Respiration et occupation des milieux,11
7272,Genèse et affirmation des régimes totalitaires,5
7275,Construction graphique sur la production de matière organique,13
7278,Les objets du système solaire,11
7280,"Rumeur, le python de Saint-Florentin",3
7281,LA DISSECTION DU COEUR,11
7282,Etude de l’évolution d’une transformation chimique totale,9
7286,Présentation et utilisation du logiciel Reproduction,11
7287,CLONE-Cartes introductives à l'étude de la 1ère Guerre mondiale,5
7289,Utilisation du logiciel CMD : Commande du mouvement,11
7290,Initiation aux SIG,11
7291,SismoDémo,11
7292,Roissy: plateforme multimodale ou hub mondial,5
7293,Géographie du déconfinement : 100 km à la ronde,5
7294,Simulation de l'albédo,11
7295,Simulation de l'effet de serre,11
7296,"Le Proche et le Moyen Orient, un foyer de conflit depuis la fin de la Première Guerre mondiale",5
7297,ExAO et climatologie,11
7298,Séisme de Mexico,11
7299,Les relations israelo palestiennes,5
7300,Mon territoire imaginaire - Initiation au croquis géographique au lycée,5
7301,Sorties de géologie dans l'oligocène du  bassin de Forcalquier,11
7302,"Les territoire de la mondialisation: une ville mondiale, New York",5
7303,Utiliser des boitiers d'évaluations en classe,5
7304,Réalisation d'herbiers individuels,11
7305,Un outil interactif au service d'une pédagogie active : L'isoloir.net,1
7306,Clef d'identification des arbres et arbustes du Jura,11
7308,"Séance niveau 4ème sur la compétence ""argumenter""",11
7311,Protocole de réalisation d'une préparation microscopique d'épiderme d'oignon,11
7312,Alignements de volcans et logiciel Google Earth,11
7314,Les cathédrales de Bourges et Monreale.,5
7315,Une lecture du programme de géographie de 5e. Proposition de progression et pistes de réflexion.,5
7318,Excel et la répartition des planètes du système solaire,11
7319,Mise en oeuvre de l'EDD dans le cadre des programmes du collège.,11
7320,Éthique du journaliste : Un projet inter-degrés,3
7321,Habiter Vassieux-en-Vercors,5
7322,Tube digestif du lapin,11
7323,Présentation et utilisation du logiciel Brassage Génétique,11
7324,"Résistants de l'intérieur, résistants de la France Libre",5
7326,"Son et lumière : Tranches de vie, parcours et mémoires d'hommes",5
7327,Volcanisme ancien et logiciel google earth,11
7329,Simulation de cultures,11
7330,Découvrir de nouveaux mondes,5
7332,Dissection de branchies,11
7333,QCM terminale socio 1.2 Mobilité sociale,10
7334,Les espaces productifs et leurs évolutions,5
7335,QCM terminale Regards croisés 1 Justice sociale,10
7336,"Le golfe de Naples, étude d'une façade littorale plurifonctionnelle",5
7337,"Le golfe de Naples, étude d'une façade littorale plurifonctionnelle",5
7338,Dissection d'un coeur de poulet,11
7339,Maquette d'un volcan,11
7342,Eruption du Mont St Helens et logiciel Nasa World Wind,11
7343,Mise en évidence du prisme d'accrétion sur l'ile de la Barbade avec Sismolog,11
7345,Séquence : l'enfant et ses droits.,1
7346,McDo,11
7347,Les Européens dans le peuplement de la Terre,5
7348,Un exemple d'utilisation de mesurim en classe de seconde : l'inégale répartition géographique de l'énergie solaire,11
7349,Beatlemania !,6
7350,Créer un webmagazine en histoire,5
7351,Les êtres vivants sont constitués de cellules,11
7352,La division cellulaire.,11
7353,CYCLES DE DEVELOPPEMENT ET STABILITE DE L'ESPECE,11
7354,MODELISATION D'UN ANTICORPS.,11
7355,Expansion oceanique - Exploitation de la carte geologique de l'Ocean Indien,11
7356,Formation des professeurs néo-titulaires,11
7357,L'empreinte écologique,11
7359,Faisons du cinéma !,6
7360,utiliser tectoglob en première et en terminale S,11
7361,TraAM 2017-2018 : Banque Numérique en Première STI2D,7
7362,Maquettes de chromosomes,11
7363,plongeon 12,2
7364,Comment construire une progression annuelle,6
7365,Fabrication d'un jeu de carte permettant de travailler sur les combinaisons d'allèles,11
7366,Géologie de la Lorraine,11
7368,Les projections cartographiques,5
7369,"La libération des camps nazis, le retour des déportés et la découverte de l'univers concentrationnaire : ""9 filles jeunes qui",5
7370,Utilisation des images satellitaires en classe de seconde,11
7371,Quels sont les enjeux des élections américaines ?,6
7372,La ville de demain : l'exemple de NewYork,5
7375,l'ancienne carrière de granite de Moulin Neuf.,11
7376,La ville de demain dans le cinéma de science fiction.,5
7380,TraAM Conversation collaborative sur twitter et smartphones sur le thème de l'Irlande du Nord,6
7381,serpents,11
7382,La propagande au service de la guerre 1940 - 1945,5
7385,Lithothèque du Nord Pas de Calais,11
7386,TraAM Ecriture collaborative d'un magazine avec Madmagz,6
7387,La Une,3
7389,Grande Guerre et SDN dans les archives sonores,5
7393,La commande des mouvements,11
7394,"TICE - 1892, la grève de Carmaux et Jean Jaurès",5
7396,immunologie en terminale S : utiliser les données numériques et les logiciels lors des activités pratiques,11
7399,Logiciel EarthQuake3D,11
7401,L'interview,3
7402,Social Networks,6
7403,EEDD : du terrain au système d'information géographique.,11
7404,Portrait journalistique,3
7405,Schéma d'interprétation de l'expérience de Meselson et Stahl.,11
7406,TraAM Ecriture collaborative avec une école britannique,6
7407,"L'expérience combattante des ""Morts pour la France""",5
7409,La classification des êtres vivants.,11
7410,page de téléchargement de fGIS (Wisconsin Department of Natural Ressources),11
7411,Sécurité routière et SVT,11
7412,QCM terminale socio 2.2 conflits sociaux,10
7413,réorganiser les régions,5
7414,Briand et la loi de séparation des Églises et de l'État,5
7415,Le Gravelot à collier interrompu niche sur les plages vendéennes,11
7417,TraAM Création d'une exposition virtuelle en réalité augmentée sur l'époque victorienne,6
7419,"Les Lumières, un siècle de débats, en débat",5
7420,Planétodoc,11
7421,Lithothèque de Franche-Comté - Académie de Besançon,11
7422,Pavages avec Scratch,7
7424,There's nothing like Australia !,6
7425,Une ressource naturelle : le bois,11
7426,Lipiaz - Loulle (39 Jura).,11
7427,Cortège des roches vertes de Courmont (70 Haute Saône).,11
7429,Schistes houillers de Ronchamp (70 Haute Saône).,11
7430,Panorama du Mont d'Or (25 Doubs).,11
7431,Médias et opinion publique en France depuis l'Affaire Dreyfus,5
7434,Le succès d'une pâte à tartiner à l'heure de la mondialisation,5
7435,Jeu sérieux Survive on Mars,11
7436,"utiliser des SIG dans le cadre de ""la classe sur le terrain"".",11
7437,Séisme des Saintes du 21 novembre 2004,11
7438,La mangrove d ela Guadeloupe,11
7440,écosystème récifal,11
7442,L'exploitation du gaz de schiste: de la dépêche à l'article,5
7443,Evolution allélique,11
7444,Le développement durable et l'éducation en vue d'un développement durable,11
7445,Les troisièmes rencontres du nord : « Patrimoine et éducation en vue d'un développement durable »,11
7446,In guns we trust,6
7448,Une année de croquis en Terminale S avec Inkscape,5
7449,le code génétique.,11
7452,"TraAM LV cycle 3-4 : Ecriture, lecture d'une production d'écrit",6
7454,L'origine des phénotypes alternatifs 2.,11
7455,"Etude de cas : un espace productif tertiaire, le Mont St Michel",5
7458,Les propriétés de Pythagore et de Thalès,7
7460,"Travailler la compétence ""se repérer dans l'espace"" en 6ème.",5
7461,TraAM Ecriture collaborative d'une nouvelle policière,6
7463,Activité sismique mondiale et logiciel Nasa World Wind,11
7466,"Vidéo : Technique orale collaborative ""Jigsaw""",6
7467,Once upon a time,6
7469,le développement embryonnaire du Xénope et du Poisson-zèbre,11
7471,Geeks,6
7472,Les tablettes au service d'un élève ULIS,6
7477,Besoins énergétiques et logiciel Ddali,11
7478,Les différentes anomalies chromosomiques,11
7479,To what extent is India a land of contrasts ?,6
7480,Déplacements linéaires,7
7483,Créer un menu numérique vers des ressources,6
7485,Datation par radiochronologie,11
7486,identification des minéraux dans une pegmatite et un granite,11
7487,Phyloboîte,11
7488,Une Journée de l'Environnement au Collège !,6
7489,GESUND ESSEN,6
7490,TraAM Réaliser une bulletin météo pour le grand public,6
7496,TraAM Différenciation par le numérique : mettre en voix un poème du patrimoine,6
7498,QR codes et différenciation,6
7499,simulation des cristallisations d'un granite et d'une pegmatite,11
7500,Evolution politique de la France de 1848 à 1880,5
7503,comment les grandes villes s'organisent et se connectent au monde ?,5
7504,origine et histoire des enclaves dans les granites de Noirmoutier,11
7506,Gneiss et génèse des magmas granitiques à Noirmoutier,11
7507,"Les littoraux, espaces convoités.",5
7509,"La naissance d'un océan, la dépression de l'Afar",11
7510,"Socialisme, communisme et syndicalisme en Allemagne depuis 1875",5
7511,"L'eau souterraine, une ressource à protéger la nappe de Beauce",11
7512,Vidéo : travail préparatoire à la pratique théâtrale en anglais,6
7514,La nappe de Beauce.,11
7515,mécanismes de destruction superficielle des granites à Noirmoutier,11
7516,le gravelot à collier interrompu niche sur les plages vendéennes (document professeur),11
7518,Shakespeare : our contemporary,6
7521,La critique de film,3
7522,le gravelot à collier interrompu niche sur les plages vendéennes (document élève),11
7523,Aborder la classification des clous par le biais d'une carte mentale,11
7524,Etude de cas : un espace productif agricole : Marly Gomont,5
7525,Civils et militaires dans la Première Guerre mondiale,5
7526,Le complexe Enzyme-Substrat,11
7527,la protection de l'organisme : un exemple de schéma fonctionnel,11
7528,De la brève à l'article,3
7529,Les Firmes Transnationales dominent-elles notre alimentation ?,5
7530,"Une expérience combattante singulière, celle de Hansi et son lien avec la famille Résal",5
7531,plongeon 13,2
7532,From the plantations to the White House,6
7533,Muséum d'Histoires Naturelles - Les expositions temporaires.,11
7537,Les TIC au service de l'exploitation du réel de terrain,11
7538,Affichage et lecture d'une image satellitaire avec un logiciel d'affichage d'images numériques (niveau 1),11
7541,Little Red Riding Hood,6
7544,Labyrinthe à plusieurs niveaux,7
7545,affichage et lecture d'une image satellitaire avec titus 2 (niveau 2),11
7548,Native Americans : past and present,6
7550,Les échelles de gouvernement dans le monde,5
7556,Violences révolutionnaires et le jeu vidéo Assassin's creed unity,5
7557,radiométrie : manipulation simple avec un seul milieu et un seul canal (niveau 1),11
7559,Réaliser des fiches de révision collaboratives avec Padlet,5
7560,Module de découverte d'un site patrimonial de l'académie : Victor Hugo,3
7563,radiométrie : manipulation simple avec plusieurs milieux et un seul canal (niveau 2),11
7564,Schéma de synthèse sur l'estuaire de la Loire réalisé avec Inkscape,5
7565,radiométrie : manipulation avec plusieurs canaux et plusieurs milieux (niveau 3),11
7567,Les mémoires : lectures historiques,5
7568,de la signature spectrale à la composition colorée (niveau 3),11
7569,faire une classification avec mesurim pro (niveau 2),11
7570,arbres de La Colinière,11
7571,faire une classification avec Titus 2 (niveau 3),11
7573,L’organisation de l’appareil digestif ,12
7574,utiliser le pad dans e-lyco pour travailler sur la citoyenneté à Athènes,5
7575,Enseigner la transmission de la vie en quatrième.,11
7576,Comment la zone de pêche de la Nouvelle-Calédonie est-elle protégée ?,5
7577,Nourrir les hommes : Contextualisation,5
7578,fonctionnement de l'organisme et besoin en énergie,11
7579,mise en oeuvre des logiciels et des images pour les travaux sur les images satellitaires en seconde,11
7580,Expression variable des allèles d'un gène.,11
7581,Comparaison de micro-organismes.,11
7582,corréler des données hydrologiques et géologiques aux données agricoles,11
7583,Les chromosomes du noyau : support de l'information héréditaire,11
7586,Construction d'un arbre d'évolution possible pour l'espèce humaine.,11
7587,Enseigner la Première Guerre mondiale avec les nouveaux programmes de 3e,5
7588,Clé de détermination de êtres vivants observés en sortie.,11
7589,Production de matière.,11
7590,"Réaliser son ""Speech melody"" avec des outils en ligne.",5
7591,"Tâche complexe : Emilie du Châtelet, femme des Lumières",5
7592,Pistes de réflexion et exemples de séquences en Éducation à la citoyenneté,1
7593,Occupation de milieux au cours des saisons.,11
7594,Aborder la question des réfugiés par le jeu,5
7595,La Statue de la liberté et l'environnement,6
7597,"De l'éducation à l'environnement pour un développement durable à l'éducation au développement durable,",11
7599,"""Résistance(s)"". Les élèves construisent une notion.",5
7600,Créer un avatar,6
7602,Les grands cycles géologiques - Jean Dercourt (Page 1/2).,11
7604,"La ""révolution"" néolithique",5
7606,L'éducation au développement durable au temps des changements climatiques,11
7607,Retours d'expérimentation sur la classe inversée,6
7608,Habiter la ville de demain,5
7609,L'éducation au développement durable comme composante d'une éducation au développement,11
7610,Progression annuelle d'une classe de sixième,6
7611,La gestion de la forêt méditerranéenne,5
7612,L'éducation à l'environnement pour un développement durable à l'école primaire : une application pédagogique : écrevicissitudes,11
7614,Comparaison de la disposition des principaux organes des vertébrés par rapport à aux axes de polarité : dissection comparée (act,11
7616,Activité interne du globe et logiciel Tectoglob,11
7617,Intégrer le numérique en classes de Langues,6
7621,"acquérir, installer et configurer fGIS; un logiciel de SIG gratuit en français.",11
7622,Sydney,6
7623,Comment l'ONU agit-elle pour la sécurité internationale ?,1
7624,En quoi les sondages sont-ils un acteur du débat public ?,1
7625,"Une expérience combattante singulière, celle de Hansi et son lien avec la famille Résal",5
7626,Annexes - Sommaire,11
7627,produire une image satellitaire géoréférencée avec titus2.,11
7629,Des phénotypes à différents niveaux d'organisation,11
7630,"L'eau, l'énergie : des ressources à ménager et à mieux utiliser",5
7631,El agua : un recurso mítico y codiciado (A2),6
7633,Electrophorèse : fiche technique,11
7634,créer un nouveau projet et afficher le fond géoréférencé avec fGIS.,11
7635,repérer et étudier les peupleraies au cours d'une excursion,11
7636,"tracer des thèmes ponctuels, linéaires et surfaciques avec le SIG fGIS.",11
7637,intégrer des couches de photos aériennes dans un SIG.,11
7638,"Pourquoi quand les Russes coupent les livraisons de gaz, l'Europe a-t-elle peur ?",5
7639,"L'Europe, théâtre majeur des guerres totales",5
7641,Etude : la stèle des vautours,5
7642,La mondialisation en débat,5
7643,"Ovide, L'Art d'aimer.",4
7644,réaliser une étude diachronique des peupleraies.,11
7645,Off to Australia,6
7646,Indice Biotique: m&eacute;thode am&eacute;ricaine,11
7647,De la pompe à feu à la machine de Watt : l'invention de la machine à vapeur,5
7648,Fosses océaniques avec Sismolog,11
7650,Gènes homéotiques avec Anagène,11
7652,Les relations de l'Empire romain avec les autres mondes anciens : l'ancienne route de la soie et la Chine des Han,5
7653,Auzet la mise en système,11
7654,"Bourgeoisies marchandes, négoces internationaux et traites négrières au XVIIIe siècle",5
7655,Le changement global et ses principaux effets géographiques régionaux,5
7656,EPI : Les effets du changement climatique,5
7657,L'éducation au développement durable : l'école bouge grâce à vous et pour vos élèves,11
7658,L'émigration italienne (différenciation pédagogique),5
7660,Une chasse au trésor pour travailler le déplacement spatial,6
7661,Barcelona,6
7663,Variations de séquences d'ADN avec Anagène,11
7664,L'évolution d'un paysage urbain dans le temps,11
7666,La ville de demain avec Géoportail,5
7667,"Le récit - la nouvelle, entre réalité et fiction",3
7668,La ration alimentaire,11
7670,Histoire géologique de Montbéliard et sa région.,11
7671,Fabulous news !,6
7673,LA FORET MEDITERRANEENNE ET SON EVOLUTION DANS LA PERSPECTIVE D'UN CHANGEMENT CLIMATIQUE,11
7674,La croissance des vers à soie - Utilisation de mesurim,11
7675,construction d'un schéma bilan sur la circulation sanguine à l'aide d'un TBI,11
7676,À la découverte des peintures pariétales de Lascaux,5
7677,L'héritage des mythes grecs et romain,5
7679,Modèle de création et d'enregistrement d'ondes sismiques,11
7680,Redécouverte virtuelle des caractéristiques locales et du peuplement du milieu,11
7681,"Mémoriser à l'aide du numérique, l'exemple de la Première Guerre mondiale avec Anki",5
7683,Byzance et l'Europe carolingienne (séquence et compétences),5
7684,"Respirer ou agoniser, même combat...",11
7685,"Le sang : un lien entre les intestins, les poumons et les muscles ?",11
7686,Une maquette pour comprendre la contraception,11
7688,La reproduction sexuée : schéma-bilan,11
7689,Pointage vidéo et modélisation,9
7690,Le cycle féminin,11
7691,"Le port du Havre, un lieu d'échanges entre la terre et la mer",5
7692,Vidéo : progressivité et différenciation en anglais en classe de troisième,6
7693,"Biopole, un exemple d'aménagement local",5
7694,Comparaison de la disposition des principaux organes des vertébrés par rapport à aux axes de polarité : dissections comparées (a,11
7695,Vidéo enrichie : expérience de Meselson-Stahl,11
7696,le biocluster Auvergne,5
7697,"Enseigner le territoire sous l'angle d'un système d'acteurs, l'exemple du Grand Cul-de-Sac marin (Guadeloupe)",5
7698,"Tous semblables et pourtant tous différents, mitose, méiose",11
7699,TraAM La trace écrite collaborative,6
7700,Appareil digestif,11
7701,Appareil respiratoire,11
7703,Circulation,11
7705,living in Ontario,6
7707,Coeur,11
7708,Réaliser un sondage,6
7709,Ecologie des eaux douces.Réunion,11
7710,La nature du vivant,11
7711,Utiliser la cartographie numérique en Géographie - OpenOffice Draw,5
7714,Appareil reproducteur de la femme,11
7716,Classe inversée & différenciation : improvisation à l'oral,6
7717,Appareil reproducteur de l'homme,11
7718,Faune et Flore autour de l'étang.,11
7719,Baladodiffusion et production orale en continu (Nancy-Metz),6
7720,GREC grands débutants en seconde ou comment gérer l'impossible,4
7724,Quoi de neuf depuis Jules Verne ?,11
7726,Aménager les villes : réduire les fractures sociales et spatiales,5
7727,Les totalitarismes,5
7728,Comment mettre en œuvre un projet d'écoute autonome ?,6
7729,Le Centre des Eaux Douces ARDA à la Réunion,11
7732,ELISA,11
7733,Quand le bourgeon éclôt.,11
7734,L'ingénieur face à la contrainte carbone - Quels défis pour le 21e siècle ?,11
7735,TPE et développement durable.,11
7736,Pourquoi la Russie peut redevenir une puissance maritime ?,5
7737,Utiliser Scenari et WebMedia pour créer un document multimedia,5
7738,"Ruy Blas, un drame romantique de Victor Hugo",3
7739,Un produit mondialisé : le jean (étude de cas),5
7740,Créer un atlas de la pauvreté dans le monde avec l'application MADMAGZ,5
7741,Les méandres de la Seine à Champagne (77430),11
7743,Défenses immunitaires 3ème,11
7744,Séquence 'Monsters',6
7746,"Tâche complexe,  La circulation du sang",11
7747,Travailler autour des acteurs de l'aménagement du territoire avec les QR codes,5
7749,Devenir homme ou femme,11
7750,Comment le loup a sauvé les peupliers ...,11
7751,"""l'estuaire ; carte sur table"", utilisations d'un Système d'Information Géographique"" lors d'un projet pédagogique",11
7752,Comment donner du sens à la compréhension de l'oral en l'intégrant à un projet ?,6
7753,"production, transport et consommation d'énergie électrique dans l'estuaire de la Loire et en Loire-Atlantique",11
7754,les franchissements de la Loire à Nantes au fil du temps.,11
7755,Les microorganismes,11
7756,les pêcheries dans l'estuaire de la Loire.,11
7757,Alignement et âge des volcans dans le pacifique,11
7758,De l'histoire à l'épopée : aux origines de Rome,4
7759,Zone de subduction du Japon,11
7760,Mettre en évidence une zone de Bénioff à partir d'une banque de données sur les séismes,11
7761,Étude et pratique de la langue et œuvre intégrale au cycle central .Tardieu Finissez vos phrases,3
7762,À la recherche des gènes du chromosome I de la levure,11
7763,Clé de détermination de roches et fossiles.,11
7764,"Bibliographie : Lectures pour les enseignants et les élèves, collégiens ou lycéens",4
7765,lectures,4
7766,Le Satiricon de Pétrone,4
7767,"Bibliographie : lectures pour les enseignants et les élèves, collégiens ou lycéens",4
7768,Quelle est la couleur des yeux d'Athéna ?,4
7769,Questionnaires de civilisation latine,4
7770,REPARTIM,11
7771,Cédérom Clélie otage romaine,4
7772,Portrait de princeps,4
7773,Création d'une une latine,4
7774,visiter des sites archéologiques gallo romains,4
7775,Construire une frise chronologique numérique pour représenter les portraits et règnes des empereurs julio-claudiens,4
7776,Construire une activité de classification.,11
7777,Vie démocratique et lieux d'Athènes,4
7778,"Nota Bene, un journal en latin",4
7779,Quelques activités en latin,4
7780,"Latin en seconde, nouveaux programmes 2008",4
7781,"Latin en première, nouveaux programmes 2008",4
7782,Cézanne : un logiciel de coupe géologique pour Google Earth.,11
7783,L'utilisation de phylogène en SVT,11
7784,"bibliographie : Lectures pour les enseignants et les élèves, collégiens ou lycéens",4
7785,ARRONAX.,11
7786,Contre Conon de Démosthène,4
7787,Actualités - Environnement et SIG,11
7788,Héraclès dans l’œuvre d'Apollodore,4
7789,Diaporama : une séance d'initiation au latin,4
7790,Néron : 4 meurtres pour un empire !,4
7791,préparation et observation de l'amidon dans les chloroplastes d'Elodée,11
7792,La Terre du Précambrien à nos jours avec le logiciel Nasa World Wind.,11
7793,TICE en latin : Les temples de Rome... hier et aujourd’hui,4
7794,L'apprentissage du lexique en langues anciennes en 5e,4
7795,Fabriquer des exercices interactifs de latin avec Hot potatoes,4
7796,Afficher les variations des niveaux marins avec le logiciel Nasa World Wind.,11
7797,Liaison 3e-2de - Initiation à la version latine,4
7798,La communication hormonale,11
7799,séquence sur Pline l'Ancien,4
7800,"Commentaire de texte littéraire : l'éducation humaniste, dans Pantagruel",3
7801,"classification des êtres vivants, dessin vectoriel et tableau blanc interactif",11
7802,"""Seismic Eruption"" : paramétrage, réalisation de scénarios et mise à jour des données sismiques.",11
7803,Découvrir OneGeology,11
7804,Les Métamorphoses d'Ovide en images,4
7805,Pyrame et Thisbé,4
7806,Au fil de l'eau,11
7807,Blogus : un nœud de liens,4
7808,CRVSTVLA,4
7809,L'apprentissage du lexique en langues anciennes en 4e,4
7810,L'apprentissage du lexique en langues anciennes en 3e,4
7811,Coup de foudre !,4
7812,La modulation de l'activité cardiaque.,11
7813,Héros de l’antiquité,4
7814,La guerre de Troie,4
7815,"Grec en seconde, nouveaux programmes 2008",4
7816,Les divinités gréco- romaines et leur généalogie,4
7817,Une ressource indispensable : l'eau,11
7818,"Le Nil, une ressource partagée",11
7819,Les maladies liées à l'eau,11
7820,LA SEPTANTE - La Genèse  - La création du monde,4
7821,EXPLOITATION D'UN DOCUMENT ICONIQUE : plusieurs scénarios selon compétence visée,6
7822,Fable et bestiaire antique,4
7823,Module de travail: autour d’Héraclès,4
7824,"""La planète bleue... asoif""",11
7825,Les News de l'Antic',4
7826,Une clé USB pleine de ressources : Etamine,11
7827,Piézomètrie,11
7828,Qualitomètrie,11
7829,"Caligula, un empereur fou? Réflexion sur les représentations du pouvoir",4
7830,Peut-on boire l'eau de la nappe ?,11
7831,Les stations d'épuration,11
7832,Maîtres et esclaves : des rapports complexes,4
7833,Tutorial de Géoportail,11
7834,Anacréon et Sappho : la poésie lyrique grecque,4
7835,Action de l'insuline sur le foie,11
7836,tableau numérique interactif : capture de vidéos.,11
7837,D'où vient le quartz de la plage d'Aytré ?,11
7838,Les divisions cellulaires,11
7839,Construire des compétences linguistiques en latin au collège,4
7840,Expérimentation : enseignement conjoint du Latin et du Grec en collège,4
7841,"Grec en première, nouveaux programmes 2008.",4
7842,Expériences de tranfert d'immunité par le sérum,11
7843,HistoireS de vide (grec),4
7844,HistoireS de vide (latin),4
7845,Prises de sang virtuelles,11
7846,Textes et BD : Héraklès en images,4
7847,Comment stopper la transformation du lait en Yaourt ?,11
7848,Mesurer la croissance des êtres vivants,11
7849,Exploiter un corpus : entrée lexicale (Martin Mersenne),4
7850,Détermination des arbres rencontrés lors de la sortie pour découvrir l'environnement,11
7851,Nouvelle classification du vivant : une autre matérialisation,11
7852,Peuplement d'une rivière,11
7853,Œdipe Roi de Sophocle,4
7854,"Latin en terminale, nouveaux programmes 2009",4
7855,Exemple d'une démarche d'investigation,11
7856,Absorption intestinale du glucose,11
7857,Digestion in vitro,11
7858,Pygmalion et ses réécritures,4
7859,Carte heuristique : le subjonctif latin,4
7860,Découvrir le découpage en plaques tectoniques,11
7861,Le rôle des gaz dans les éruptions volcaniques,11
7862,Un lexique latin étymologique téléchargeable,4
7863,Apprentissage du vocabulaire latin,4
7864,Comment générer des articles de journaux avec FODEY,6
7865,Cycles et Hormones,11
7866,Les histones et la condensation de l'ADN,11
7867,Utiliser en langues anciennes un dictionnaire et une grammaire en ligne,4
7868,Le contrôle hormonal de la puberté du poulet,11
7869,Faire appareiller aux élèves un texte de langues anciennes avec l'outil informatique,4
7871,Partie III Protection de l'organisme Niveau 3ème.,11
7872,Outils pour une approche synthétique de la morphologie latine,4
7873,Les globes virtuels (liste de liens utiles).,11
7874,Bicentenaire de la naissance de Charles Darwin.,11
7875,Comprendre l’organisation du système solaire,13
7876,Base de données de fossiles de Normandie.,11
7877,Le rift Kenyan avec Google Earth,11
7878,Liste d'exemples types pour l'apprentissage de la syntaxe latine au collège,4
7879,Comment l'utilisation du blog peut-elle changer le rapport au travail de traduction en latin ?,4
7880,Domus Aurea : l'archéologie pour illustrer le cours de latin,4
7881,Traam 2017-18 : Processus tumoral et cancer : des dérèglements dans le renouvellement cellulaire,12
7882,Étudier une tragédie grecque en Terminale Littéraire : autour d'Électre de Sophocle,4
7883,Sophocle sur la scène contemporaine : comment adapter les conventions antiques,4
7884,Réviser les déclinaisons latines à l'aide de légendes monétaires.,4
7885,De la rhétorique à la communication,4
7886,Carte heuristique : le subjonctif en latin,4
7887,"L'exil des républicains espagnols : une histoire collective, un parcours personnel",6
7888,Travailler sur la nature des mots avec un diaporama,4
7889,L'histoire géologique de la région d'Evreux en animation.,11
7890,La tectonique,11
7891,Enzyme,11
7892,Clé de détermination de quelques végétaux,11
7893,Les masses d'air en mouvement,11
7894,TICE et lecture d'un texte authentique en Langues et Cultures de l'Antiquité,4
7895,Le mécanisme du TDR (Test Diagnostic Rapide),11
7896,Arbres et arbustes de Haute Normandie,11
7897,Entrer dans une œuvre latine en utilisant le site itinera electronica : l'exemple de Thyeste de Sénèque,4
7898,Let's investigate !,6
7899,Adaptation d'un petit gastéropode prédateur de nos côtes : la nucelle,11
7900,Initiation au grec ancien,4
7901,La germination des grains de pollen,11
7902,Le modèle de Penrose,11
7903,"Un projet associant l'histoire des arts, les TICE et le latin autour de l'exposition « Rodin, la lumière de l'antique »",4
7904,"[Réseau ECLORE] - Jeu ""Rencontres entre deux mondes"" / ""Encuentro entre dos mundos"" (Espagnol/Anglais)",6
7905,La vie des aliments,11
7906,"Tâche complexe autour de Nemo, poisson-clown",11
7907,Les glaciers,11
7908,Utiliser un outil numérique de présentation pour élaborer une construction de texte latin.,4
7909,L'activité des muscles antagonistes,11
7910,transférer des points et des traces directement du GPS à Google Earth,11
7911,didapage et classification emboîtée au collège.,11
7912,Les inégalités de revenu disponible (un dossier complet),10
7913,Réalisation de coupes d'ovaires de chatte avec et sans prise de pilule contraceptive,11
7914,observation des capillaires sanguins,11
7916,L'évolution à travers la critique de la théorie déterministe du programme génétique.,11
7917,Les différentes manières de passer l'hiver,11
7918,Quelle place accorder à l'oral dans le cours de latin aujourd'hui ?,4
7919,Produire des énoncés en latin,4
7920,Ressources pour utiliser l'oral en cours de latin,4
7921,Utiliser des textes latins oralisés pour comprendre les trois fonctions de la rhétorique antique,4
7922,Utiliser l'oralisation des textes pour comprendre la scansion d'un texte poétique,4
7923,Le repas dans la Rome antique - rédiger un article d'encyclopédie et le publier sur Internet,4
7924,Créer un mémento grammatical portatif et évolutif pour tablettes et smartphones,4
7925,"D'Ulysse à l'Homère du Transsibérien, un voyage en vers",3
7926,Conduire des collégiens à créer des supports visuels pour le cours de latin à l'aide d'un logiciel de diaporama,4
7927,Utiliser des activités de mise en train en latin,4
7928,Le monde grec dans l'histoire - séquence de grec ancien,4
7929,Un rift continental : le fossé rhénan,11
7930,"Recensement de SIG, de visualiseurs et de banques de données",11
7931,Modéliser le cycle de l'eau avec Vensim,11
7932,Tectoglob.,11
7933,"Faire dialoguer à l'aide des TICE, en français et en latin, un jeune Romain antique et un jeune Français moderne",4
7934,Educalc : calcul de l'évolution de l'alcoolémie,11
7935,Déchiffrer et transcrire des textes latins en classe de 5e,4
7936,Fabriquer sa propre carte avec Seismic Eruption et visualiser à une date précise des évènements sismiques ou volcaniques.,11
7937,Travailler en îlots autonomes en LCA dans un environnement numérique,4
7938,Les grandes figures de la République romaine : une séquence LCA en 4e avec le numérique,4
7939,Qu'est-ce que l'Homme ?,11
7940,Utiliser GPSUtility pour transférer des points et des traces du récepteur GPS à un Système d'Information Géographique (SIG),11
7941,Géoréférencer des documents avec le système d'information géographique gvSIG,11
7942,Le paléomagnétisme et la dérive des plaques lithosphériques,11
7943,tubercule de pomme de terre et multiplication végétative,11
7944,Mademoiselle Julie de Strindberg,3
7945,gestion des fichiers et des projets lors des activités SIG.,11
7946,Ouchterlony,11
7947,Écrire un article encyclopédique avec un wiki,3
7948,Comment lire une image publicitaire avec les élèves ? L'exemple de la représentation de la femme dans la publicité,3
7949,Utilisation du scanner à plat en classe ou au laboratoire.,11
7950,Le Petit Chaperon Rouge,3
7951,Explorer la notion de héros en 5ème à travers un EPI : De Thésée à Harry Potter,3
7952,"Séquence interdisciplinaire français et histoire : étude d'un texte patrimonial, La Guerre des Gaules",3
7953,Modélisation des ondes sismiques.,11
7954,"La ruse, plus fort que tout ?",3
7955,Le fonctionnement du coeur,11
7956,Un mode d'emploi simplifié pour la géologie et Google Earth.,11
7957,Les effets du tourisme à Cancun,5
7959,L'écriture poétique et l'imaginaire : la poésie onirique,3
7960,Régulation cardiaque,11
7961,Le Mythe d’Œdipe,3
7962,Géologie de Montbeliard,11
7963,CMD - Commande du mouvement,11
7964,Comparaison de quelques caractères d'espèces fossiles et actuelles avec Phylogène,11
7965,Étude des minéraux rencontrés dans les zones de subduction à l'aide du logiciel MinUSc,11
7966,Étude des quartz choqués de la limite Crétacé Tertiaire à l'aide du logiciel MinUSc,11
7967,Séquence sur l'argumentation en classe de 3e : « Science sans conscience n'est que ruine de l'âme »,3
7968,Galère de voyage : élaboration d'un roman historique avec une classe de 4e,3
7969,"Travailler avec Elsa, ou comment intégrer un logiciel de lecture dans une progression annuelle",3
7970,Régulation nerveuse de l'activité ventilatoire,11
7971,Photosynthèse en enseignement de spécialité en TS,11
7972,"Vivre et mourir en temps de guerre, utilisation de la baladodiffusion en histoire",5
7973,Usage des tablettes en Lettres et Langues et Cultures de l'Antiquité,3
7974,"Créer une capsule vidéo simplement, avec Adobe Spark Video",3
7975,La planète Terre et son environnement,11
7976,Utilisation du logiciel de traitement de séquences Jalview en SVT,11
7977,Héliodrome,11
7978,Inconnu à cette adresse de Kressmann Taylor,3
7979,"Le plaisir de lire à haute voix, le plaisir d’entendre lire.",3
7980,La sélection naturelle.,11
7981,L'évolution des organismes vivants.,11
7982,Modéliser la formation d'un cône volcanique,11
7983,le séisme d'Haïti,11
7984,Extraction de l'ADN humain,11
7985,Développement durable et citoyenneté : des énergies renouvelables à Sète,11
7986,Australia Day,6
7988,Brassage génétique,11
7989,Jean-Baptiste Lamarck,11
7990,Utiliser la fonction dépôt de devoir de Moodle,3
7991,Unes de quotidiens et droit à l'image,3
7992,La grippe A/H1N1.,11
7993,hydratation et température de fusion,11
7994,NASA Earth Observations (NEO).,11
7995,Le séisme d'Haïti du 12 janvier 2010,11
7996,MOOC médiaS : le circuit de l'information,5
7998,Régulation nerveuse de la pression artérielle,11
7999,"Les alluvions anciennes et récentes, le long de la Lizaine",11
8000,Utilliation du logiciel Coeur2 en vue d'un bilan sur le fonctionnement du corps humain,11
8001,Le logiciel Allèle,11
8002,Deux ressources inégalement réparties / l'eau et le sol,11
8003,Applications pédagogiques thème 2 en seconde,11
8004,Mise en place du plan d'organisation chez les Vertébrés,11
8006,Lire et manipuler la presse électronique,3
8007,Construire un schéma bilan du système immunitaire.,11
8008,Distinction des échelles en seconde.,11
8009,Art et science : lames minces de roches -- contamination.,11
8010,"Animation flash ""Germination""",11
8011,"Animation flash ""Besoins des Plantes""",11
8012,Le numérique pour rendre compte d'une lecture cursive,3
8013,Utiliser un dictionnaire en ligne au collège : le Trésor de la Langue Française Informatisé (TLFI),3
8015,Dérive génétique : simulation graphique.,11
8016,La Terre vue du ciel : la description,3
8017,Tableau de compétences B2i à valider pour le professeur de lettres,3
8018,"Tâche complexe, Risques naturels et activité du globe",11
8019,Energie solaire et productivité primaire,11
8021,L'énergie solaire : du local au global,11
8022,Dérive génétique et sélection naturelle : quelques ressources utilisables dans les nouveaux programmes de seconde,11
8023,Interacadémique TICE et SVT Auvertice.,11
8024,Utiliser un SIG pour étudier l'exploitation des différentes sources d'énergies primaires pour produire de l'électricité,11
8025,Modélisation de la dérive génétique,11
8026,un parcours d'orientation olfactive,11
8027,Précis d'analyse filmique,3
8028,Collections de schémas en perspective cavalière pour la géologie,11
8029,Étude et pratique de la langue et œuvre intégrale au cycle central,3
8030,La   notion de problématique dans l'enseignement du français,3
8031,Visite de Marseille,3
8033,"Le français, une langue vivante",3
8034,B2i: Une activité pour maîtriser l'outil de recherche et de remplacement (C.3.2),3
8035,Varier les approches des textes et les modes de lecture dans une séquence de 4ème,3
8036,Appareil respiratoire et alévoles pulmonaires au TNI,11
8037,Appareil digestif et TNI,11
8038,Appareil urinaire au TNI,11
8040,Appareil génital humain au TNI,11
8041,utiliser TITUS 2 pour étudier des images satellitaires en MPS.,11
8042,Sim'Thon,11
8043,Flux de matière entre l'intérieur de la cellule et son environnement.,11
8044,Mener un projet en lien avec un musée,3
8046,Origine de la matière des êtres vivants,11
8047,Accompagner les élèves en seconde,3
8049,Les cahiers d'évaluation interactifs,3
8050,LE PROCÈS  de Orson WELLES,3
8051,La machine à remonter le temps et le paysage de Bassigac,11
8053,Utiliser Miamcraft pour calculer la quantité d'eau utilisée pour produire 1 litre de boisson au Cola,11
8054,Comment élaborer des stratégies de compréhension de l'oral et donner du sens à l'entraînement ?,6
8057,L'araignée de mer,11
8058,Chronologie et anachronismes dans un roi sans divertissement,3
8059,la narration dans le roman feuilleton,3
8060,Progression Nutrition,11
8061,CLASSIFICATION DES ORGANISMES RÉCOLTÉS LORS DE L'EXPÉDITION MADIBENTHOS,11
8062,YouTubers et SVT,11
8063,Classification emboitée des Arthropodes,11
8065,"Séquence 5ème : ""L'enfant et l'adolescent en société : avec ou contre autrui ?""",3
8068,Étudier les mythes fondateurs,3
8069,La répartition des poissons de rivière en Haute Normandie.,11
8070,Sortie à la Savane des Pétrifications et SIG,11
8071,Comprendre et enseigner la classification.,11
8073,Un exemple d'utilisation de Lirebel en classe de 5e,3
8074,"Écouter, écrire et lire à haute voix en 6e avec www.litteratureaudio.com, Audacity et Didapages",3
8075,séquence sur le classicisme à partir d'un texte de Fénelon,3
8076,"Emissions de CO2, un jeu de données pour des activités avec un SIG en classe de seconde",11
8077,Tâches complexes en collège.,11
8078,Coopération avec l'assistant - Préparer la fête de Noël et un échange avec des élèves allemands,6
8079,Réaliser un profil topographique.,11
8080,Petite introduction à la dramaturgie,3
8081,Plaques lithosphériques avec Google Earth et Sismolog.,11
8082,Qu'est-ce que lire ?,3
8084,Cartes géologiques de France avec Google Earth.,11
8085,Écriture personnelle: conseils méthodologiques,3
8086,Séismes en temps réel avec Google Earth.,11
8087,Biodiversité des céréales : Origine et évolution,11
8088,La notion de problématique dans l'enseignement du français. Le Bossu Bitor in Les Amours jaunes de Tristan Corbière,3
8089,Circulation sanguine.,11
8091,il était une fois un paysage ancien : la forêt houillère de Ronchamp,11
8092,[Géologie en banlieue] Géologie externe et modification des paysages,11
8093,"Clim@ction : un jeu sérieux multijoueur, en ligne pour l'éducation au développement durable (version 2011)",11
8094,Volcanisme,11
8095,La communication nerveuse,11
8096,Turbidité et images satellitaires en MPS,11
8097,Comprendre et produire de l'information,3
8098,Amorcer l'année de Troisième.,3
8099,"L'écriture d'invention - Quelle place dans la séquence, quelle continuité, quelle évolution entre la 3° et la 2de ?",3
8100,Vidéo : Extraction de l'A.D.N.,11
8101,Spéciation en anneau chez la Salamandre califorienne.,11
8102,Le devoir de mémoire,3
8104,Paléomagnétisme continental et tectonique des plaques.,11
8105,"« La lampe de poche », extrait des Aventures du petit Nicolas de Sempé et Goscinny",3
8106,Lecture analytique d'un texte poétique: Ma Bohème de Rimbaud et Après trois ans… de Verlaine,3
8107,GeoMapApp,11
8108,Des témoins de l'évolution des espèces et de l'évolution des paysages,11
8109,Le visio-enseignement en lettres classiques,3
8110,Petit site Internet réalisé avec des élèves : Les contes rouges du chat perché,3
8111,La topographie océanique,11
8112,Petit site Internet réalisé avec des élèves : Histoires comme ça de Rudyard Kipling,3
8113,les Antilles un hot spot,11
8114,QCM capacités en 5ème : Communiquer sous forme d'un schéma,11
8115,Tâche complexe autour d'un accident de la circulation,11
8116,Tâche complexe : la disparition des Dinosaures,11
8117,Tâche complexe autour de la vaccination,11
8118,Connaissez-vous Jean-Jacques,3
8119,Étymon,3
8120,Autour d'une œuvre littéraire en classe de 6e en relation avec le B2i : Nouveaux Contes Zen de Henri Brunel.,3
8121,S'entraîner à l'oral du bac avec les TICE - Expérimentation à partir du logiciel libre Audacity,3
8122,Chronique littéraire en forme d'interview,3
8123,Site Itinéraires Hugoliens,3
8124,Suivre un cyclone et prévoir ses conséquences.,11
8125,Utiliser les forums d'un ENT et les cartes heuristiques,3
8126,Des différences entre les chaines de montagnes récentes et les massifs anciens,11
8127,A la recherche d'un prédateur : une tâche complexe niveau 6ème,11
8130,"Une lecture cursive complémentaire : Rhinocéros, IONESCO (1960):",3
8132,Caractéristiques des planètes du système solaire,11
8133,Puzzle des plaques lithosphériques,11
8134,Mettre en évidence la subsidence avec Google Earth,11
8135,"Dissection d'un oeil de Mammifère : protocole, trucs et astuces",11
8136,Le Méthane : énergie prometteuse ou géohazard ?,11
8137,La séquence narrative par l'image,3
8138,Préparation microscopique de cellules de cristallin,11
8139,Comparaison de la dissection d'un oeil congelé et d'un oeil formolé,11
8140,EduAnatomist : Résolution des problèmes d'affichage,11
8141,Les Sol d'Europe,11
8142,Écrire une lettre à partir d’un tableau,3
8143,Mouvement des plaques,11
8144,Mise au point sur quelques aspects du nouveau programme de TS - thème Génétique et évolution,11
8145,Géothermie et propriétés thermiques de la Terre,11
8146,Citoyen-ne-s ! Un escape game sur la Révolution,5
8147,Transport et sédimentation des particules,11
8148,Répartition mondiale des séismes,11
8149,Fabriquer des exercices interactifs de français avec Hot potatoes,3
8150,Disparition des reliefs et phénomènes d'extension,11
8151,La disparition des reliefs en Himalaya,11
8152,Tâches complexes. Le peuplement d'un milieu : le Tangue et la Baleine,11
8153,Thème Risque et Progrès (BTS),3
8154,"Tâche complexe,  Influence de l'Homme sur la végétation",11
8155,"Tâche complexe, L'influence indirecte de l'Homme sur la faune",11
8156,Un dossier autour d'une œuvre littéraire en classe de sixième : 17 contes d'Algérie de Rabah Belamri,3
8157,Lecture d’un conte avec des ENAF,3
8158,Présentation de l’action « Route du rhum : la route des Lettres ! »,3
8159,"Tâche complexe, Le peuplement d'une coulée de lave",11
8160,"Étude d'un poème de Victor Hugo: « Fenêtres ouvertes », L'art d'être grand-père",3
8161,Travail sur l’image réalisé à partir de tableaux du Musée Calvet d'Avignon,3
8162,Français et B2i : Utiliser le correcteur d’orthographe,3
8163,"Tâche complexe, Transformation des restes d'organismes dans le sol",11
8164,Coopération avec l'assistant - Renforcer la liaison collège-lycée grâce à un projet coopératif avec l'assistante,6
8165,"Tâche complexe, Transformation des matières organiques",11
8166,"Tâche complexe,  La fabrication d'un aliment : le pain",11
8167,"Tâche complexe, Les besoins en aliments de l'Homme",11
8168,"Tâche complexe, La classification des êtres vivants 1",11
8169,"Tâche complexe,  La collision Hymalayenne",11
8170,"Tâche complexe, La classification des êtres vivants 2",11
8171,"Tâche complexe,  Les êtres vivants du sol",11
8172,Tâche complexe - Maintien de la qualité de l'eau de Vittel,11
8173,Fonctionnement des synapses et action des substances pharmacologiques,11
8175,"Tâche complexe,  Le trajet de l'air dans le corps",11
8176,"Inconnu à cette adresse, K. Taylor",3
8177,"Tâche complexe,  Risque cardiovasculaire",11
8178,"Tâche complexe,  La mise en mouvement du sang par le coeur",11
8179,"Tâche complexe,  Impact des subsatnec nocives sur l'appareil respiratoire",11
8180,Lecture en œuvre intégrale - L’Ami retrouvé de Fred UHLMAN,3
8181,"Lire une nouvelle: - Le Secret de Maître Cornille, de Daudet",3
8182,"Tâche complexe,  Les besoins de l'organisme",11
8183,"Tâche complexe,  La reconstitution d'un paysage ancien",11
8184,"Tâche complexe,  L'erosion à la pointe du Diable",11
8185,"Tâche complexe,  Les séismes",11
8186,"Tâche complexe, Failles et séismes : causes ou conséquences",11
8187,"Tâche complexe,  La subduction",11
8188,"Tâche complexe,  Les aléas sismiques et volcaniques dans les DOM",11
8189,Préparation à l' E.A.F - Initiation au commentaire littéraire en classe de 2de,3
8190,Préparation à l'E.A.F - Initiation à la dissertation en classe de 2de,3
8191,Tout n'est pas vrai sur internet,3
8192,"Tâche complexe,  Le mouvement des plaques lithosphériques",11
8193,"Tâche complexe,  La fécondation externe chez l'Oursin",11
8194,"Tâche complexe,  Fécondation in vitro chez l'Oursin",11
8195,"Tâche complexe,  l'attraction des gamètes chez l'Oursin",11
8196,Séance informatique avec des ENAF,3
8197,FLE-FLS: Les aventures de Tintin,3
8198,FLE-FLS: Les aventures de Charlot : Les Temps modernes (1936),3
8199,Découvrir la Provence à travers internet,3
8200,"Tâche complexe,  Fécondation interne chez les oiseaux",11
8201,"Tâche complexe,  Appareil reproducteur de la Femme",11
8202,Un geste pour la planète (1),3
8203,"Tâche complexe,  Appareil reproducteur de l'homme",11
8204,"Tâche complexe,  Fécondation Humaine",11
8206,FLE-FLS: Un geste pour la planète(2),3
8210,Stages sur l'argumentation : liaison 3e 2de,3
8211,"Tâche complexe,  l'origine des règles",11
8212,L'apprentissage de l'oral en DP3,3
8213,Fêter NOËL en Provence :,3
8214,"Tâche complexe,  La puberté",11
8215,Étude l'argumentation en 1re: Écrits subversifs au XVIIIe : entre dénonciation directe et contestation masquée,3
8216,FLE-FLS: Une journée-type : les actions quotidiennes,3
8217,"Tâche complexe,  Les échanges Mère Foetus",11
8218,Be a cyber citizen (séquence début cycle 4)_BLOG_Traam2016,6
8219,"Tâche complexe,  Communication nerveuse",11
8220,"Tâche complexe,  Boire ou conduire",11
8221,FLE-FLS: Kirikou et les bêtes sauvages,3
8222,"Tâche complexe,  Effets du canabis sur le cerveau",11
8223,"Étude de la langue: le lexique de l’appréciation intellectuelle, en classe de 4e",3
8224,FLE-FLS : Vivent les crêpes !,3
8225,Le voyage d'Ulysse,3
8226,"Tâche complexe, Caractères héréditaires",11
8227,Tablettes en Lettres : utilisations du traitement de texte,3
8228,"Tâche complexe,  Reproduction sexuée et unicité",11
8229,La dictée négociée sur un réseau social : la Twictée,3
8231,"Tâche complexe,  Unité et diversité des êtres humains",11
8232,"Tâche complexe,  Des changements dans les peuplements au cours du temps",11
8233,"Tâche complexe,  Limiter contamination et infection",11
8234,"Tâche complexe,  les micro-organismes",11
8235,"Tâche complexe,  Transmission de la mucoviscidose",11
8236,Mesure du triangle orbito-nasal,11
8237,FLE-FLS: Tous à nos masques pour fêter CARNAVAL !,3
8238,Cristallisation du sel et du sucre,11
8239,Dégradation des sols et durabilité de l'agriculture : comparaison de deux viticultures en méditerranée.,11
8240,Preparer l'ECE en première S : Le Xeroderma Pigmentosum,11
8241,Crânes,11
8242,La nature en poésie,3
8243,Valider les items du B2i collège en Français,3
8244,Simulation d'une fibre nerveuse,11
8245,Les items du B2I en détails,3
8246,Validation des items du B2I lycée en Français :,3
8247,Simuler des mutations avec Geniegen,11
8248,"PROPRIETES DU SOL, NAPPE PHREATIQUE ET AGRICULTURE",11
8249,B2I - Utilisation des TICE en classe de seconde au sein d'une séquence : l'éducation des femmes et les écrits féministes,3
8256,Repérer les failles sur le terrain,11
8257,Conquérir un milieu sans graines,11
8259,Grille d'évaluation B2i - FLE-FLS,3
8260,Inversion et division cellulaire avec Tactiléo en cycle 4,11
8261,Application Seismos,11
8262,Cetificat d'aptitude au sport.,11
8263,Dire l'amour,3
8264,Le Monde des Médias,3
8265,Autour du concept d'espèce,11
8266,Une phrase de Zola,3
8267,Tablettes en Lettres : pistes et outils pour le travail collaboratif,3
8268,Modélisation de la conduction et de la convection en TS,11
8269,CORPUS,11
8271,Mise en évidence du phénomène d'érosion,11
8272,Imprimer en 3D un crâne d'homininé,11
8273,Littérature pour la jeunesse : la Bibliothécaire  de Gudule,3
8274,Recherche-Action - Enseigner le lexique en 6e,3
8275,"Manon Lescaut de L'Abbé Prévost Le personnage, un exemple ?",3
8276,Imprimer en 3D une portion de croûte terrestre (relief et racine crustale),11
8277,B2i : comment valider le domaine 2 ?,3
8278,Expériences Fleur,11
8279,Halte aux catastrophes : un jeu sérieux pour apprendre à gérer les risques,11
8282,Les cellules immunitaires de la grenouille,11
8283,"Méthodologie de classification: "" des formes et des couleurs""",11
8284,"Les ""boîtes à œufs"" de la biodiversité",11
8285,DETsex 5,11
8286,"Madame de Sévigné : « Une mère éplorée, une chroniqueuse mondaine »",3
8287,Paléorivages de la Baie d'Hudson (Canada),11
8288,Tâche complexe antibiotiques,11
8289,FLE-FLS : Le respect de l'autre - Réflexion sur la discrimination,3
8290,Les Alpes : subduction et chevauchement continental,11
8291,"Les sols, une ressource fragile.",11
8292,Réalisation d'une version de substitution du test ELISA,11
8294,l'énergie hydroélectrique,11
8295,L'énergie éolienne,11
8296,La découverte de Behring,11
8297,Comprendre la répartition des zones climatiques,11
8298,Analyser le fonctionnement argumentatif d'un texte et savoir organiser une argumentation simple,3
8299,"3 EPI: Olympisme, permaculture,  ressources naturelles et autonomie énergétique",11
8300,Communication neuronale (animation flash),11
8301,Modéliser les Climats du Futur,11
8302,Climats aux grandes échelles de temps.,11
8303,Synthèse des travaux académiques mutualisés 2015-2016,11
8304,"Tweet pour tous, tweets pour un",11
8305,Tweeter pour enseigner les SVT par et pour le numérique,11
8306,Les lieux et les formes de pouvoir aux Etats-Unis ,5
8307,"Dotplot, une application pour mettre en évidence exons et introns",11
8308,"Sensibiliser les élèves au texte poétique -  Découvrir un poète du XIX ème siècle, Victor Hugo",3
8309,Etudier le coeur avec Anatomy 4D,11
8311,"Réalisation d'une « chronique cinéma » audio, par des journalistes en herbe de 3e.",3
8312,Une leçon de grammaire : canevas pédagogiques possibles - Nouveaux programmes de 6e,3
8313,Réaliser un filé d'étoile : ma 1ère photographie en astronomie,11
8314,Étude de la langue: écrire dans le cadre d'une séquence consacrée à la fable,3
8315,Étude de la langue: la ponctuation Du texte documentaire au roman historique,3
8316,"MiniLab Disc, mes capteurs dans la poche",11
8317,"Montesquieu, De l'esclavage des nègres (Esprit des Lois)",3
8319,"Plus de ""Z'habitants"" dans la rivière",11
8320,Prendre soin de son appareil respiratoire,11
8321,Se protéger d'un virus à l'aide d'un vaccin,11
8323,UNE REACTION RAPIDE DE L'ORGANISME A L'INFECTION,11
8324,Enjeux planétaires contemporains,11
8325,Classe inversée en TS : Le reflexe myotatique,11
8326,"Classe inversée en TS : La géothermie, à partir de l'exemple de Bouillante",11
8327,Glycémie et diabètes,11
8328,Les dictionnaires en ligne,3
8329,Le travail de groupe,11
8330,Classe inversée en collège REP (3/4) : exemples de séquence,11
8331,Les végétaux se nourrissent - Séquence d'AP,11
8332,L'existence de deux types de volcans,11
8333,L'école en 1900,3
8334,Clé pour réussir l'épreuve anticipée de Sciences,11
8336,Les cancers : des enjeux majeurs de santé publique,11
8337,Travailler la dimension historique de la langue pour améliorer les compétences d'écriture,3
8338,"DISPOSITIF DE CLASSE INVERSÉE SUR LE THÈME DE LA BIODIVERSITÉ (1ER MODULE - 2DE, THÈME 1)",11
8340,Écriture collaborative et micro-écriture avec la plate-forme Moodle ou Google documents,3
8344,"""Hypothèse diabétique"" en classe inversée",11
8346,L'Araignée - un site pour préparer le brevet,3
8348,La proclamation de l'Empire allemand - Le tableau de Von Werner,5
8350,séquence de 1re année : la ville,3
8351,Un roman historique écrit par des collégiens,3
8352,La classe inversée pour favoriser l'autonomie dans le travail,11
8355,"Un exemple de classe inversée en TS : Le réflexe myotatique, un exemple de commande réflexe du muscle",11
8356,"Lire, étudier et écrire des textes argumentatifs",3
8357,"DISPOSITIF DE CLASSE INVERSÉE SUR LE THÈME DE LA BIODIVERSITÉ (2ÈME MODULE - 2DE, THÈME 1)",11
8358,Le féerique de Perrault,3
8359,Écrire une nouvelle collective grâce aux TICE,3
8361,MESURE QUANTITATIVE DE LA BIODIVERSITÉ EN RÉGION PACA,11
8362,Decouvrir les métiers scientifiques et leur évolution,11
8363,Sortie paléontologique et visite du musée à Menat (63),11
8364,Résoudre une enquête policière,11
8365,"L'ADN, molécule universelle et variable",11
8366,Bilan des TraAM 2016-2017 autour des classes inversées,11
8367,S'approprier des savoirs sur l'immunité adaptative en TS en utilisant une séance inversée,11
8368,"Motivation et désir de comprendre : du module Tactileo à la recherche en groupe, un autre modèle de classe inversée.",11
8369,Lecture-Écriture : «  J'entre au collège »   : séquence 1 - Nouveaux programmes de 6e,3
8370,Cours sur « Fin de partie » de Beckett,3
8371,La classe inversée pour améliorer l'apprentissage d'une capacité technique sur le long terme,11
8372,Pour comprendre la dématérialisation des traitements comptables,14
8373,La protection de la biodiversité proche du collège,11
8374,"Logiciel ""Gène SRY""",11
8375,Les principales zones climatiques,11
8376,Risque d'inondation à Paris,11
8377,Risques d'inondation dans le grand Lyon,11
8378,PRÉVISION SISMIQUES,11
8379,Suggestion de progression en langue,3
8380,CAPTEUR DE CO2 POUR LA CLASSE DE BIOLOGIE,11
8382,Podclasse et français : un exemple d'expérimentation dans une classe à profil spécifique de niveau cinquième,3
8384,Le verbe,3
8385,La Terre est ronde,11
8386,Utilisation de clés d'enregistrements Datalogger,11
8387,Lire des albums de jeunesse au collège,3
8388,"Anatomie ""virtuelle"" de l'appareil digestif",11
8389,Edrawing Velo Jeulin,13
8391,Réalisation d'une séquence : Les Fourberies de Scapin de Molière,3
8393,Écrire une nouvelle collective en quatrième.,3
8394,3 séances autour de Benjamin Button pour les BTS « Le choc des générations »,3
8396,Ressources TICE dans les SVT,11
8397,Modèle Tectonique à imprimer,11
8398,Livre dont on est le géologue,11
8399,Jeu sérieux : sauver le patient !,11
8400,Mystère à Londres : Un projet d'écriture longue,3
8401,Progresser en orthographe avec un ENT,3
8403,Une socialisation différente selon le milieu social,10
8404,Développer la maîtrise de la langue avec la synthèse vocale,3
8408,Char à voile,13
8409,"Les Métamorphoses, une œuvre antique source d'inspiration artistique",3
8411,Fonctionnement d'un voilier,13
8412,"Ipods, maîtrise de la langue et expression écrite en 3e",3
8413,Écrire à partir des expressions de sens figuré,3
8414,Découverte du robot Lego MindstormsNXT,13
8415,Utiliser la messagerie de l'ENT en CM2 - 6e,3
8416,Activités bidisciplinaires français-mathématiques,3
8417,Raconter les Métamorphoses d'Ovide,3
8418,Réviser les compléments d'objet grâce à la carte heuristique,3
8419,La polysémie ou le jeu sur les mots,3
8420,Socle de robot ou voiture électrique,13
8421,évolution d'un objet technique,13
8422,Corriger une rédaction avec les élèves en utilisant le traitement de texte,3
8423,Les matériaux,13
8424,Réalisation d'un objet technique,13
8425,Les énergies,13
8426,Réfléchir aux enjeux du son pour mettre en oeuvre les programmes du collège et du lycée,3
8427,Fonctionnement de l'objet technique,13
8428,Bateau Pop-pop,13
8429,Étude de la langue: le Groupe Nominal et les expansions du nom - classes de 5e,3
8430,Étude de la langue: la proposition subordonnée relative - classes de 5e,3
8431,"FLE-FLS: « La case des jours de pluie », Conte burkinabé",3
8432,FLE-FLS : Un dialogue en pédagogie différenciée,3
8433,FLE-FLS: Travailler les 4 compétences,3
8434,FLE-FLS: « Les douze mois de l'année… »,3
8435,FLE-FLS:  Visite des jardins de Salagon,3
8436,Étude de la langue: le subjonctif présent - classes de 5e,3
8437,Stabilité d'une structure,13
8438,"La maison, ses fonctions, ses représentations",13
8439,"Étude de la langue: le conditionnel ,",3
8440,"Une fonction grammaticale : Les groupes nominaux (GN) compléments circonstanciels (CC) de cause, de but, de conséquence, d",3
8441,Les mots ont une vie,3
8442,"Enrichir son récit grâce à la presse locale, la publicité et les chansons",3
8443,De l'utilité des tice dans l'enseignement de culture générale et d'expression (BTS),3
8444,"Une charpente de hangar agricole, ça tient comment ?",13
8445,Réaliser un exposé en utilisant un diaporama,3
8446,Lexique et TICE - Portail de ressources numériques,3
8447,La mise en page comme proposition de lecture d'un texte,3
8448,Comment modifier la structure d'un bâtiment ?,13
8449,Construire la notion de mythe,3
8450,"Encadrer, améliorer et évaluer l'exploitation de documents web",3
8451,Orthographier à deux mains,3
8452,Créer des exercices interactifs de vocabulaire avec Vocabulettres,3
8453,Mise en oeuvre du concept situation-problème,13
8455,Rire et Shoah,3
8456,Utiliser des dictionnaires en ligne pour l'apprentissage du lexique,3
8457,Créer des exercices interactifs de vocabulaire avec Vocabulettres,3
8458,Découvrir et étudier les classes grammaticales grâce aux cartes heuristiques,3
8460,Comment rendre une habitation plus lumineuse ?,13
8461,Vivre dans une boîte - le conteneur (Du CDCF aux plans intérieurs (sur papier),13
8462,Comment faire évoluer un OT dans un environnement ?,13
8463,Concours sur la presse : Faites la Une !,3
8464,Pourquoi un ouvrage ne s'effondre-t-il pas ?,13
8465,Le modeleur volumique en Technologie,13
8466,"Les Fables de La Fontaine, livres VII à XII",3
8467,Travailler et enrichir le lexique en Bac professionnel,3
8469,Écrire avec l'ensemble d'une classe un devoir argumenté,3
8470,Visualiser des phénomènes grammaticaux par des repérages colorés ou géométriques,3
8471,Mettre en page un texte explicatif,3
8472,Mieux maîtriser les codes du genre épistolaire par l'écriture et la réception de lettres,3
8473,mBot : Découverte et application pédagogique du robot mBot,13
8474,Porte de garage automatique,13
8475,Lampe autonome,13
8476,Exemple d'ouvrage : Les ponts,13
8477,Quatre séquences sur l'Habitat,13
8478,Comment améliorer la forme de l'aileron d'une éolienne ?,13
8479,La croissance des plantes dans différentes conditions,13
8480,Automatisme en troisième,13
8481,Ressources C3,13
8482,Suggestion de progression de langue - nouveaux programmes de 3e,3
8483,T1 Habitats et ouvrages,13
8484,Un jeu de cartes sur les familles d'objets,13
8486,Chariot de Pont Roulant,13
8487,Réalisation d'Hydroglisseur en sixième,13
8488,CDROM PSA PEUGEOT CITROËN,13
8489,Réalisation: voiture radio-commandée,13
8490,FLE-FLS: Accueil d'ENAF niveau A1 alphabétisés,3
8491,"Vivre dans une boîte - le conteneur (Modélisation, simulation, RA)",13
8492,La réalisation d'une maquette didactique de monte-charge,13
8493,Etude du fonctionnement,13
8494,Enquête sur une enquête : le cas de Dora Bruder,3
8495,"Outils d' évaluation  diagnostique , charnière école/collège et collège / lycée",6
8496,Aptitude au façonnage des matériaux,13
8497,Écriture collaborative en classe de 4e,3
8498,Réalisation de support de communication évementielle,13
8499,La réalisation de « kits robots »,13
8501,Etude du fonctionnement,13
8502,Conjugaison et carte heuristique : une synthèse spatiale et interactive,3
8503,Les énergies,13
8504,"""Informer / Désinformer"" - présenté au Séminaire des IAN Lettres- Salon Éducatec Éducatice, le 11 mars 2016",3
8505,Reportage vidéo sur une personnalité/une organisation cubaine,6
8506,Les usages des matériaux dans un vélo et leur devenir en 6ème,13
8507,Extension d'une gamme de produits,13
8508,Le plaisir de lire,3
8511,Etude et réaliisation d'un prototype - 5ème,13
8512,Un blog journal en Accompagnement Personnalisé en classe de 2de,3
8513,Mini-projet Clé USB,13
8514,Chaine d'nformation et chaine d'énergie d'un détecteur de fumée en 4ème,13
8515,Apprendre à programmer un objet technique,13
8516,Climate Change (séquence fin cycle 4)_BLOG_Traam 2016,6
8517,Écrire un reportage de propagande,3
8518,La Bible en 6e,3
8519,Groupement de textes « L'homme et son rapport au travail »,3
8520,Comment aménager un camping ?,13
8521,Comment transformer un garage en bureau ?,13
8522,Sunkeeper,13
8523,Les Planches courbes Essai sur la structure de l'imaginaire,3
8524,Dire et Aimer Césaire,3
8525,Les ponts : un thème de travail pour un trimestre,13
8526,Comment faire entrer la lumière dans un édifice ?,13
8527,Contruction d'un pavillon suivant les besoins et les moyens,13
8528,Comment construire une cité U à la vitesse grand V ?,13
8529,Moway : Découverte et application pédagogique du robot Moway,13
8530,Illustration de la progressivité du programme de technologie cycle4 - IP,13
8531,"Outil de suivi et d'évaluation du socle commun de connaissances, de compétences et de culture",13
8532,Création d'une application pour smartphone,13
8533,Piloter systèmes et cartes programmables,13
8534,Ultimate2 : Découverte et application pédagogique du robot Ultimate2,13
8535,Le Mythe des Enfers et l'enfer de la Shoah,3
8536,Comment réguler ma performance de coureur ?,13
8537,Modelisation du réel // Solidworks en 5ème // Comment Aménager la salle de technologie ?,13
8538,Modéliser le réel // Solidworks // Réalisation de la maquette numérique du tuyau de raccordement du réseau d'épandage.,13
8539,"Pascal ou le génie français, Conférence-débat avec Jacques ATTALI",3
8540,Modéliser le réel 5ème // Réaliser la maquette numérique d'un ABRI BUS à l'aide de Google Sketchup 7,13
8541,La maison créole,13
8542,Découverte du robot Lego Wedo 2.0 - Cycle 3,13
8543,Modélisation du réel via l'utilisation de modeleurs volumiques en 3ème,13
8544,"De Doré à Perrault, Conférence de Tony Gheeraert, Université de Rouen",3
8545,Programmer et simuler une course automobile,13
8546,Nadja d'André Breton,3
8547,"Créer un podcast en classe de 4e pour améliorer les compétences de lecture, d'écriture et d'oral",3
8548,La modélisation du réel via les modeleurs volumiques,13
8549,Lire les Pensées de Pascal,3
8550,La figure du moraliste au XVIIe siècle,3
8551,Le moraliste et l'esthétique de la brièveté,3
8552,RobUno :Découverte et application pédagogique du robot RobUno,13
8554,Les Caractères de La Bruyère,3
8555,"Dom Juan, le mythe et la pièce de Molière. Recherche documentaire guidée sur Internet",3
8556,La Fontaine: recherches sur Internet,3
8557,Séquence en 5e sur « La Terre vue du ciel »,3
8558,Le bon sauvage ou le cannibale : le regard européen sur l'altérité.,3
8559,Voyage et altérité,3
8560,Outil de suivi et d'évaluation des compétences du Socle commun dans le cadre des TRAAM 2010-2011,13
8561,Une œuvre intégrale : Paul et Virginie,3
8562,Les Assises Internationales du Roman avec l'ENT du Rhône.,3
8563,Bilan d'expérimentation de classe inversée au lycée,6
8564,La domotique : du collège au lycée en passant par l'ENT,13
8565,"Réinvestir, en début de troisième, les notions sur les discours dans un projet d'écriture longue",3
8566,Un défi-lecture avec un ENT,3
8567,Lire avec les cartes heuristiques,3
8568,Évaluer par compétences en français,3
8569,Évaluer par compétences en français,3
8571,réalisation collective de mini-char à voile : Défi Air Atlantique,13
8572,Des exceptions à la règle !,10
8574,Maquettes domotiques,13
8575,« Cela va sans dire … et encore mieux en l'écrivant ! » : les TICE pour l'aide personnalisée en 1re,3
8578,Une expérience de travail collaboratif sur internet autour de la lecture et du vocabulaire,3
8579,maquettes pédagogiques : interface arduino,13
8580,Matériel et logiciel libres,13
8584,Tous CI de Quatrième,13
8585,"Trajectoires familiales, trajectoires géographiques, trajectoires individuelles : expérimentation d'un TPE",3
8587,Structure d'un système automatisé,13
8588,Différents supports pour la 4ème,13
8589,S'approprier les classes grammaticales par la carte heuristique.,3
8590,Conduire les élèves à expliciter les compétences qu'ils travaillent,3
8591,Visualiser la progression en classe de 6ème,13
8592,Progresser en orthographe en pratiquant la dictée individualisée,3
8593,Visualiser la progression en classe de 5ème,13
8594,Visualiser la progression en classe de 4ème,13
8595,Intégrer et valoriser les langues et cultures de l'antiquité en cours  de français,3
8596,Visualiser la progression en classe de 3ème.,13
8597,Liaison école-collège,13
8598,Guide d'aménagement et d'équipement matériel et informatique des espaces dédiés à la Technologie,13
8599,Portail Pédagogique Spécifique,13
8600,Ressources multimédia en ligne pour la Technologie au collège,13
8601,Ressources sur la gestion des énergies,13
8602,Comment une habitation est-elle structurée ?,13
8603,Projet collectif 3ème : organisation d'un défi Robot.,13
8604,"Projet collectif 3ème, défi robot, documents complémentaires",13
8605,Défit Robot 3ème : séquence n°1,13
8606,Défit Robot 3ème : séquence n° 2,13
8607,Défit Robot 3ème : séquence n° 3,13
8608,Apprendre à exprimer et à justifier une opinion en classe de 6e,3
8609,Participer à un jury de prix littéraire,3
8610,Défit Robot 3ème : séquence n° 4,13
8611,Lire et écrire des descriptions à l'aide d'un logiciel d'aménagement intérieur,3
8612,S'entraîner à analyser des sujets de dissertation à l'aide d'une carte heuristique,3
8613,Fabriquer des fiches de lecture grâce aux cartes heuristiques,3
8614,Défit Robot 3ème : documents complémentaires,13
8615,Expliciter et enrichir le vocabulaire étudié en classe à l'aide d'un wiki,3
8616,La Princesse de Montpensier,3
8617,Étudier les thèmes d'un roman par un travail coopératif,3
8618,Fabriquer des fiches de lecture grâce aux cartes heuristiques,3
8619,Fabriquer des fiches de lecture grâce aux cartes heuristiques,3
8620,Intégrer latin et LCA au cours de français,3
8621,Défit Robot 3ème : exemple de progression,13
8622,Ultrasons,9
8623,"Rénover l'enseignement de la langue : raconter, mettre en scène des faits de langue pour la maitriser.",3
8624,organiser et mettre à disposition les fiches connaissances,13
8625,Réaliser une bande-son pour progresser dans la compréhension d'une intrigue,3
8626,Faire progresser les élèves en organisant des activités dans e-lyco,13
8629,Un journal numérique pour rendre compte d'une année d'un élève en 6e,3
8630,Apprendre à corriger et améliorer ses productions écrites en autonomie grâce à deux outils numériques,6
8633,Applications portables & gratuites pour les élèves (et les profs...),13
8634,Stratégies personnelles d'apprentissage dans le cadre d'un compte-rendu de lecture,3
8635,Défi-lecture Haute-Corrèze,3
8637,"Travailler les types de phrases, la ponctuation par l'oral et les Tice",3
8639,« Déshabillez-mots » ou comment faire dialoguer en 6e les mots du programme,3
8640,New York 11 Septembre 2001 : des écrans aux écrits,3
8641,Utilisation des boîtiers de vote et du vidéoprojecteur,3
8643,consommer moins d'énergie dans l'habitat,13
8644,Un concours oral d'orthographe,6
8645,Tableau d'aide à la construction d'une progression en Technologie Cycle 4 au format Excel,13
8646,Tableau d'aide à la construction d'une progression en Technologie Cycle 4 au format Libreoffice,13
8647,La lecture analytique par l'image,3
8648,Créer un journal du futur,3
8649,Visions du futur : cauchemar et utopie,3
8650,Ecoquartier 4 - le projet collectif,13
8651,Thymio : Découverte et application pédagogique du robot Thymio,13
8652,Tutoriels scratch,13
8653,1984 de George Orwell : un roman d'apprentissage aux médias et à l'image  (du télécran à nos écrans),3
8654,Boite à outils numérique,13
8655,Structuration des connaissances cycle 3,13
8657,Tableau d'aide à l'élaboration d'une progression en Sciences et Technologie - Cycle 3 format Excel,13
8658,Construire une page Wikipédia,3
8659,Andromaque et Twittérature,3
8661,"Lire, écrire, s'informer avec un serious game",3
8665,Étude de la langue au collège,3
8666,Tableau d'aide à l'élaboration d'une progression en Sciences et Technologie - Cycle 3 format libre office,13
8667,Comparatif de systèmes robotiques adaptés au nouveau programme,13
8668,domotique et arduino : documents de la formation académique,13
8669,Rendre le centre sportif accessible,13
8670,Des jeux sérieux pour maîtriser la langue : une expérimentation autour d'un exerciseur numérique ludique et intelligent,3
8671,Efficacité des énergies dans l'éclairage et évolution,13
8672,Le site du CASNAV de Nantes fait peau neuve,3
8673,Automatiser les solutions d'accessibilité,13
8674,liaison 4ème - Terminale STI2D,13
8675,EPI- Bien vivre son handicap,13
8676,L'écriture théâtrale,3
8677,T2 Programmer et piloter des objets,13
8678,Edugéo-carte narrative,5
8679,S'approprier le sens grâce aux images et aux ressources multimédia grâce à l'outil tablettes,3
8680,"T3 Produire et distribuer, préserver les énergies",13
8681,CI 6 : Cet objet me convient-il ?,13
8682,Ecoquartier 1 - présentation générale.,13
8683,Ecoquartier 2 - le contexte économique et social,13
8684,Ecoquartier 3 - les contraintes d'un écoquartier,13
8685,Utiliser les dictionnaires électroniques pour favoriser l'acquisition du lexique,3
8686,Préparer l'épreuve d'histoire des arts avec un outil d'écriture collaborative.,3
8687,l'IDE Arduino TechnoNantes,13
8688,Scratch2 : initiation à la domotique,13
8689,présentation virtuelle avec Scratch2 & SweetHome3D,13
8690,Ancrer un concours d'écriture de nouvelles dans une séquence de français,3
8691,Créer un forum d'écriture avec des collégiens,3
8692,Evolution des téléphones portables - Comparaison des choix esthétiques et ergonomiques,13
8694,Faciliter l'accès aux handicapés,13
8695,Rédiger à plusieurs mains un commentaire littéraire en 2de,3
8698,Étudier l'évolution des appareils de radiographie dentaire,13
8700,Référentiel académique de compétences,3
8701,Co-écrire avec un pad,3
8702,Création d'un livre de contes étiologiques sur le thème de l'astronomie,3
8703,Création d'un programme de voyage à Rome par les élèves de 5e,6
8704,Associer contraintes & solutions en 4e.,13
8705,AP autour du thème de l'esclavage,3
8707,Concours architecture,13
8708,Exemples de pistes de mise en oeuvre - Classe de Seconde,6
8709,Jeux d'apprentissage,3
8710,Détournement d'objet,3
8711,Comment intégrer un objet virtuel dans son environnement réel ?,13
8712,Un habitat peut-il être confortable tout en consommant peu d'énergie ?,13
8713,Structuration des connaissances cycle 4,13
8714,Exploiter des données météorologiques pour aborder l’intérêt des métadonnées,11
8715,du raisonnement jusqu'au code : algorithmie et programmation graphique,13
8716,des blocs Scratch convertis en code Arduino,13
8717,Web-radio et évaluation des compétences,3
8718,Voix de conteurs,3
8720,mBlock : vidéos d'initiation,13
8721,du raisonnement jusqu'au code : algorithmie et Blockly@rduino,13
8722,piloter Arduino par Scratch2,13
8723,"I'IDE Arduino ""TechnoEduc Nantes""",13
8724,Convertir un fichier scratch en exécutable .S2B en .EXE,13
8725,Écriture multimédia collaborative,3
8726,Coder / piloter au collège,13
8727,Les ponts de Bordeaux,13
8730,Travailler la recherche documentaire,3
8731,Séquence : La voiture autonome,13
8732,Réaliser un reportage sur un monstre de la littérature ou de la mythologie,3
8736,Connaître l'évolution des robots dans la société,13
8737,"Application ""Urgence""",13
8738,Comment rendre ludique une séance de vélo d'appartement ?,13
8739,CLONE-Les matériaux,13
8740,Des flashcodes pour rendre compte à l'oral d'un travail de création littéraire en 3°,3
8741,Un nouveau Parc National de forêts entre Côte-d’Or et Haute-Marne.,5
8742,Réaliser l'audioguide du Musée d'Orsay avec des outils numériques simples en quatrième,3
8744,Je dis Charlie,3
8745,"Monstre, à nous deux !",3
8746,Mathématiques et poésie : un mariage réussi,3
8747,"Les mobilités pendulaires, des mobilités durables ?",5
8748,"Contribuer à la bibliothèque du CASNAV, pourquoi ? comment ?",3
8749,Arrêt sur imag...iers,3
8750,"Animaginaires, de l'écriture encyclopédique à la webradio",3
8751,Si la différenciation m'était contée...,3
8755,Livres audio en cours de français,3
8756,Recherche d'images à partir... d'images,3
8757,Vers la classe coopérative pour différencier,3
8758,"Un projet d'édition pour rendre compte de l'étude d'une oeuvre intégrale : d' ""Electre"" aux ""Remords d'Oreste""",3
8759,"En français, évaluer autrement, c'est possible !",3
8760,La différenciation en 6 objections,3
8761,Projet lexique,3
8762,Interroger une œuvre par une analyse comparée d'affiches de film : Madame Bovary,3
8763,Gabarit TraAM cycle 3 LV,6
8764,Gabarit TraAM Lycée LV,6
8765,Un blogfolio pour donner envie d'écrire,3
8766,Numérique et différenciation en Lettres,3
8767,Enseigner la lecture analytique en 3e avec une tablette numérique,3
8769,"Annoter, légender et faire parler une image avec Images Actives",3
8770,"La ville dans le cinéma. « La Zona », Rodrigo Plá. Utopie/Dystopie",6
8771,Faire l'interview d'un auteur célèbre,3
8773,"Croquis E3C, Paris une métropole mondiale.",5
8774,Regards de 3e sur l'Andalousie,3
8775,Speed-booking : 3 minutes pour donner envie de lire,3
8776,Faut-il introduire la perspective actionnelle dans les échanges ?,6
8777,Rédiger des portraits avec Flashface,3
8778,Argumenter autour de la page 111,3
8779,Étudier Les Mains libres avec un tableur,3
8780,"Incendie de l’usine Lubrizol de Rouen, conséquences multiscalaires d’un accident industriel.",5
8781,Pratiquer un atelier d'écriture numérique créative en projet annuel,3
8782,Suivez la consigne en accompagnement personnalisé,3
8783,Adaptation d'une lecture cursive en bande dessinée audio,3
8784,Le ciel étoilé de la poésie européenne : constellations poétiques numériques,3
8785,"Scènes de paroles, paroles en scène",3
8786,"Enregistrer une courte émission radiophonique sur le lexique, en accompagnement personnalisé sixième",3
8787,L'écriture d'un conte à 4 mains... collaborative et numérique.,3
8788,L'orthographe en ceintures,3
8789,Représenter graphiquement un sujet scientifique : présenter un exposé oral relatif à la responsabilité humaine en matière de santé,11
8794,"	Pour une continuité numérique renforcée, notamment pendant les PFMP",14
8795,Pourquoi les prix varient-ils ?,10
8796,"La dictée, un outil pour apprendre",3
8798,Pratiques d'oral aux cycles 3 et 4,3
8801,L'utilisation du dictaphone au service de la différenciation pédagogique,3
8802,Évaluer et différencier pour faire progresser les élèves en expression écrite,3
8803,Dans quelle mesure le numérique permet-il de créer des situations d’apprentissage efficace ? (Dossier composé de plusieurs articles),6
8804,Accompagner le travail d'appropriation d'une œuvre intégrale,3
8805,Habiter et géographie sensible,5
8806,Tablettes en Lettres : pistes et outils pour apprendre,3
8807,Tablettes en Lettres : pistes et outils pour la classe inversée,3
8809,Réalisation de courts films d'animation sur la laïcité en 3e,3
8810,"Lire, comprendre et analyser le texte littéraire : La fabrique de la lecture",3
8811,Créer une campagne de sensibilisation au harcèlement,3
8815,séquence pédagogique en espagnol  Problemas y soluciones para el medio ambiente,6
8817,De la classe inversée à la classe coopérative,3
8821,Des migrations et des (dés)informations,3
8822,Un TD de révision sur Monnaie et financement,10
8823,Des élèves créateurs de capsules,3
8824,"Sur les traces d'Harry Potter, un EPI en classe inversée",3
8825,Création d'un portfolio numérique,3
8826,EPI - Le fait divers en justice : d'où vient l'info et comment la traiter ?,3
8829,Webradio - Découverte d'un auteur,3
8830,Projet liaison collège-lycée sur les thèmes de l'Australie (3e) et de l'Afrique du Sud (2de) sous la forme d'un hackathon,6
8832,Récit littéraire sous forme de diaporama,3
8833,Référentiel pour les Lettres,3
8834,Usages de la baladodiffusion en Lettres,3
8836,Écrire un conte à plusieurs mains en 6e,3
8837,L'Ecole des femmes #JourSansE : une réécriture sous contraintes,3
8838,Blabberize : Faire parler les personnages,6
8839,My lunchbox : parler de la boîte repas des élèves britanniques à partir des ressources de la BRNE anglais cycle 4 pour des élèves de 6e et de5e,6
8840,"S'entraîner à parler en continu, à lire à haute voix et de manière expressive un texte bref après répétition",6
8842,Rechercher et présenter ses informations sous forme de carte argumentaire,3
8843,Exemples de démarches détaillées avec simulations d'épreuves orales - Cycle Terminal,6
8844,Exemples de pistes de mise en oeuvre - Classe de Seconde,6
8846,Travailler sur le thème de la ville dans le cadre d’un échange scolaire,6
8847,Exemples de démarches détaillées - Cycle Terminal,6
8848,Exemples de démarches détaillées avec simulations d'épreuves orales - Cycle Terminal,6
8849,Exemples de démarches détaillées avec simulations d'épreuves orales - Cycle Terminal,6
8850,ressources audio mp3 didactisées (espagnol),6
8851,mujeres y sociedad (espagnol),6
8852,Le Voyage de Flat Stanley,6
8853,Harry Potter,6
8855,Reality Television,6
8856,Niños explotados (espagnol),6
8857,Qui se cache derrière Wolfy ?,6
8858,Mad for ads,6
8859,Classroom English,6
8860,Exemples de démarches détaillées avec simulations d'épreuves orales - Cycle Terminal,6
8861,Noël - traditions et idées d'exploitation en classe,6
8862,Vérifier la maîtrise d’une structure grammaticale grâce à une course de phrases,6
8863,Survival stories,6
8865,Exemples de démarches détaillées avec simulations d'épreuves orales - Cycle Terminal,6
8866,New Year's Resolutions,6
8867,Exemples de démarches détaillées - Cycle Terminal,6
8868,Exemples de démarches détaillées avec simulations d'épreuves orales - Cycle Terminal,6
8869,Présenter à l'oral un sujet en utilisant l'application Lensoo Create,9
8871,Dataviz,10
8872,Afrique du Sud : From Oppression and revolution to the Rainbow Nation,6
8873,Martin Luther King: Exemple d'utilisation de la baladodifusion,6
8874,Gene Ethics,6
8875,Les 2 Allemagnes,6
8876,Die Überraschung,6
8877,Ellis Island : Exemple d'utilisation de la baladodifusion,6
8878,Ecriture créative d'un conte,6
8879,Campfire ghost stories contest,6
8880,A visit to Jamaica,6
8881,Réaliser une émission de radio (EPI),1
8882,Free Online Multimedia Software - des outils pour manipuler le son et l'image,6
8883,Carnaval - traditions et idées d'exploitation en classe,6
8884,Poésie alsacienne,6
8885,Le débat,1
8886,Sites web pour réviser l'anglais en autonomie,6
8887,Défis SELO (sections européennes - anglais) - Académie de la Martinique,6
8888,Kit de survie pour l'épreuve d'expression personnelle au baccalauréat,6
8889,Kit de survie pour l'oral des séries STG-ST2S,6
8890,Volcanoes in the West Indies: Treasure Hunt,6
8891,Enrichir son lexique en mode coopératif et synthétiser avec l’application SimpleMind (création de cartes mentales),6
8892,"Newsletter ""Canada"", ressources sur le web.",6
8893,Débattre autrement : le débat en axes orthonormés,1
8894,"Newsletter ""India"", ressources sur le web",6
8895,"Newsletter ""reading in English"", ressources sur le web.",6
8896,"Diaporama d'un échange, pourquoi et comment?",6
8897,Jackie and the Camelot myth,6
8898,Debate : dictaduras del cono sur y memoria,6
8899,Le droit de grève et le service minimum à l'école sont-ils compatibles ?,1
8900,Vivre en ville ou à la campagne : débattre et défendre un point de vue.,6
8901,Convencer y vencer : un compromiso colectivo,6
8902,"Tâche complexe,  La répartition mondiale des volcans",11
8903,Les familles dialectales en Alsace,6
8904,Homeschooling,6
8905,Utilisation de l'outil AnswerGarden pour la correction des Twictées,3
8906,Baladodiffusion - Conseils pour l'acquisition du matériel,6
8908,The Gunpowder Plot,6
8911,Visitando pisos,6
8912,Zum Thema Reisen,6
8913,Chansons traditionnelles en anglais,6
8914,Séquence 3ème : Niños trabajadores,6
8915,Séquence Breakfast (anglais et américain),6
8919,Séquence Limericks,6
8920,A film review,6
8921,Un calendrier de l'avent « culturel »,6
8922,Allemand - Quatre séquences pour entraîner les compétences orales de compréhension et de prise de parole en continu ou en interaction.,6
8925,Lo que me gusta,6
8926,Ayer y hoy. Recuérdame cómo era antes,6
8927,Idées de projet autour d'un échange : la présentation vidéo et la réalisation d'un calendrier des fêtes,6
8928,Site coup de coeur : Forvo - tous les mots du monde à écouter,6
8929,Aprenda a llamar a la policía,6
8930,Mujeres en la historia,6
8931,Clip vidéo - Elaboration d'une production orale.,6
8932,La ville américaine,6
8933,Jeux « intelligents » ou éducatifs sur internet,6
8934,Visite audioguidée en allemand du Château de Versailles,6
8935,Projet « clip vidéo » sur le thème du mur de Berlin,6
8936,Sankt Martin - Saint Martin,6
8938,Un exemple d'exploitation de voyage avec le logiciel Didapages,6
8941,Fichiers audio sur le thème de la chute du mur,6
8942,Echantillonneur-bloqueur,9
8943,La ville de Strasbourg dans le Reichsland,6
8944,Ouverture et chute du Mur de Berlin,6
8945,Sunday Shopping,6
8946,Animal imagery and allegory,6
8947,Les dynamiques de la population mondiale et le développement durable  : utiliser des animations du site internet de l'INED,5
8948,Spirit week,6
8950,La pratique de l'oral en langues vivantes : le rôle des TICE - Exemples en cours d'allemand,6
8951,Ellis Island,6
8953,Die Berliner Mauer (1961- 1989),6
8954,Zum Thema Jugenstrafe,6
8955,Réaliser un podcast et améliorer sa prononciation. Fiche 002,6
8956,Ressources / idées pour les assistants de LV,6
8957,Balloon Debate,6
8958,Silvester und mehr,6
8959,Zum Thema Migration,6
8960,"Séquence pédagogique en espagnol :Prejuicios, discriminación",6
8961,SÉQUENCE PÉDAGOGIQUE EN ESPAGNOL:Horas y pasatiempos,6
8962,Séquence pédagogique:ONG - Compromisos y voluntariado,6
8963,Utiliser Media Sync Manager,6
8964,Proposition à partir d'un jeu de rôle sur la candidature d'adhésion de la Turquie,5
8965,L'affaire du Watergate,6
8966,Séquence pédagogique :derecho a la vivienda,6
8967,"Jeu ""Master Dungeon""",6
8968,Comment l'ordre ancien disparaît-il progressivement pour un nouveau cadre politique et social ?,5
8969,Séquence pédagogique sur l'Australie,6
8971,Projet : Risques naturels majeurs dans la Caraïbe,6
8972,Dossier Tablettes Numériques,6
8973,We are monsters : travail dans le cadre de l'accompagnement éducatif,6
8974,¿Cómo definir la identidad cubana ?,6
8975,"Exemple d’exploitation d’un voyage scolaire à Berlin consacré à l’étude de l’histoire allemande, européenne et mondiale de 1933 à 1990",6
8976,Expérimentation des groupes de compétences,6
8977,La ciudad,6
8978,"Séquence à partir de la lecture de ""The Secret Garden""",6
8979,Un touriste égaré,6
8980,Utiliser des documents multimédia avec un tableau blanc interactif,6
8981,¿Comes conmigo?,6
8982,"Un artiste, une époque",6
8983,School memories,6
8984,Living together in the UK,6
8985,Poem - The hungry mouse,6
8986,Datavisualisation,7
8988,Partons visiter Loja (l’héritage de Al-Andalus),6
8989,Égalité hommes femmes et production d’infographies dans le cadre d’un EPI Média ,6
8990,TENNIS DE TABLE : diaporama de parcours de formation,2
8991,Comment aider les élèves à s'approprier des stratégies d'écoute et les utiliser ?,6
8992,"Les groupes de compétences dans une classe d'allemand : ""Là où je t'emmenerai""",6
8993,"Séquence pédagogique ""Amazing Stories""",6
8994,Fiches technique - Classe de Terrain et GPS à l'Ile de La Reunion,11
8995,Comment entraîner les élèves hors la classe à la compréhension de l'oral et leur proposer un accompagnement plus personnalisé ?,6
8997,Tourist information: séquence avec une production orale en interaction filmée et fiches d' exploitation.,6
8998,Newsletter consacrée à la poésie,6
8999,Idées de projet autour d'un échange : la présentation vidéo et la réalisation d'un calendrier des fêtes,6
9000,Le journal de l'échange Savigny - Stadtlohn,6
9001,Un blog de classe,6
9003,Parler allemand en Italie ? Est-ce bien raisonnable ?,6
9004,De l'intérêt de l'usage du blog pour l'entraînement à la compréhension orale,6
9005,« L'aspirateur de mes rêves » - une séquence avec baladodiffusion,6
9007,Viaje por Perú (3) : el sincretismo andino,6
9008,"Dictionnaires, glossaires et encyclopédies en ligne pour l'allemand",6
9009,Comment dédramatiser et motiver l'écoute en proposant des documents à fort contenu culturel ?,6
9010,Methode de travail sur les echantillons.,11
9011,Les grilles de compréhension de l'oral : aide ou entrave ?,6
9012,séquence pédagogique en espagnol :Dalí et Miró : des peintres oniriques,6
9013,"Le multiculturalisme dans un lycée américain, comprenant l'utilisation du TBI",6
9014,The Collected Short Stories of Roald Dahl,6
9016,Comment améliorer les stratégies d'écoute ?,6
9017,séquence pédagogique en espagnol :Sucesos insólitos : entre humor y drama,6
9018,Comment permettre à chacun de s'entraîner en fonction de ses compétences ?,6
9020,Comment améliorer un travail d’écriture ?,3
9021,Barcelone,6
9022,¿Qué te apetece comer ?,6
9023,Ressources audio pour travailler le domaine écouter/comprendre de la compétence 2 du Socle Commun de connaissances et de compétences.,6
9024,AÉROBIC : les Pas de Référence,2
9025,Aborder la datavisualisation en classe de seconde (AP/SVT),11
9026,Riñas,6
9027,Dress Codes,6
9029,Reading Challenge,6
9030,Un regard sur les migrations dans un monde en mouvement,6
9031,Go to an American City,6
9032,Vidéo : Technique orale collaborative 'Circle the sages',6
9033,Applications pour tablettes et téléphones Android en classe d'anglais,6
9034,Navidades en España,6
9035,Talk about your routine,6
9036,Consommer pour se démarquer,10
9037,Native Americans : the untold truth,6
9038,Commenter à plusieurs avec Voicethread,6
9040,Utilisation de sondages en cours d'anglais,6
9041,A la découverte de la notion de productivité,10
9042,Osons la classe inversée : plus-values et contraintes,6
9043,Australian Aboriginal Myths,6
9044,Welcome to La La Land,6
9045,Oliver Twist,6
9047,La contre-culture des années 70 en Grande Bretagne,6
9049,In the Footsteps of William Shakespeare,6
9050,De quel revenu dispose un ménage ?,10
9051,Créer des sondages  collaboratifs avec Google survey  avec un exemple : Eating habits,6
9052,L'eau dans notre environnement : initiation à la visualisation de données,9
9053,Prise en main du logiciel POWERPOINT 2010 et exemples d'applications (tutoriel vidéo),6
9055,Guide pratique : comment utiliser le logiciel Audacity.,6
9056,Guide pratique : comment mettre en place la baladodiffusion dans son établissement,6
9057,Environnement numérique de travail : quels usages pédagogiques avec des groupes de travail?,6
9058,Environnement numérique de travail : quels usages pédagogiques avec des groupes de travail?,6
9059,Welcome to Australia,6
9060,Avis des élèves sur l'utilisation des MP3 en classe,6
9061,Ritratto,6
9062,"Padlet ou ""mur virtuel"" : un outil pour déposer et encourager le travail collaboratif",6
9063,Guide pratique : comment utiliser le logiciel Juice.,6
9065,Otto Dix,6
9066,A la découverte d'Albrecht Dürer,6
9067,Découverte de Málaga,6
9069,La mise en activité des élèves dans le cours de philosophie,8
9070,EDMODO - TUTORIEL : réseau social sécurisé pour l'enseignement,6
9071,"Todos iguales, todos diferentes",6
9072,Sensibiliser aux nouvelles technologies avec l'ENT,6
9073,Ecrire un conte parodique en anglais,6
9076,Présentation d'Edmodo et tutoriel de prise en main,6
9078,Child of the Future: creative writing.,6
9079,"La frontera, ¿sueño o realidad?",6
9080,Enrichir une phrase minimale et produire un texte dépliant avec Telescopic Text,6
9082,Site spécial Halloween pour les élèves,6
9083,Ecriture d'une pièce de théâtre à partir d'un roman,6
9087,Appearances : Portraits of students,6
9089,Initier les élèves à la programmation et à l'encodage sous forme ludique,6
9091,Green Eggs and Ham by Dr Seuss,6
9092,Fables for our Times - from Aesop to Thurber,6
9093,Audacity - un logiciel libre qui permet d'enregistrer et de monter du son,6
9095,Comment évaluer la compréhension orale au baccalauréat?,6
9097,Construire un scénario pédagogique à partir de ressources brutes (1° partie),6
9098,Society through painting: exemples de séquences au collège et au lycée.,6
9099,Comment utiliser Format Factory,6
9100,Expansion oceanique atlantique,11
9101,Qu'est-ce qu'un héros ?,6
9102,Baladodiffusion comme outil de mémorisation et d'amélioration de la prononciation,6
9103,Participation aux Travaux Académiques Mutualisés (TraAM) 2014-2015,6
9105,Expérimentations en expression orale au baccalauréat,6
9106,Certification -  communication avec les parents et les élèves,6
9107,Fichiers audio présentation de villes,6
9108,Fichiers audio sur le thème du travail,6
9109,American food: séquence collège,6
9110,"Vers l'autonomie en compréhension orale, quelles stratégies pour nos élèves?",6
9112,Utilisation du vidéoprojecteur interactif en langues vivantes,6
9113,La technologie pirate mon esprit - 1,3
9114,Outils nomades au service de l' oral en allemand : vidéos d' usage et fiches.,6
9116,"El cacao : sabor a México, sabor a globalización.",6
9117,Thématique : la ville de Grenade et ses environs,6
9118,Viaje por Perú (1) : entre tradición y modernidad,6
9119,Viaje por Perú (2) : descubrir la vida en el campo,6
9121,La technologie pirate mon esprit - 2,3
9123,La tablette graphique pour une refonte de l'espace symbolique de la classe,6
9124,Surrogate motherhood,6
9125,Peter Pan et le processus de création : Let imagination grow and fly!,6
9127,Deutsche Esskultur,6
9128,Inviting people,6
9129,Create your own yearbook!,6
9131,"Lola rennt, film de Tom Tykwer",6
9132,Meine Traumfamilie,6
9133,Mein Deutschalbum,6
9134,Kartenspiel,6
9135,A quoi ressemble ton école idéale ?,6
9136,Deutschland sucht den Superstar,6
9137,(N)Ostalgie,6
9138,Ein Fall auf Rügen,6
9139,Les enjeux d'une identité numérique personnelle et professionnelle maîtrisée,14
9140,La baladodiffusion et la production orale en interaction,6
9141,Répondre à l'e-mail d'un correspondant,6
9142,Schuluniform,6
9143,Ein Jahr im Ausland verbringen,6
9144,Proteger el medio ambiente,6
9145,El habito no hace al monje - Don Quijote de la Mancha,6
9146,¿Cómo es mi familia? (Comment est ma famille ?),6
9147,vidas distintas (des vies différentes),6
9148,Projet eTwinning avec BYOD - « On apprend la langue avec le football »,6
9150,El Laberinto del Fauno,6
9152,El juego de los países hispanohablantes,6
9153,"Autour de ""La Zona"", film mexicain de Rodrigo Plá",6
9154,¿igualdad o desigualdad?,6
9155,Analyser et comprendre un espace productif avec Edugéo,5
9156,Autour du Musée du Prado,6
9157,"Un artista, un'opera",6
9158,Natale,6
9159,le tri sélectif - la raccolta differenziata,6
9160,io non ho paura : étude d'une séquence de film,6
9161,Danse traditionnelle BÉLÈ ou Kalennda (Base de donnée),2
9163,Réaliser un voyage scolaire tout numérique,6
9164,Utiliser des tablettes numériques en cours de langue,6
9165,Vladimir Poutine,6
9166,Scénariser un conte parodique en anglais et le jouer,6
9168,La solidaridad : el compromiso de todos,6
9169,L'écrivain dans son siècle : L'engagement et la résistance Pablo Neruda,6
9170,Where have you been?,6
9171,Where is James Bond?,6
9172,Robots,6
9174,Découverte d'une ville américaine,6
9175,Nelson Mandela: Time Cover Project,6
9176,Design your baby,6
9178,Bartering,6
9179,Space conquest,6
9180,Globalization,6
9181,QCM terminale Révisions plusieurs chapitres,10
9183,Lost pets A1/A2,6
9184,Apprentissage des langues et ENT,6
9185,Likes and dislikes,6
9188,Comunicarse en el siglo XXI,6
9189,La vida cotidiana de un alumno,6
9190,La Frontière entre USA et Mexique,6
9191,Turismo playero / Turismo cultural,6
9192,Erase una vez...,6
9193,Retratar,6
9194,Ritmos cubanos,6
9195,Cruzando la línea,6
9196,Los jóvenes españoles ante la crisis,6
9197,Exemple de séquence pédagogique sur le thème du tourisme,6
9198,Guerre civile et dictature,6
9199,"Los ""Ni-ni"" y los ""Sí-sí"" : unos jóvenes con puntos de vista diferentes sobre la crisis",6
9200,Estar encarcelado o ser libre,6
9201,Geburtstagskalender / Calendrier d'anniversaire,6
9203,¿Creer o no creer ? Los muertos no mueren nunca,6
9204,La esclavitud,6
9206,Unconventional heroes of the great war,6
9207,En cuisine - La culture d'un pays passe t-elle par sa gastronomie ?,6
9208,Idées de projets pédagogiques Professeurs-Assistants,6
9209,Réviser pour progresser,6
9210,Halloween,6
9212,"« Entraîner, évaluer la compréhension orale »",6
9213,Comment motiver à l'écriture par une écriture créative : les carnets de voyage,6
9214,Comment enrichir les productions écrites avec le lexique nouveau ?,6
9215,Comment créer une dynamique d'apprentissage personnalisée ?,6
9216,Aborder un thème culturel avec un ENT,6
9217,Insertion d'un avatar sonore (VOKI)  dans un ENT,6
9218,Sensibiliser aux nouvelles technologies avec l'ENT,6
9220,Las energías renovables - Séquence STI2D,6
9221,VOKI (création de personnages virtuels ou avatars) - TUTORIEL,6
9222,Gérer un voyage scolaire via un ENT,6
9223,Guide pratique : Quizlet,6
9224,"Vidéo : Interaction orale avec aide facultative, puis explicitation par les élèves",6
9226,Vidéo : Travail sur la fluidité et la correction phonologique,6
9227,The school of my dreams in 5°,6
9228,"""The Problem We All Live With"" by Norman Rockwell",6
9229,Let's be actors !,6
9231,Missing Pets,6
9232,The Dakar 2011 World Social Forum,6
9233,My hands and feet,6
9234,The Cold War - A TV show,6
9236,Let's go on a trip,6
9237,Roman épistolaire - Dear Aunt Sophie,6
9238,The Hounds of Baskervilles - Exercices phonologiques,6
9239,PPC - Exposition universelle de New york en 1939,6
9240,POI - Anti-smoking ad,6
9241,Développement durable : Dame Sargasse,6
9242,Studying a song,6
9243,Job interviews,6
9244,La littérature étrangère en langue étrangère,6
9246,Ordering a pizza,6
9247,The Icelandic Volcano,6
9248,Boîte à idées Baladodiffusion,6
9249,Renting a house,6
9251,Comment améliorer l'attention des élèves en compréhension de l'oral ?,6
9252,Preparing my camping trip,6
9253,Diaporama : les différents types de contrôle social,10
9254,Des fichiers audio sur le thème de « Noël »,6
9257,International Immigration,6
9259,"Voyage, parcours initiatique, exil : El Cementerio de los Libros Olvidados",6
9260,Industrialisation en Alsace,6
9261,PPC promotion d'un site touristique. Fiche 007,6
9262,La famille,6
9263,Mettre en scène « We're going on a bear hunt »,6
9264,écouter/comprendre de la compétence 2 du Socle Commun de connaissances et de compétences.,6
9265,Savoir configurer Media Sync Manager,6
9267,TraAM Théâtre et théâtralité pour aider les élèves à s'approprier une langue étrangère,6
9268,Gestes fondateurs et mondes en mouvement - Exemples de sujets d'étude,6
9269,L'Alsace de l'entre-deux-guerres,6
9270,TraAM Ecriture collaborative : raconter un projet de classe au prétérit,6
9271,Créer un diaporama - fonctions de base,6
9272,Chanson Plastico de Rubén Blade,6
9273,Poems,6
9275,¿ Qué sientes ?,6
9276,LCR en collège en section bilingue (ALSACE),6
9277,Poem - Ten red apples,6
9278,Vidéo : Apprentissage progressif de l'interaction orale,6
9279,Free Coconut,6
9280,Convertir un fichier multimedia avec Format Factory,6
9281,Doctor School : projet DNL SVT en section européenne,6
9283,Today's migrants to the US,6
9284,Oral d'histoire des arts en allemand,6
9285,Art,6
9286,DNL - Histoire-Géographie en section européenne ITALIEN,6
9287,Diaporama : la déviance,10
9289,Vidéo : Résolution d'une situation problème en 4 étapes,6
9290,Enregistrer des consignes de classe en autonomie et améliorer sa prononciation,6
9291,DNL - Vocabulaire pour les cours d'Histoire-Géographie en Anglais,6
9292,Aquérir du vocabulaire en Anglais,6
9293,Réaliser des mesures de grandeurs physiques avec son Smartphone ,9
9294,Menina dos olhos tristes - Séquence de cours basée sur l'étude d'une chanson et du poème portugais dont elle a été adaptée  (Pedagoland),6
9295,A mensagem telefónica da Daniela - O convite. Séquence construite à partir d'une ressource audio extraite du site Audiolingua,6
9296,Going to university,6
9297,"Voyage, parcours initiatique, exil : viajar y aprender (Lazarrillo de Tormes)",6
9298,"Je de l'écrivain et jeu de l'écriture (Rosa Montero, la loca de la casa)",6
9299,Keep cool in school,6
9300,GRF Dyslexie,6
9301,Utilisation de QGIS: aspect génétique et historique de la résistance au lactose,11
9302,Apprendre le lexique à l'aide d'outils numériques,6
9303,Carifta Games: défis 3è des sections européennes,6
9304,Ecriture collaborative : création de contes caribéens,6
9305,TraAM Différenciation grâce au numérique pour les élèves malades,6
9306,Scénario : Froufrous tout fous,6
9307,"Séquence "" Caribbean migration to Great Britain: Windrush Day petition """,6
9308,iTEC: créer un jeu de plateau en classe d'anglais intégrant les QR codes et la géolocalisation,6
9309,ITEC: jeu bilingue,6
9310,"Projet ""Tribus"": simulation globale en classe d'anglais",6
9312,Exemple de scénario pédagogique LELE Anglais,6
9313,Articulation des enseignements en série L - projets sur l'Afrique du Sud,6
9314,Bullying & Cyberbullying,6
9315,Devenir jeunes reporters en langue étrangère,6
9316,Un plan de seducción : L'intérêt de la tablette pour des approches différenciées,6
9317,Exemple de scénario pédagogique LELE Arabe,6
9318,Exemple de scénario pédagogique LELE Italien,6
9319,Vidéo : Mémorisation orale du lexique,6
9321,Vidéo : Travail collaboratif scénarisé,6
9322,Encounter with the Other,6
9323,El deporte : ¿un placer o un negocio ?,6
9324,Séquence sur la conquista,6
9326,My booklet,6
9328,Préparer l'épreuve orale d'ETLV avec une fiche de synthèse progressive,6
9329,S’exercer à la dissertation en classe inversée,8
9330,Rencontre CM2 Sixième,6
9331,New Year's Resolutions : Keeping them or Breaking Them.,6
9332,Space Conquest,6
9333,When I was in Australia,6
9334,The Gruffalo,6
9335,Little Miss Sunshine,6
9336,Gothic Fiction and the art of story telling,6
9337,Charities,6
9338,Lose Urself in Da Music - Rap,6
9339,Yearbook,6
9341,Doctor Who,6
9342,Ma Star,6
9343,The English Readers Society ou Comment amener nos élèves à lire en autonomie et en anglais.,6
9344,The Titanic - Réalité augmentée,6
9346,Occupy Wall Street,6
9347,Lecture de documents statistiques centrés sur le PIB,10
9348,Are Indian reservations the best way to preserve Indians'identity ?,6
9349,To what extent can the Rags to Riches' stories inspire creativity and progress?,6
9350,L'exploitation du gaz de schiste et la transition énergétique,6
9351,LELE : Shakespeare et Ted Hughes,6
9352,Tester les connaissances de cours ,10
9353,Fashion victims : industrie de la mode et inégalités économiques,6
9354,Icons and their transformations,6
9355,Enseigner la littérature étrangère en langue étrangère,6
9356,Comment créer des bandes dessinées avec un outil numérique,6
9358,Trucage vidéo avec Chromakey,6
9359,Twiducate : réseau social spécial éducation,6
9360,Stars du cinéma,6
9361,Rebrasser lexique et grammaire,6
9362,Protest Songs during the Vietnam War,6
9363,valorisation du dioxyde de carbone,9
9364,Tutoriel grammatical réalisé par les élèves,6
9366,Lecture suivie d'un reader Oliver Twist,6
9369,Queen Elizabeth II,6
9370,Inventions : dreams about the future,6
9371,Food culture in English speaking countries - Classe inversée & différenciation,6
9372,Pasture fence,6
9374,Let's create a fiction app !,6
9375,L'usage des tablettes favorise l'oral en cours d'espagnol,6
9376,Conflictos : Violencia de género,6
9377,Lost pets - animaux perdus,6
9378,Exploitation de vidéos via un parcours MOODLE,6
9379,Un dépliant touristique sur Granada,6
9381,Webradio made in Germany !,6
9382,Voyage dans le temps - vivre avec le mur de Berlin (projet d'écriture créative),6
9383,Exemple de travail d'écriture collaborative d'une histoire policière,6
9384,La 'chasse aux sorcières' aux Etats-Unis / Witch hunt in the USA,6
9385,Qui sera la prochaine effigie du Mont Rushmore ? / Who will be the 5th face on Mount Rushmore ?,6
9386,Dystopia - Littérature Etrangère en Langue Etrangère (LELE),6
9388,A la découverte du Commonwealth,6
9389,Ecrire un commentaire sur YouTube,6
9390,Echange de maison,6
9391,Création d'une série de dessins animés avec l'application Sock Puppet sur iPad.,6
9392,Ecrire sur ses goûts et ses passions dans un magazine en ligne,6
9393,El agua : un recurso mítico y codiciado (B1/B2),6
9394,TraAM : Ecriture d'un JOURNAL INTERLANGUE et collaboration entre établissements européens.,6
9396,Rebrasser le lexique via une application,6
9397,Enseigner la crise des années 30 en France grâce à un parcours de e-éducation sur ELEA,5
9398,Schéma conceptuel d'un scénario pédagogique,6
9399,"Séquence en LELE 'The I and the Eye, the author's voice and the author's game with language'",6
9400,"Projet pluridisciplinaire (espagnol, documentaliste, ATPR, animateur culturel, CLEMI) : Education aux médias, ¡La diferencia nos enriquece !",6
9401,Aborder Shakespeare au collège,6
9402,Réaliser et mettre en ligne des exercices pour des élèves en difficulté,6
9403,De la trace écrite à la trace orale,6
9404,The American Dream,6
9406,The British Immigration Debate,6
9407,Sustainable development en ETLV,6
9408,English speaking cities,6
9409,Caractéristiques culturelles et historiques de plusieurs grandes villes des Iles Britanniques,6
9410,Fit mit Sport und gesundem Essen,6
9411,My class has got talent !,6
9412,Les données personnelles [TraAM Documentation 2019-2020],13
9413,Découvrir et parler d'une ville anglo-saxonne,6
9414,Au Bonheur des dames : étude d'une œuvre intégrale au collège,3
9415,Corporate Social Responsibility,6
9416,RECETAS NAVIDAD,6
9417,Découverte de l'Australie (6ème - 5ème),6
9420,Produire une émission de webradio pour commémorer le centenaire de la Grande Guerre,5
9421,Traitement de texte et  vidéoprojecteur: exercice de micro-écriture,3
9422,The EFL Teacher's Tool Box,6
9424,TraAM Biografia di un campione,6
9425,"Découvrir, rechercher, utiliser et produire des communs en classe de 3ème ",11
9426,Jeu d'évasion (Escape Game) en première STMG : Découvrir le programme de sciences de gestion,14
9427,Aménager pour réduire les inégalités croissantes,5
9428,Projet interdisciplinaire : Les enjeux d'une société durable,6
9429,L'art des vanités : organiser une exposition virtuelle,5
9430,"TraAM Ecriture collaborative de bandes dessinées en ""App smashing""",6
9432,Family Relationships : My Dad Is A Cheerleader,6
9433,Suivi optimal de travail collaboratif,6
9434,TraAM Utiliser le site de commentaire de documents Nowcomment,6
9435,Evaluer avec le numérique : outils / exemples,6
9436,TraAM Ecrire un courriel à son futur moi,6
9437,Exercice de remédiation d’une étude de document ,10
9440,Gothic Fiction,6
9441,Les risques auditifs « Les musiques amplifiées : une fantastique évolution mais un réel danger pour nos oreilles… »,5
9442,TraAM Frankenstein et le roman gothique,6
9443,TraAM Création d'une base de erreurs préférées des élèves,6
9444,TraAM iPad pour besoins particuliers,6
9445,"TraAM Réalisation d'un questionnaire de révisions ""Qui veut gagner des millions""?",6
9446,TraAM Différencier par le numérique : le tutorat entre élèves,6
9449,Débat : L'uniforme scolaire facteur d'intégration ou de ségrégation ? (Espagnol),6
9450,TraAM Réaliser son autoportrait en page de scrapbooking,6
9451,TraAM Club lecture & différenciation : aider les élèves ayant des prédispositions en langues à parfaire leurs compétences,6
9452,Comprendre de journal télévisé avec le DVD Rom,3
9453,TraAM La réalité augmentée en cours de langue. Exemples d'usage en classes de 6ème et 3ème.,6
9454,Ecriture collaborative à travers une approche méthodologique sur le thème des superhéros,6
9455,Ecriture collaborative à travers une approche méthodologique sur le thème de la musique britannique,6
9456,Usage des tablettes : l'écriture collaborative pour motiver et dynamiser ....,6
9457,Ecriture collaborative sur les autoportraits du peintre expressionniste allemand Ernst Ludwig Kirchner,6
9458,TraAM Différenciation par les tablettes : l'open iPad bar & le cocon connecté,6
9459,Idées d'usages pédagogiques en langues vivantes avec des murs virtuels (Padlet),6
9460,FLE et FLS : préparation du DELF en mileu scolaire avec les tablettes tactiles,6
9461,Espagnol / Latin (EPI) Enseignements Pratiques Interdisciplinaires : Le legs gréco-romain,6
9462,Raccrocher des élèves de 6ème,6
9463,Let's write a song!,6
9465,Mediterrania,6
9466,"Réalité augmentée en classe d'anglais ""London 4D Cityscape""",6
9467,50 applications pour tablettes numériques pour devenir jeune reporter en langue étrangère,6
9468,TraAM- Devenir Jeune Reporter en langue vivante étrangère,6
9469,BADMINTON : progression de situations d'échauffement,2
9471,"Les biens communs de la connaissance : produire, gérer et publier une ressource sur le patrimoine local",5
9472,Detective stories,6
9474,Art comme moyen d'expression,6
9475,Working holiday in Canada,6
9476,"Au Lycée Professionnel Louis Delage Cognac, les élèves première année CAP Assistant Technique en milieu familial et collectif (A.T.M.F.C) ont réalisé une vidéo pour Jamie Oliver",6
9477,Retratos y autorretratos : reflejo de la personalidad,6
9478,Oublier ou se souvenir des horreurs de la Guerre ? (« Las 13 rosas » ¿ Recordar o olvidar ?),6
9480,Windrush poetry,6
9484,Préparer un repas - Enumérer les courses,6
9485,"UN PIE EN EL MUNDO LABORAL, El mundo laboral y la realidad socioeconómica actual en España.",6
9486,"Survivors, are you ready ? (TraAM 2013-2015)",6
9487,What is your definition of a club (CR TRaAM tablettes 2013 - 2015),6
9488,Feminine Voices,6
9489,West Side Story... and Shakespeare,6
9490,Travailler un document video sur tablettes : Got Milk (TraAM 2013-2015),6
9491,PARCOURS DE COMPREHENSION ORALE,6
9492,La Banca Del Tempo,6
9493,"Projet transdisciplinaire (EPI) espagnol, allemand, anglais, italien / français : ""ciné en VO""",6
9494,COURSE D'ORIENTATION & QR-CODES,2
9496,Séquence sur l'engagement : Ready for a new experience ? Volunteer !,6
9498,And suddenly,6
9499,Ressources vidéos illustrant les connaissances du programme.,13
9500,Faire de l'éducation aux médias dans le cadre de la WebRadio,6
9501,Construire un scénario pédagogique à partir de ressources brutes (2° partie),6
9502,"Gestion de l'hétérogénéité et apprentissages externalisés sur une séquence pédagogique ""Qué dificil avanzar en la vida""",6
9503,El comercio justo : una alternativa a la pobreza y a la destrucción del planeta,6
9504,Appréhender la dynamique des plaques tectoniques à l’aide d’applications sur tablette,11
9505,Comment intégrer un assistant de langues vivantes à ses cours ?,6
9507,Quelle gouvernance peut-on mettre en place avec les élèves ? ,5
9508,Intégrer les langues vivantes à une émission de Webradio,6
9509,Comment obtenir un assistant de langues vivantes dans votre établissement ?,6
9510,Intégrer la Cop 21 en cours de langues vivantes,6
9511,L'ours Paddington et 16 tablettes numériques en voyage scolaire,6
9512,Une webradio franco-espagnole,6
9513,eTwinning : les clés pour réaliser un projet de qualité,6
9514,"Un musée interactif : BYOD, Tablettes, QR codes et réalité augmentée.",6
9516,Vidéos : différenciation et diversification en classe de Sixième,6
9517,Vidéo et séquence : Différencier en anglais au lycée via le travail collaboratif,6
9518,Entraînement à la compréhension orale,6
9519,Tablettes tactiles et compréhension écrite,6
9520,Salir de viaje y contar sus aventuras en un diario de viaje,6
9521,Une séance en classe inversée en collège : El día de Ramiro,6
9524,Les Lumières et le développement des sciences.,5
9526,Bâtir une séquence à partir de citations sur les valeurs universelles,6
9528,Fantasy,6
9530,The Gothic,6
9531,Hansel & Gretel,6
9532,Séquence Oscar Ceremony,6
9533,Gothic Fiction,6
9534,Video game industry,6
9535,Comment différencier l'étude d'un document sonore ou vidéo ?,6
9536,EPI avec l'anglais,6
9537,Alice in Wonderland,6
9539,Thriving celtic culture,6
9540,DNL SVT/Anglais : Nourrir l'humanité,6
9541,Culture & Food,6
9542,Le produit scalaire en première,7
9543,Sous-titrage vidéo,6
9544,Création de quizzes auto-correctifs avec Socrative,6
9545,Travailler avec des cartes mentales en classe de langue,6
9546,Des outils pour s'auto-former,6
9548,Tâche complexe : Meurtre au lycée !...,9
9550,All about me !,6
9552,Bilingual people - Classe inversée,6
9553,Apartheid - Classe inversée & différenciation,6
9554,Artificial intelligence,6
9556,Classe inversée : remake d'un épisode de Little Miss Sunshine,6
9557,Classes inversée : création de ressources numériques pour ses pairs,6
9558,Comment évolue l'activité féminine ?,10
9559,Accompagner à la construction des compétences,6
9560,Différentes programmations pour comparer des tarifs,7
9562,Freedom of Speech (séquence fin cycle 4)_Traam2016,6
9563,Freedom of Speech (séquence fin cycle 4)_TWITTER_Traam2016,6
9564,Traam2016_Be a cyber citizen,6
9566,Tâches complexes en quatrième,7
9568,Freedom of Speech (séquence fin cycle 4)_CARTEMENTALES_Traam2016,6
9571,Freedom of Speech (séquence fin cycle 4)_BLOG_Traam2016,6
9572,Become an Art Critic (séquence fin cycle 4)_Traam2016,6
9574,Imagerie médicale et endoscopie,12
9575,TraAM 2016_Est-ce que je sais vraiment me présenter ?,6
9576,"TraAM 2016_Enfance , Paradis ou Enfer ?",6
9577,TraAM 2016_Renforcement de Gustar,6
9578,TraAM 2016_¿Qué opinas  de las nuevas tecnolog ías?,6
9579,Liaison Bac Pro - BTS,6
9580,TraAM 2016 Personnaliser et prolonger le travail des élèves par la classe inversée,6
9581,TraAM 2016_¿Campo o ciudad ? ¿Se vive de la misma manera en el  campo y en la ciudad ?,6
9582,TraAM 2016_¿ Somos todos iguales ?,6
9583,Usages autour du principe de classe inversée,6
9584,Chi è ? avec vidéoprojecteur,6
9585,Les relations au sein de la famille,6
9586,De la classe inversée à la pédagogie adaptée à la demande,6
9589,Simulation globale en italien,6
9590,Écriture sous contrainte en classe d'italien,6
9591,Un mundo de diferencias,6
9594,Les dangers d'internet,6
9595,Promouvoir le plurilinguisme par le travail collaboratif pluridisciplinaire,6
9596,Classe inversée,6
9597,Utiliser les fichiers sons en classe de Français,3
9598,Qui es-tu? ¿Quién eres? : 1ère séquence de 3ème,6
9600,El deporte : ¿ Más que un juego ? (Le sport : plus qu'un jeu ?),6
9602,Time capsule,6
9603,Skipping school : funny excuses,6
9604,Join the casting !,6
9606,Hopper and America,6
9607,MasterChef Junior,6
9608,L'exposé nouvelle génération,6
9609,We shall never surrender !,6
9611,"Textes officiels pour le Lycée Général, Technologique et Professionnel",6
9612,What will school be like in 2050 ?,6
9613,Advertising : Have you got the urge to splurge ?,6
9614,Humans of New York (HONY),6
9615,Problématiser une notion en langue vivante au cyle terminal,6
9617,Idée de séquence débat,6
9618,English and me,6
9619,Utiliser la salle informatique en compréhension orale et expression orale,6
9620,Activité 'A word a day',6
9621,Say YES to green transportation !,6
9622,Elaborer une progression annuelle de type calendaire,6
9623,l'influence de l'Homme sur le climat (données scientifiques),11
9624,Diaporama proposant l'étude de l'Incipit de Première Neige de Guy de Maupassant,3
9625,Let's investigate !,6
9626,Hip Hop Literature,6
9627,Exemples de progressions annuelles en collège et lycée,6
9628,Esclavitud,6
9630,CLONE-Gabarit fiche cycle 4 LV,6
9631,Superheroes : Approche méthodologique et collaborative en classe de 6ème,6
9632,Vidéo : Techniques orales collaboratives pour résoudre une affaire criminelle,6
9633,Tourism in the 21st century,6
9635,Formation au numérique Collège 2016,6
9636,La dynamique des plaques tectoniques à l’aide d’applications sur tablette,11
9637,CLONE-CLONE-Gabarit fiche cycle 4 LV,6
9638,Projet interdisciplinaire dans le cadre du Parcours Avenir,6
9639,Future and science fiction,6
9640,Fantasy novels,6
9642,Travail collaboratif autour de la création d’un guide géologique local,11
9643,Différencier et mémoriser en cours de langue,6
9644,"Blancanieves, un cuento a lo español",6
9645,Native Americans Today and Yesterday,6
9646,Utilisation du logiciel logotype : appropriation des connaissances,3
9648,"Tenochtitlán, una ciudad precolombina conquistada y colonizada",6
9649,Carteles de sensibilización : ¡ Actúa y crea !,6
9650,Connect with respect,6
9651,Art and self-construction,6
9653,Let's Eat Healthy!,6
9654,New flatmate wanted,6
9655,Street art,6
9657,Préparer l'oral de l'EAF à travers une plate-forme Moodle,3
9658,Proportionalité - Gestion des données,7
9661,Construire un parallélogramme,7
9662,Magnétophone numérique CLYP,6
9664,"Initiation à l'oscilloscope, mesures : évaluations formatives et sommatives.",9
9666,Inter langues : TraAM Langues vivantes académie de  Montpellier pour les élèves du cycle 4,6
9668,TraAM LV cycle 4 : partenariat à distance entre un lycée français et un établissement américain,6
9669,TraAM LV post-bac : Projet Découverte Entreprise BTS Industrie,6
9670,"Lettre IAN n°6 : « EXPOSER : présentation, monstration, réception » ",0
9671,TraAM LV :  séquence de révision en classe accompagnée en espagnol sur le thème du quotidien,6
9672,Silicon Valley,6
9673,Utiliser les fichiers sons en classe de Français,3
9675,Création et présentation de son super-héros,6
9676,New Zealand : fantastic land or land of fantasy ?,6
9679,Ins Ausland gehen!,6
9680,Austausch? Kein Problem!,6
9683,Kennst du deutsche Profis?,6
9684,Une webradio pour construire son Parcours des Métiers et des Formations,3
9687,Pressefreiheit - Liberté de la presse,6
9688,Informations sur le Chikungunya,11
9689,Écrire à partir d'une image ou d'un son,3
9693,Formation sur le tableur Excel programmation,9
9697,MISSION ATOMOS - Atome en 4eme - jeu flash,9
9698,Étudier le tourisme de croisière dans la Caraïbe avec IGN-Édugéo,5
9702,Fonctions et lecture graphique,7
9704,Décomposition de 1,7
9705,Ist Fortschritt immer ein Segen? (2),6
9706,Triplets pythagoriciens,7
9709,Découverte du cosinus,7
9713,Pertinence d'un graphique,7
9714,Utiliser la fonction glossaire de Moodle,3
9715,Graines de communs : un tutoriel pour le réseau des grainothèques pédagogiques,11
9717,6ème : L'objet transformé,0
9718,5ème : La trouvaille : le vieux document,0
9721,Tirages aléatoires : la puce sauteuse,7
9722,Tâches complexes en sixième,7
9723,Simulation de corrélation,7
9725,4ème : Ma chambre ou espace de rêve,0
9726,"TICE : Calques, comportements et scénarios avec Dreamweaver 4",10
9727,3ème : Autoportrait ,0
9734,Pgcd,7
9735,TraAM 2018-2019 : La plasticité de la salle d'arts plastiques (2),0
9738,Fonction et découverte de GéoplanW,7
9740,L'élève chercheur : un internaute libre ou sous influence,1
9741,Lettre IAN n°1,0
9744,Fonction et découverte de GéoplanW,7
9746,Rumeurs et désinformation dans les médias,5
9747,Fonction carré,7
9748,Fonction cube,7
9749,fonction inverse,7
9750,Concevoir et tester un système d’alarme,9
9751,Construire un arbre généalogique,6
9752,TraAM 2017-2018 : La plasticité de la salle d’Arts plastiques,0
9755,Le cube coupé,7
9756,"Lettre IAN n°4 : ""Image(s)""",0
9757,Un problème d'optimisation : le quart de cercle,7
9758,Lettre IAN n°5 « Architecture »,0
9759,Cube et distance,7
9761,Racine dans R d'un polynôme de degré trois,7
9762,le 421 et les pains aux raisins,7
9763,"Lettre IAN n°7 : Hors série « L’art, les sciences et les technologies : dialogue ou hybridation »",0
9764,le romantisme : séquence littérature et peinture,3
9765,Approche exponentielle de la suite de Fibonacci,7
9766,Le planning familial,7
9767,Points et segments,7
9769,"Lettre IAN n°8 : « Liens entre arts plastiques et cinéma, animation, image de synthèse, jeu vidéo : animation des images et interfaces de leur diffusion et de réception »",0
9770,CLONE-4ème : Ma chambre ou espace de rêve,0
9771,Résoudre des défis mathématiques en utilisant l'E.N.T.,7
9772,Créer des fiches de révision en utilisant l'E.N.T.,7
9773,Géométrie dans l'espace : Voir et raisonner,7
9774,Lettre IAN n°2,0
9775,Volume d'une citerne,7
9776,TraAM 2019-2020 : L'esthétique artificielle,0
9777,Lettre IAN n°3,0
9778,A la découverte d'un maximum.,7
9780,Lettre IAN n°2,0
9784,Concevoir et tester un système d’alarme,9
9785,La perspective,7
9787,Etudier le mouvement de Mars à l’aide de Python (Lycée),9
9788,"Inégalité triangulaire : simulation, modélisation dans l'espace",7
9791,Problème d'optimisation de l'aire maximale dans un triangle,7
9794,Silence …je travaille !!,9
9796,Génération web 2.0,3
9798,Courbes de niveau : coût marginal global,7
9799,Capteur de température,9
9800,CLONE-CLONE-Gabarit français,5
9802,Les ondes mécaniques avec Python.,9
9803,La classe inversée,11
9804,Un modèle numérique pour étudier le Cycle de Calvin,11
9805,Utilisation d'un espace de travail pour mutualiser des résultats,7
9806,Enseigner à l’aide des séries TV : travailler le concept de guerre froide avec Les Kennedy,5
9808,"Equations de droites, Thalès, fonction inverse.",7
9809,Un devoir qui ne fait pas un pli !,7
9810,Mesure d’une température à la surface de Mars,9
9811,Le mystère de la disparition des abeilles,10
9813,Rire et culture,3
9815,Quelques propositions d'algorithmes (bis),7
9816,Tout le monde à bord !,9
9817,Fiches de cours sur la consommation,10
9819,Là-haut,9
9820,Bilan d'expérimentation: le Petit Robert en ligne,3
9823,Mesure d’une distance à la surface de Mars,9
9824,les puissances de 2,7
9825,Analyse énergétique d'un mouvement avec Python,9
9826,Est fonction de…,7
9827,Tangentes à deux courbes (sujet 006),7
9828,Etude de la croissance urbaine de l'agglomération toulonnaise,5
9830,Triangle inscrit de périmètre minimal (sujet 025),7
9831,Etude d'une transformation du plan (sujet 004),7
9835,Triangles constructibles,7
9838,Résolution par la méthode du pivot de Gauss,7
9844,"Factorisations, équations, inéquations",7
9846,calcul mental calcul rapide,7
9847,Résolution d'équation du type f(x)=k,7
9848,Transformation chimique,9
9849,Triplets Pythagoriciens,7
9851,Lycée 4.0 : Préparer les élèves de 1ère à l’EAF,3
9852,Distance d'un point à une droite,7
9854,Etude d'une resistance en TP,9
9855,Gabarit français,5
9856,Radioactivité,9
9857,Le pré et la chèvre,7
9859,Energie et distance d'arrêt (TP),9
9861,La relativité du mouvement,9
9864,CLONE-Etude de cas : Etude de cas : étudier le littoral Guyanais de Mana à Awala-Yalimapo avec Edugéo,5
9867,Tangram,7
9868,"La notion d'espace : appréhender le volume et ses composantes plastiques ; mettre en lien l'espace avec les notions de matière, de temps",0
9871,L’expérience sensible de l’architecture par sa relation au corps,0
9872,Utilisation de l'E.N.T. pour l'introduction des probabilités,7
9874,Comprendre l’évolution d’un écosystème,13
9875,Cercle d'Euler,7
9877,La neutralité du net [TraAM Documentation 2019-2020],13
9880,Carré et triangle rectangle,7
9883,Et si Newton avait connu la webcam ?,9
9885,Le tableur en ST2S : fonctions logiques,7
9886,Le tableur en ST2S : notions de base,7
9888,La sonde thermométrique PT100,9
9889,Videos expérimentales 5ème,9
9891,Tableur au collège,7
9893,Découverte de l'hyperbole,7
9902,Agrandissement,7
9906,Les nombres relatifs,7
9907,Photographies numériques [TraAM Documentation 2019-2020],13
9908,Le laser au service de la médecine,9
9912,Café ou lait ?,7
9913,CLONE-CLONE-Gabarit français,5
9914,CLONE-CLONE-Gabarit français,5
9915,"Enseigner l'histoire, la géographie, la géopolitique et les sciences politiques avec la série TV Chernobyl",5
9917,L'invasion des uns,7
9918,Périmètre et aire d'un rectangle,7
9920,Introduire l’enseignement de spécialité HGGSP grâce à la série TV Occupied,5
9921,Habiter une métropole : Chicago ,5
9922,Fabrication d'une carte d'acquisition,9
9924,Espaces et paysages de l'urbanisation. Etude de cas : Los Angeles ,5
9925,Un module,7
9926,L’oral comme objet d’apprentissage,5
9927,Comprendre les enjeux des migrations avec une série TV : Eden,5
9928,"Séance de différenciation par les contenus - Construction d’une fiche méthode ""Je sais identifier et analyser un document iconographique"" – Les bouleversements artistiques de la Renaissance",5
9929,Le carré dans le triangle,7
9933,Bilan d'expérimentation: la Grammaire Magnard en ligne,3
9934,Les mondes arctiques,5
9938,Enseigner à l’aide des séries TV : utiliser Le bureau des légendes et Black earth rising pour comprendre la géopolitique du monde actuel,5
9940,Baby-foot,7
9941,Programme de calcul en 4ème,7
9949,Aire de Varignon,7
9951,L'addition s.v.p.,7
9952,Voyage de México City à Villahermosa,6
9954,Etude d'une suite,7
9957,Viser une parabole,7
9958,« Marché de Noël à Trèves » exemple d’exploitation d’un voyage scolaire,6
9960,Fonction inverse (1),7
9961,Exemples d'utilisation d'un tableau numérique,7
9962,Optimisation d'une longueur,7
9963,Exemples d'utilisation du tableau numérique sans autre outil logiciel,7
9966,Constructions de triangles / Comparaison ordre et demi-droite graduée,7
9968,Le carnaval dans la ville.,6
9970,Moyenne et médiane,7
9974,"Position relatives de deux droites, de deux plans, d'une droite et d'un plan.",7
9975,Voyage virtuel - une croisière dans les îles de 25 000 km,6
9976,Rencontre audio avec un grand scientifique : Guillaume Lecointre,11
9981,L'équerre qui glisse,7
9983,Bubbles,7
9989,Aire minimale,7
9991,Les nouveaux programmes de Lycée en applis mobiles,7
9992,A la recherche du signe,7
9993,Une présentation des GSP,10
9995,Explorer l’infiniment petit : la cellule avec la Réalité Virtuelle,11
9997,Explorer de l’infiniment grand en planétologie – Définir la zone habitable d’une étoile avec la Réalité Virtuelle,11
9998,La salle des fromages,7
10000,CLONE-Explorer l’infiniment petit : la cellule avec la Réalité Virtuelle,11
10001,Pamela Rose,9
10002,Travailler la compréhension de l'écrit sur Nelson Mandela de façon différenciée avec l'ENT,6
10003,(Re)découvrir la Première Guerre mondiale en allemand,6
10004,Comment simuler une élévation du niveau de la mer avec Google Earth,11
10005,Et si on utilisait Dérive en seconde,7
10007,Calculatrices et parenthèses cachées,7
10008,Découvrir l'histoire de Ruby Bridges avec des activités différenciées en compréhension de l'oral,6
10010,Aider les élèves à rédiger les prémices d'une histoire fantastique,6
10011,Le web est-il sexiste ? ,1
10012,La masse de l'eau,9
10013,Quadrilatères et symétrie centrale,7
10014,Un problème de médiatrices,7
10015,Algorithmique avec le logiciel Execalgo,7
10020,Repérer et comprendre le monde grec au Vème siècle,5
10021,Exercices d'algorithmique en seconde,7
10024,CLONE-Gabarit fiche cycle 4 LV,6
10025,Fonctions autour d'un carré,7
10026,Synthèse industrielle d'un précurseur dans la synthèse d'un additif de peintures : l'acide alpha-naphtalènesulfonique,9
10029,"onde progressive, simulation",9
10030,Un exemple de gestion des capacités de la compétence 3 du socle commun,9
10032,Transmettre et stocker de l'information : Activités expérimentales.,9
10033,CLONE-CLONE-Gabarit fiche cycle 3 LV,6
10036,TP-TOP : La puissance électrique,9
10037,Création de capsules vidéos pour partager un savoir acquis,3
10041,Vidéo enrichie : chromatographies en phase normale et inverse,11
10042,Tangente à un cercle,7
10043,Gabarit fiche cycle 3 LV,6
10045,Gabarit 1ST2S AC-AMIENS,7
10049,Utilisation  de la BRNE Eduthèque,13
10052,Transmission par fibre optique,9
10054,Comprendre l'approximation,7
10055,Se raconter avec Willy Ronis et la photographie humaniste ,5
10058,L'Europe et le monde au XIXème siècle,5
10059,Des situations d'optimisation,7
10060,Escape game sur la Saint Patrick,6
10061,Lieu géométrique,7
10063,Les piles,9
10065,Le tableur en ST2S : simulation,7
10067,Courbe de Bézier,7
10072,QCM autour d'un tétraèdre,7
10073,Découvrir la symétrie axiale,7
10082,"Pratiquer la différenciation pédagogique en histoire-géographie avec la plate-forme Digithèque - L’urbanisation du monde, Espaces et paysages de l’urbanisation",5
10086,Lexique astronomique,9
10091,Le lièvre et la tortue,7
10093,Comment traiter la figure de Greta Thunberg ?,3
10094,D'escalier en escalier,7
10100,Famille de paraboles,7
10101,Ciel ! Une BD dans mon assiette !,3
10102,Comment convertir des fichiers Powerpoint en swf (Flash) avec iSpring ?,9
10105,Utilisation de QGIS : mise en évidence de l'hétérogénéité de la croûte continentale de la France,11
10110,Utilisation de QGIS : le paludisme,11
10114,Monstres en scène !,3
10115,Optimisation,7
10116,Etude d'une famille de fonctions avec l'environnement Casyopée,7
10117,Photographie numérique [TraAM Documentation 2019-2020],13
10118,Etude d'une famille de fonctions et caractérisation d'un lieu,7
10119,Résolution d'une équation différentielle avec un logiciel de calcul formel et étude des solutions,7
10121,Réalisation géométrique des opérations arithmétiques (geogebra),7
10122,Découverte de la propriété de Pythagore,7
10124,Les séries trigonométriques de Fourier,9
10126,Cercle d'Euler,7
10135,Eclipse de lune,7
10137,devoir entreprise,10
10139,la sécurité au laboratoire,9
10143,Angles inscrits dans une sphère,7
10145,Cube sans coins,7
10146,Cours sur la monnaie et le financement de l'économie,10
10148,Formation au logiciel flash,9
10149,Points alignés,7
10159,Evaluer à distance avec le formulaire de l’ENT: rôle et fonctionnement de l'ONU,1
10160,Lieu d'un antécédent complexe,7
10161,Réaliser un exposé oral à distance en utilisant l’ENT et le manuel: La décolonisation de l’Algérie ou de l’Inde,5
10166,Simulation de Pile ou Face,7
10170,Créer des capsules vidéos à partir de lectures analytiques collaboratives,3
10171,La tension électrique,9
10174,Réalité augmentée et notion d’espèce,13
10175,Etude d'orbites,9
10178,Algorithmique : le pompiste,7
10182,Utiliser la Nouvelle Grammaire Magnard en ligne,3
10184,Description de mouvement (Collège) à l’aide de Scratch,9
10190,Equations diophantiennes du second degré,7
10191,Les nouveaux programmes de Lycée en applis mobiles,7
10194,CLONE-Gabarit français,5
10195,Cours sur le Marché de Concurrence pure et parfaite,10
10196,Vers la dichotomie,7
10197,Périclès et la démocratie athénienne,5
10199,Animation flash : progrès technique et croissance.,10
10200,"Groupe projet ""Enseigner la gestion autrement"" : Contexte travail collaboratif",14
10203,Animation marché du travail,10
10204,"Utiliser les ressources multimédia, oui ! Mais comment ?",14
10207,Les bonbons du collège - cycle 3,7
10210,Projet d'accompagnement des étudiants en STS (Section technicien supérieur)  issus de Bac Pro,14
10213,quatuor6,2
10214,Simulation des positions d’un point en mouvement - Scratch et Python -LYCEE,9
10217,"Séquence de droit en terminale STG (Sciences et Technologies de la Gestion) : Qualification juridique, syllogisme juridique et c",14
10219,Réflexion sur l'enseignement et l'apprentissage du lexique,6
10220,Traam 2019-2020 :  Jeopardy,11
10222,Précipitations,7
10223,Le numérique comme support d'évaluations,6
10224,Faisceau de droites,7
10228,Rôle et ordre des composants dans un circuit électrique,9
10229,Feux rouges,7
10230,Enseigner le rugby par compétences,2
10231,Traam 2019-2020 : les échanges gazeux respiratoires,11
10232,Prendre de la hauteur,7
10233,Partage aléatoire d'un segment,7
10234,Stage FPC CP5 course en durée,2
10235,"Mers et Océans, un monde maritimisé: une séquence à distance avec l'ENT",5
10238,Traam 2019-2020 : Analyse d'un cardiogramme,11
10239,Correction par les pairs via tablettes,6
10240,Découverte de la somme des mesures des angles d'un triangle,7
10241,Deux aires égales,7
10244,TED : des Tablettes pour Élèves en Décrochage,6
10245,La fonction Carré,7
10247,La pièce de 1 euro est-elle équilibrée ?,7
10248,Découvrir la BD de reportage,3
10249,Réaliser une BD de reportage format « story »,3
10251,Pièces automobiles,7
10253,Section plane d'un tétraèdre,7
10255,Stages FPC CP5 musculation,2
10257,Distance d'un point à une courbe,7
10258,Une présentation de la notion d'économies d'échelle,10
10259,Etude d'un algorithme,7
10261,De bons poêles,7
10262,Les fonctions exponentielles,7
10264,TD (Travaux dirigés) : DIZZY emballage et communication,14
10265,natation synchronisée 4,2
10266,Continuer de découvrir le monde hispanique pendant une période de confinement,6
10267,Évolution d'une population,7
10268,Niveler un terrain,7
10269,"Le jeu, levier pour construire et mobiliser sa compétence culturelle",6
10270,"Imputer des charges indirectes, comprendre la hiérarchisation des coûts, calculer un coût de revient, etc.",14
10272,quatuor 1,2
10273,Voici venu le temps du monde fini,7
10274,Jouer à distance avec la culture (espagnol),6
10275,Localisation du photographe,7
10276,Travaux pratiques par le biais d'un espace de dépôt,7
10279,Naissances,7
10280,Parité - Intervalle de fluctuation,7
10281,Calcul mental et calcul réfléchi,7
10283,Cahier de texte en ligne,7
10284,plongeon 14,2
10285,Indice de masse corporelle,7
10287,Méthode de Newton,7
10288,Épargne,7
10289,Nombre à deviner,7
10290,Cuve à ondes : des AVI,9
10292,natation plongeon8,2
10293,Le duc de Toscane,7
10294,Alignement,7
10295,Réviser avec l'ENT,7
10297,Supports d'activités algorithmiques,7
10300,Équerre et cercle,7
10303,Résolution graphique d'une équation du troisième degré,7
10304,Simulation d'une expérience aléatoire,7
10306,Un max de chocolats,7
10310,Pyramide et Pavé,7
10312,Triangle dans un pavé,7
10316,Adapter les supports d’apprentissage aux élèves à besoins particuliers,7
10319,La copie numérique avec l'ENT,7
10320,Image d'un cercle par une homothétie,7
10322,Coaching et management : dépasser l'effet de mode pour envisager sa véritable utilité,14
10325,Utilisation d'un espace de travail pour réaliser des fiches de synthèse de cours,7
10329,Population d'Aquitaine,7
10330,Création d'une foire aux questions pour réaliser un outil de révision,7
10333,Bouge ou bouge pas ?,7
10339,Exemple d'utilisation du PGI (Progiciel de gestion intégré) d'EBP,14
10342,Apprendre avec un dictionnaire de mathématiques,7
10343,Supports d'activités algorithmiques en première,7
10345,Mettre en place des séances d’AP personnalisées,7
10354,Le calcul mental du primaire au collège,7
10355,Apprendre la trigonométrie,7
10363,natation plongeon2,2
10368,Calculatrices : premières manipulations,7
10372,Entretenir le calcul mental,7
10374,Le management des connaissances : des clés pour comprendre,14
10376,karaté 7,2
10377,Consolider les automastimes de calcul avec les nombres relatifs,7
10378,Vidéo enrichie : les modèles de diffusion de protéines au niveau de la membrane plasmique,11
10379,Organiser un championnat de calcul mental,7
10381,"Algorithmique, capacités pour la seconde",7
10385,Scratch 3 en Physique - Chimie,9
10386,Utiliser un PGI (Progiciel de gestion intégré ) en Economie Gestion - contexte Cusin,14
10387,Effectuer un diagnostic avant une séquence de calcul littéral,7
10389, Créer des jeux sérieux médiévaux,5
10392,karaté 5,2
10396,Premier programme avec Xcas,7
10397,Aborder le mariage royal britannique ,6
10398,Hexagone,7
10399,Cric de voiture,7
10400,Comprendre l'événement du Montgomery bus boycott sur l'histoire afro-américaine ,6
10401,Entraînement différencié à la compréhension de l'écrit sur le thème de l'environnement ,6
10404,"Atelier Algorithmique,  programmes de première ES-L-S 2011 présenté aux JDI",7
10406,"HumBug, un jeu grand public pour travailler le raisonnement",7
10417,Écrire un roman d’aventure collaboratif,3
10437,Créer des parcours pour l'accompagnement personnalisé à partir de ressources de la BRNE anglais cycle 4,6
10438,Faire découvrir différents aspects des deux guerres mondiales côté britannique à partir des ressources de la BRNE,6
10439,Proposer une remédiation en grammaire à partir des ressources de la BRNE anglais cycle 4,6
10440,L'uniforme britannique à partir des ressources de la BRNE anglais cycle 3,6
10441,trajectoire de la balle,7
10442,La pyramide,7
10443,Création de parcours avec suivi individualisé de l’élève à partir des ressources de la BRNE anglais cycle 3,6
10446, inclure les élèves dans la préparation d'une visite dans un voyage scolaire par la création d'un audioguide ,6
10447,barres parallèles 10,2
10448,Réalisation de figures itératives,7
10449,Documents académiques de Nancy-Metz pour l'utilisation du numérique au lycée,7
10450,Factorisations du niveau seconde ?,7
10451,"Une présentation de la population active : notions, structure, évolution",10
10452,Sciences de la vie et de la terre et éducation à l'environnement pour un développement durable,11
10456,karaté 1,2
10461,Documents académiques de Nancy-Metz pour l'utilisation du numérique au collège,7
10462,Résistance phonique et fonction logarithme,7
10463,Filtrage numérique,9
10464,Utilisation d'une boucle dans un algorithme,7
10465,Coupe du monde féminine de football 2019,6
10466,Découvrir la vie d'Otto Dix,6
10467,barres parallèles 8,2
10469,Pyramides et cônes avec GeoGebra 3D,7
10471,CDRom de fiches toxicologiques de l'INRS (France),9
10475,Interview en allemand d’un témoin de l’histoire de la guerre froide,5
10479,CONSERVATION DES MUTATIONS AU COURS DE L'EVOLUTION,11
10483,barres parallèles 5,2
10484,UTILISATION PÉDAGOGIQUE DES BASES DE DONNEES INFORMATIQUES,9
10488,hand 3d1,2
10489,Savoir parler de George Grosz,6
10495,hand1,2
10496,"Comment faire avec ... le tableur  Excel 2003, Libre Office Calc, Xcas",7
10497,Savoir parler de George Grosz,6
10498,Fiche d'aide pour Geoplan,7
10499,Documents de formation pour les personnels de laboratoire,9
10502,Eine geometrische Fragestellung,7
10504,Décrire une tenue vestimentaire,6
10506,Savoir parler de George Grosz,6
10507,Excès de vitesse... ou pas ?,7
10510,Savoir parler de George Grosz,6
10514,Le cas FIXIT,14
10515,Rechercher d'extremums d'une fonction.,7
10516,saut 11,2
10517,Association pour la Musique Contemporaine (APMC),14
10520,Défi lecture sous forme d'escape game,6
10521,Débattre des usages raisonnés de l'internet et du numérique,6
10525,saut 5,2
10527,saut 3,2
10529,Documents  académiques de Nancy-Metz pour l'enseignement des lois de probabilités,7
10535,proposition de progression autour de l'algèbre en classe de 4ème,7
10537,Progression pour l'acquisition des compétences de calcul adossées au travail sur les fonctions,7
10539,Fonctions coût,7
10540,Aborder la thématique du recyclage en espagnol,6
10541,Progression pour l'acquisition des compétences de calcul adossées au travail sur les fonctions,7
10543,Un élevage de lapin,7
10545,AIR LIQUIDE Ressources Humaines,14
10546,Recherche d'un entier N tel que la somme de 1 à N soit égale à un nombre donné,7
10547,Verrerie et précision,9
10548,Réviser les mouvements de Résistance en France en 3e via un jeu sérieux,5
10549,Fonction-probabilités 1,7
10550,ENGIBAT,14
10551,Lancer n'est pas jouer !,9
10552,Groupe MEDIPLUS,14
10553,Cuve 1,7
10554,Une petite galerie des erreurs des logiciles de calcul formel,7
10555,gymnastique: se balancer 1,2
10556,Cuve 2,7
10557,"Un verre ça va, deux verres ça va, trois verres ...",9
10558,La boîte de parfum,7
10559,Stéréoisomères en pharmacologie,9
10561,Choisir son futur,6
10564,Fabriquer un algorithme résolvant ax²=b,7
10568,Aire d'un polygone bis,7
10582,football arbitre carton rouge,2
10585,Les 3 carrés,7
10587,Banque de ressources,9
10588,"L'oral, ça s'apprend ! ",5
10589,Ensemble des sommets d'une famille de paraboles,7
10590,Une présentation mettant en relation la flexibilité et la productivité du travail,10
10591,Vidéo - Quelle est la trajectoire du ballon ? (problème ouvert),7
10592,La révolution industrielle en 4ème dans le cadre de la continuité pédagogique ,5
10593,Vidéo - Le panier en or (problème ouvert),7
10594,L'aménagement du port de Brétignolles (85) - un exemple de tensions liées à un aménagement du territoire,5
10595,Vidéo - Les nounours (problème ouvert),7
10596,Comment concevoir un enseignement à distance,5
10597,L'Affaire Dreyfus et la presse,5
10599,Produire un discours raisonné sur l'actualité,1
10600,La météorologie au collège ; comment s'y prendre .,9
10601,Travailler et évaluer l’oral à distance,5
10602,Vidéo - Quand les élèves jouent avec des allumettes (problème ouvert),7
10603,"Décrire un paysage, en classe de sixième",5
10604,Travailler sur les points de passage et d’ouverture en seconde à l'oral,5
10606,Un exercice interactif pour distinguer la production au sens économique,10
10607,Algorithmique et contre-exemple,7
10610,L'espérance d'un forain,7
10611,Mots croisés - La production,10
10612,"De l’Agence Havas à l’AFP, un travail à l'oral",5
10613,Tonnelets,7
10614,Relativité du mouvement avec une webcam par élève de 2nde,9
10615,épicentre,7
10617,Lumière,7
10619,Les saisons,9
10620,Le multipartisme en France,5
10623,Pollution sonore,9
10625,Maladie professionnelle chez LDC,14
10626,Nombre de somme 300,7
10627,Les ampoules,7
10628,"Mieux préparer les élèves de Bac pro et exploiter leurs acquis en droit, éco et management pour leur poursuite d'études en BTS",14
10630,Pause Café,14
10632,L'escalier,7
10640,"Préparer une émission de radio en rencontrant des acteurs sur la question : « La France : mobilités, transports et enjeux d’aménagement ».",5
10641,Travailler la composition et traiter une séquence de géographie par étapes,5
10647,Étude d'une aire,7
10648,Glissement d'une échelle,7
10650,Points sur un cercle,7
10653,Aire et Monte-Carlo,7
10654,Suites logiques,7
10655,ciel de case,7
10656,Chute d'une éponge,9
10657,Le marathon de Nantes,7
10658,charpente du collège,7
10660,"Un exercice interactif pour distinguer le salaire brut, le salaire net, le coût salarial",10
10661,Nouveau parfum,7
10662,Lancé d'un marteau,9
10663,Monte Carlo,7
10665,Manuels scolaires,7
10666,Emission CO2,7
10667,Effet Doppler - The blue sticker,9
10670,Composteur de jardin,7
10671,vidéo - présentation de la racine carrée d'un nombre,7
10672,Bati Fenetre SA,14
10673,Une brêve histoire de voûte,7
10674,L'indigo,9
10675,CLONE-Gabarit TraAM cycle 4 LV,6
10676,un tutoriel vidéo pour résoudre des équations,7
10677,vidéo - éclipse solaire,7
10678,Détermination de la vitesse d'un véhicule circulant sur autoroute à partir d'une séquence vidéo,9
10679,Un scoop pour toi !,9
10680,Test de fin d'année en chimie,9
10681,Le cuivre est-il bon ou mauvais pour les sols ?,9
10682,La famille Pasdegaspi,9
10683,vidéo - les records du monde du 100 m,7
10684,vidéo - les records du monde du 100 m,7
10685,vidéo - superstairs... des escaliers à monter et à descendre...,7
10686,Le spectre de la lumière blanche en cycle 4,9
10687,vidéo - éruption d'un volcan,7
10688,Utilisation du dynamomètre au cycle 4,9
10689,vidéo - le bruit d'un scooter,7
10690,Spectroscopies IR et RMN,9
10691,Révision d'oxydoréduction,9
10692,Exercices sur le thème de la loi d'Ohm QCM sous HOT POTATOES,9
10693,La plante a-t-elle besoin de terre pour se développer ?,9
10694,vidéo - le bruit d'un scooter,7
10695,Qui suis-je ?,9
10700,Dualité onde-corpuscule,9
10705,Eclat d’une lampe et position dans un circuit,9
10706,Le grand bain,7
10710,Un problème d’adaptation,9
10712,Activité documentaire autour de l’historique d’une réaction d’estérification,9
10713,Les designers géomètres,7
10714,Gestion d'un garage,14
10716,Identification du principe actif d'un médicament,9
10717,Accompagnement pédagogique d'une ressource numérique portant sur l'énergie mécanique d'un ressort,9
10718,Lumière et phases de la lune,9
10719,"Activités sur le thème ""La Pratique du Sport"" en seconde",9
10720,Pourquoi le jardin d'Ella est-il plus verdoyant que celui d'Antonin ?,9
10721,Enquête sur les engrais,9
10722,Boursicotons,7
10723,Deux contre un,7
10724,COLOR'ACTION,9
10725,L'énergie hydraulique a-t-elle autant d'avenir que de passé ?,9
10726,Investigation policière,9
10728,Projet « Les Caves du Palais Saint Firmin »,14
10729,Diaporama sur la démarche de l'économiste,10
10732,La plongée,9
10734,"Les nutriments, sources d'énergie",9
10735,Ebola,7
10740,Le rythme cardiaque,9
10741,La communication globale,14
10743,Principes de didactique professionnelle,14
10744,Comment déterminer la masse d'un objet en impesanteur ?,9
10748,L'effet Doppler,9
10749,Une animation pour comprendre la titrisation,10
10752,Origami (2ème niveau),7
10753,Le bleu des bonbons Schtroumpf ®,9
10756,Utiliser la vidéo,10
10757,Réseau le plus court,7
10758,Stéréochimie - Jeu de cartes,9
10759,Méthodologie de la dissertation : trouver un plan,10
10760,Météo,7
10761,Range tes figures.,7
10762,Dans la baie de San Francisco ou au large du Pérou ?,9
10764,Les bases de la psychologie sociale,14
10765,Tout sourire,9
10766,Ilôts bonifiés,7
10769,Outils nomades : réalisation d'une vidéo commentée d'expérience pour des élèves absents,9
10770,Isomérie et carte mentale,9
10771,Incertitudes de mesures et relation de conjugaison,9
10772,Bibliographie du professeur de management,14
10773,pierre-feuille-ciseaux,7
10774,Diversité des organisations selon Mintzberg,14
10775,Rayonnements et recherche spatiale,9
10776,Observations des planètes,7
10777,Les nouveaux bonbons du collège - cycle 4,7
10778,Les bonbons de la classe de seconde,7
10779,Les bonbons de la classe de terminale,7
10780,Vidéos de mise en oeuvre,7
10781,La photographie : voir-acquérir-communiquer,9
10782,"Créer une image interactive Genially : exemple d'une caricature de Kupka (Europe de la ""révolution industrielle"" XIX.e)",5
10783,Vidéos de mise en oeuvre,7
10785,Extraction de l'anéthol à partir de l'anis étoilé,9
10786,Les carrés.,7
10787,Outils nomades : rédaction de protocoles expérimentaux par les élèves sur tablettes tactiles,9
10788,Nourrir l'humanité en 1L-ES,9
10789,Le vide absolu existe-t-il ?,9
10790,Les soupes de Campbell.,7
10791,Le coureur,7
10793,CLONE-Gabarit TraAM cycle 4 LV,6
10794,Savon parfumé !,9
10795,TraAM 2018-2019 : Engagement associatif et valeurs solidaires,1
10798,Bibliographie du professeur de communication,14
10799,Choisir ses piles et les recycler,9
10800,Variation des fonctions affines.,7
10802,Préparer l'oral du second groupe du BAC S dans le cadre de l'AP,9
10803,La spiralisation : différenciation pédagogique et progressivité des apprentissages,9
10804,Autoévaluation et rétroaction à distance : l'eau une ressource à ménager et à mieux utiliser,5
10806,Les trois cuves de fuel.,7
10807,Vous avez dit  racine de deux ?,9
10808,A propos d'une vidéo : l'eau (c'est pas sorcier),9
10809,La géode en boîte,7
10810,Le tour du monde en 80 jours.,7
10811,Le camping,7
10812,Dosage des ions chlorure dans le lait par conductimétrie,9
10813,Outils nomades : comment collecter les hypothèses formulées par les élèves ?,9
10814,Une collection d'animaux.,7
10815,Les moutons bien gardés.,7
10816,Seigneurs et paysans au Moyen Âge : Plan de travail pour raconter la vie du seigneur Guillaume.,5
10817,La professionnalisation des ressources humaines à l'Armée du salut,14
10818,CLONE-CLONE-Gabarit TraAM cycle 4 LV,6
10819,Le salarié au cœur de la GRH (Gestion des ressources humaines) chez Auchan,14
10820,Le puits d'enfer.,7
10822,Mesures de distances en astronomie,9
10824,Association Clopin Clopan,14
10826,Caractériser une organisation,14
10827,Autouroute,7
10828,Cinétique par colorimétrie,9
10829,Le coquetier,7
10830,Run for cookies,6
10831,CLONE-Gabarit TraAM cycle 4 LV,6
10832,OUENNE veut garder sa cabine téléphonique,14
10833,Soupçon de fraude à un examen.,7
10834,Rome du mythe à l'histoire : Activité à distance en sixième,5
10836,Archimède avait-il raison ?,7
10838,"Créer un diaporama commenté audio (""Capsule vidéo"") sur l'URSS de Staline",5
10839,"Food, Fun and Tech!",6
10840,Organisations publiques et efficacité économique,14
10841,Surbooking,7
10842,Support de formation autour de l'algorithmique au collège,7
10845,Saut à ski,7
10846,Tablettes en mathématiques au lycée : comment et pourquoi ?,7
10848,De la BCD au CDI [TraAM Documentation 2019-2020],3
10849,EUROTUNNEL : Une affaire d'homme,14
10850,Ressources scratch pour le collège,7
10851,Support de formation sur la programmation avec Scratch,7
10852,De la BCD au CDI [TraAM Documentation 2019-2020],3
10854,GeoGebra niveau 2,7
10855,Interagir entre cycles grâce aux ressources et à la lecture  [TraAM Documentation 2019-2020],3
10856,GeoGebra niveau 1,7
10857,Utiliser un tableur GeoGebra,7
10860,CLONE-De la BCD au CDI [TraAM Documentation 2019-2020],3
10863,Initiation à la pensée algorithmique au cycle 3,7
10865,De l'action collective à l'organisation,14
10869,Domino Calcul Littéral,7
10872,Construction des inverses d'entiers,7
10873,Les compétences Modéliser et Représenter,7
10875,Simulation d'un jeu,7
10877,Centre d'inertie,9
10878,Challenge MBot,7
10879,Créer un Serious Game avec Scratch,7
10880,Robots Traceurs,7
10881,Algorithmique et racine carrée en seconde ,7
10886,"Algorithmique et racine carrée en seconde, compléments ",7
10887,PONG-chasse,7
10888,Comment peut-on se représenter la Terre ?,7
10889,Mots croisés - Qui produit des richesses ?,10
10890,De la BCD au CDI [TraAM Documentation 2019-2020],3
10892,La notion de modèle en économie,10
10893,Une souris en danger,7
10894,Krampouezh,7
10895,Projet Manhattan,7
10896,Construire un code secret,7
10897,Découverte du code,7
10898,Algorithmique en mathématiques du collège au lycée (2015-2016),7
10899,De la BCD au CDI [TraAM Documentation 2019-2020],3
10900,CLONE-De la BCD au CDI [TraAM Documentation 2019-2020],3
10901,Oronce,7
10902,Val sans retour,7
10903,Une explosion surprenante,9
10904,Le lièvre et la tortue,7
10905,CLONE-De la BCD au CDI [TraAM Documentation 2019-2020],3
10906,Les portes infernales,7
10908,Le caméléon,7
10909,CLONE-De la BCD au CDI [TraAM Documentation 2019-2020],3
10910,Rituels,7
10911,Calcul formel à la rescousse,7
10912,Présenter les formules chimiques en 4ème,9
10913,Rituels au collège,7
10914,Images mentales en mathématiques,7
10915,"Construction sous contrainte (version ""Bonbon"")",7
10916,"Unités, multiples et sous-multiples version 3°",9
10917,Ariane 5 et la réaction H2 + O2,9
10918,La sécurité au laboratoire,9
10920,Evaluer la performance sociale et environnementale de l'entreprise,10
10922,Découvrir l'Australie et la culture aborigène,6
10923,La nouvelle définition d'une planète,9
10924,Circuit électrique d'une guirlande,9
10925,"SOKET, révision d'indicateurs de performance",14
10926,Histoire de l'atome,9
10927,Découvrir 12 fêtes hispanophones,6
10928,La nouvelle définition d'une planète,9
10929,Boucle de courant d'une MCC,9
10930,Dosages acide-base,9
10931,Mesure de la période de rotation du Soleil,9
10932,Découvrir les spécificités du travail dans les pays anglophones,6
10937,LES MOLECULES PARFUMEES,9
10938,ISOMERIES,9
10943,"Les options stratégiques : domination par les coûts, différenciation",14
10944,L'exemple du coronavirus dans les médias et l'information,1
10945,Etude d'une chute ralentie et modélisation par Euler,9
10947,ANIMATION FLASH -  QUESTION POUR UN CHAMPION,9
10948,Diodes,9
10949,Electrons dans un champ électrique,9
10950,Animer la semaine des mathématiques avec des énigmes,7
10951,Son,9
10952,Spectrophotomètre,9
10953,Trajectoire,9
10954,Vecteur de Fresnel,9
10955,"Des TP, comment ?",9
10956,Les énergies primaires,9
10957,"Des TP, pourquoi ?",9
10958,à la découverte des métiers de la Physique et de la Chimie,9
10959,"Conservation de l'énergie, formes d'énergie",9
10960,Encadrement de la constante de temps lors de la démodulation,9
10961,Mouvement d'une cabine de grande roue,9
10962,Les États-Unis : un territoire organisé par la mondialisation,5
10964,Fabrication de gifs animés,9
10965,Le pendule simple,9
10966,Documents programmes de 1ère S,9
10967,Persistance des impressions lumineuses sur la rétine,9
10968,adresses de sites,9
10969,Formation aux programme de chimie de 1S,9
10970,Proposer une remédiation en grammaire,6
10971,L'arc en ciel,9
10972,Histoire des mesures de la vitesse de la lumière,9
10973,"Un capteur de température, la thermistance",9
10974,Evaluer la compréhension de l'oral,6
10975,Les mirages,9
10976,Projet sur la lecture de la presse et défi d'écriture,6
10977,Evaluation d'exposés,9
10978,T.I.C.E. et Sciences Physiques,9
10979,Extensions OpenOffice au service de la Physique-Chimie,9
10980,Applet,9
10981,Présentation de la sonde à effet Hall,9
10982,Stage de sécurité électrique,9
10983,"Des sites internet, management des organisations",14
10984,Un aspect du rayonnement de la France : le tourisme.,5
10985,Les États-Unis : un territoire organisé par la mondialisation,5
10986,Chute verticale d'un solide,9
10987,Les ondes stationnaires,9
10988,analyse du programme de physique,9
10989,Présentation  du programme de spécialité de TS,9
10990,Transformation chimique totale ?,9
10991,Dosage acido-basique,9
10992,Création d'un jeu d'observation sur la bataille de la Somme ,5
10993,Equilibrage d'équations contenant des ions,9
10994,Facture d'énergie électrique interactive,9
10995,La journée de la langue espagnole,6
10996,Mots croisés - Comment produire et combien produire ?,10
10997,Etude de la courbe de résonance d'un RLC série,9
10998,Découvrir la fête de Noël au Mexique,6
11000,Représentation graphique d'un mouvement,9
11002,Aborder la thématique de l'écologie en espagnol,6
11003,CLONE-Gabarit fiche cycle 3 LV,6
11004,Distillation d'un mélange  cyclohexane-paraffine,9
11005,Corps noir et Soleil,9
11006,Mise en œuvre d'un capteur de température,9
11007,Des mesures météorologiques,9
11008,Parcours à distance pour présenter oralement un recette de cuisine,6
11009,"Tâche complexe,  Diversité génétique, formation de nouvelles espèces",11
11010,La loi de la réfraction,9
11011,Mesure de la vitesse du son,9
11012,Présenter le personnage de BD Diabolik à l'écrit,6
11013,Physique et cardiologie,9
11014,Evaluation diagnostique des compétences scientifiques,9
11015,Chromatographie sur couche mince,9
11016,Filtre analogique,9
11018,Cours et TP sur la cinétique en TS,9
11019,"Molécules, réaction chimique en salle multimédia",9
11020,Monostable et astable,9
11021,Travail sur l'arc-en-ciel,9
11022,Réaliser une BD d'après l'oeuvre de Hopper (Semaine des Langues 2020),6
11023,Histoire de la domestication de la canne à sucre ,11
11024,Oscillateur élastique horizontal,9
11025,2010 : le laser a 50 ans !,9
11026,Oscillateur : pendule simple,9
11027,L’intervention des pouvoirs publics face aux différentes défaillances de marché.,10
11028,Les grandeurs sinusoïdales,9
11029,"De l'atome à l'ion, de l'ion à l'atome.",9
11030,Satanée minuterie !,9
11031,Un flash sans paillettes,9
11032,Quelle pompe à chaleur choisir ?,9
11033,Récupération d'eau de pluie,9
11034,L’intervention des pouvoirs publics face aux différentes défaillances de marché,10
11035,Comment faire du SIBE de Tahadart un lieu d'éducation au développement durable ?,11
11037,Mesurer sur des images,9
11038,Physique et Musique,9
11039,Mouvement d'une plaque posée sur deux cylindres en rotation avec Interactive Physique,9
11040,Vidéos d'expériences de chimie spectaculaires,9
11041,Mouvement d'un disque sur un plan incliné avec Interactive Physique,9
11042,Expérience de Galiliée avec Interactive Physique,9
11043,Le singe et le chasseur - mouvement étudié avec Interactive Physique,9
11044,COMMENT FONCTIONNENT LES MONOPOLES ?,10
11046,Les Sciences de la Vie et de la Terre au lycée - Seconde (nouveau programme 2010).,11
11047,Le marché est défaillant car il ne prend pas en compte les externalités.,10
11048,Fiches d'usage de Dynamic,9
11049,"Comprendre, à l’aide d’exemples, les principales sources du pouvoir de marché",10
11050,Banque de données expérimentales sur les interférences à l'aide des fentes d'Young,9
11051,Etats de l'eau en 5ième Salle MultiMedia,9
11052,Dispositif pour la chute d'une bille dans un liquide,9
11053,"Introduire le thème de la guerre froide et des décolonisations, à partir d'""Apocalypse - la guerre des mondes""",5
11054,Ondes progressives,9
11055,Suivi du mouvement d'un satellite depuis une station-sol,9
11056,Aquariophilie,9
11057,Base de Données: des idées d’exploitation des données hydrologiques avec EduMed Obs lors d’un épisode méditerranéen,11
11058,Les polymérisations vues en Flash,9
11059,La mobilité sociale intergénérationnelle,10
11060,Les fiches toxicologiques et sécurité (Belgique),9
11061,Un micro et pas de son...,9
11062,Le risque chimique,9
11063,Remobiliser les acquis sur les valeurs des Etats-Unis avec la série TV Superstore,5
11064,Responsabilité humaine en matière de santé et d'environnement,11
11065,"Longueur, surface, volume",9
11066,"Travailler la compétence ""Collaborer"" en distanciel pour écrire un récit en histoire",5
11067,La vésicule biliaire et la concentration de la bile,12
11068,Travailler la continuité pédagogique avec Geoimage,5
11069,Simulation sur le pendule,9
11070,Interpréter des expériences pour expliquer comment notre corps se défend,11
11071,Utilisation des images satellitales pour mesurer la surface d'une forêt et la quantité de carbone fixée par la forêt.,11
11072,Rénovation du BTS IRIS,9
11073,Reconstituer le parcours d'un jean à l'aide d'un escape game ,5
11074,Préparation et utilisation des solutions titrées.,9
11075,Rome du mythe à l'histoire ,5
11076,QCM,9
11077,Enquêter sur l'affaire Dreyfus en 4ème ,5
11078,La chimie en STL,9
11079,Abécédaire de chimie organique,9
11080,La conquête du droit de vote de 1815 à 1870 : l'aborder de manière collaborative,5
11081,Auto-induction à moindre coût,9
11083,Suivi du travail à distance sur la ville de Vérone,6
11084,Présentation PowerPoint sur l'acquisition de données,9
11085,Animations  pour le lycée : la bascule RS,9
11087,Réalisation de schémas en chimie,9
11088,"Etudier les institutions de la Veme République à l’aide d’une série TV, Baron Noir",5
11089,Bascule RS,9
11090,Observation du pancréas,11
11091,Test de connaissances sur l'électromagnétisme,9
11092,L’exode rural en Espagne,6
11093,Relativité du mouvement,9
11094,Les courbes de Lissajous,9
11095,Cartes flash - Les sources de la productivité globale des facteurs,10
11096,Les vertébrés ont les mêmes axes de polarité activité 1 sur 2,11
11097,Extraction du paprika et de la cannelle,9
11098,Fichiers vidéo,9
11099,Les gitans,6
11100,Analogies électricité - hydraulique,9
11102,TRAAM 2020 : Les progrès de la connaissance du monde XVe-XVIe siècles,5
11104,Séquenceur de mini fusée,9
11105,Suivre la station spatiale internationale,9
11106,Exploiter des données météorologiques pour aborder l’intérêt des métadonnées,11
11107,"Pistes d’exploitation des données hydrologiques avec EduMed Obs, lors d’un épisode méditerranéen",11
11108,Dynamic version 2.61 du 01/09/08,9
11109,La gestion des risques,10
11110,Utiliser Moodle en droit et économie,14
11111,1S - HISTOIRE DE LA CHIMIE ORGANIQUE - ppt,9
11112,Mendeleiev,9
11113,Rompre l'isolement : Lancer un défi et mutualiser les productions d'élèves à distance,5
11114,Dureté d'une eau,9
11115,Comment mesurer la distance qui nous sépare d'une étoile ?,9
11116,Identification de cellules sanguines (10),12
11117,"Faire une correction à distance dynamique : un exemple à partir de "" le pouvoir des empereurs romains"".",5
11118,Etude d'une télécommande,9
11119,Capacités expérimentales en TS,9
11121,Electricité,9
11122,Travailler l’oral à l’aide du cahier multimédia de monlycee.net,5
11123,Réaliser une interview pour comprendre les caractéristiques d’un État totalitaire,5
11124,Face lunaire,9
11125,Courbes récursives,9
11127,Les lieux de la Révolution française,5
11129,Travaux Pratiques de Chimie en section STL,9
11130,Réaliser une émission de radio sur la Méditerranée Médiévale,5
11131,"Un objet d'étude en EMC, histoire et géographie : la pandémie du COVID 19",5
11133,Activité en autonomie sur les différentes formes et transferts d'énergie,9
11134,Notion de visée,9
11135,Ondes,9
11136,Propagation de la lumière : principe de moindre temps,9
11137,Mouvement de la nacelle d'une grande roue,9
11138,SNT : séquence pédagogique sur les réseaux sociaux,13
11139,L'éclipse de Soleil du 29 mars 2006,9
11140,Circuit RLC série,9
11141,Quelques forces,9
11142,Les molécules organiques,9
11143,Les palmes de Mr Schultz,9
11144,Logiciel GéoTer,9
11145,Lampe à lave et transformation chimique ,9
11147,Implanter une station météo,9
11148,Tracé de vecteurs vitesse et variation de vitesse avec un programme Python,9
11149,"Une station sismique au Collège ou au Lycée, c'est possible !",9
11152,le barbecue,9
11153,Qu'est-ce que la mole ?,9
11155,Les puissances de 10 en Flash,9
11157,"Affirmer sa puissance à partir des mers et océans : la dissuasion nucléaire et les forces de projection maritimes, Jalon Spé Tle",5
11158,Déprotéger les ports E/S sous Windows XP,9
11159,Exercices pour l'option MPI,9
11160,Liaison Collège-MPI,9
11161,Evaluation par capacités,9
11162,Comptes-rendus de stage,9
11163,Comptes-rendus de stage,9
11164,Didacticiels animés,9
11165,Evaluation par compétences : physique niveau I,9
11166,Evaluation par compétences : chimie niveau I,9
11167,Evaluation par compétences : Physique niveau II,9
11168,Evaluation par compétences : chimie niveau II,9
11169,Les lentilles,9
11170,Evaluation par compétences : chimie niveau III,9
11171,Evaluation par compétences : physique niveau III,9
11172,Devoir commun de seconde,9
11174,COMMENT FORMER DES MOLÉCULES GÉANTES ?,9
11176,Sur les traces de Jean-Baptiste Belley : un travail d'enquête en Seconde professionnelle ,5
11177,Mouvement des planètes dans le référentiel héliocentrique,9
11178,Mouvement des planètes dans un référentiel planétocentrique,9
11180,Le rôle diffusant d'un écran,9
11181,Combustion du charbon,9
11182,comment éclairer un objet ?,9
11183,Dispersion de la lumière blanche par un prisme,9
11185,Les changements d'états,9
11186,Matériel de collège,9
11187,serious game Guittou le microbe,11
11188,Régime sinsoïdal,9
11190,Apprendre à utiliser le logiciel AVISTEP 3.0.0,9
11191,Conservation de la masse (la bouteille réactive).,9
11192,La régulation du pH du sang,9
11193,Histoire des mesures de la vitesse de la lumière,9
11194,L'air,9
11195,escape métro fantome,11
11196,Puissance électrique en régime sinusoïdal,9
11197,SOS Physique Chimie,9
11198,TNI-tableau numérique interactif,9
11199,Une compétition d’athlétisme,13
11200,Utilisation raisonnée de la verrerie (version .html),9
11201,Corps pur ou mélange ?,9
11202,Les biocarburants,9
11203,Quelle quantité d'eau ai-je consommée ?,9
11204,Réaliser une décantation et une filtration.,9
11205,Comment rendre visible un faisceau de lumière,9
11207,Mesurer une durée avec un pendule,9
11208,De drôles de lampes,9
11209,Le pH d'une solution,9
11210,Mesurer le temps avec un pendule,9
11211,L'eau dans les aliments,9
11212,Suivi d'un titrage pH-métrique avec le logiciel Latis-Pro,9
11213,Tableau Blanc Interactif (TBI),9
11214,phases de la Lune en 3D,9
11215,jour et nuit en 3D,9
11217,Influence de l'ordre des dipôles dans un circuit SÉRIE,9
11218,Nomenclature des composés à chaîne ramifiée,9
11220,La situation problème,9
11221,Défaut de masse d'un noyau atomique,9
11222,papier pH,9
11223,Exemples d'hydrocarbures,9
11224,Structure électronique de l'hydrogène et du carbone,9
11225,Exemple de composés organiques usuels,9
11226,Tableau périodique (structures électroniques et modèles de Lewis),9
11227,Equation-bilan de la combustion du méthane,9
11228,Représentation de Lewis,9
11229,Loi des noeuds avec Geoplanw,9
11230,Dynamomètre avec Geoplanw,9
11232,Jeu flash sur la classification périodique,9
11233,Circuits électriques en série et dérivation,9
11234,Circuits comportant des dérivations,9
11235,Simulation de la radioactivité,9
11236,Les coupe-circuits,9
11237,Etude du variateur ATV31 pilotant une machine asynchrone,9
11238,Masse et volume lors de la solidification de l'eau,9
11239,La bouillie Bordelaise,9
11240,"Etude d'un hacheur de tension 220 V, 10 A, 2200 W",9
11241,Réaliser l'évaluation d'une production orale sur le street art avec la Quizinière,6
11242,Pétanque et électron,9
11243,Continuité pédagogique : utiliser Tactileo en histoire géographie,5
11244,A la recherche d'une exoplanète,9
11245,Utiliser des relations littérales,9
11246,Un simulateur de lancer de 1000 dés,9
11247,Un diaporama sur l’étude du rebond d’une balle,9
11248,Animation Flash sur les spectres de Fourrier,9
11249,L'air a-t-il une masse ?,9
11250,Continuité pédagogique : utiliser Tactileo en histoire géographie,5
11251,Les luminophores à la loupe,9
11252, Continuité pédagogique : Etudier le tympan de Conques ,5
11253,La frontière entre les deux Corées - Réaliser un croquis d'interprétation,5
11254,Enoncé d’exercice sur la cinétique de l’expérience de la bouteille bleue,9
11255,J’analyse des articles de presse grâce à RETRONEWS,5
11256,La bougie qui se rallume à distance...,9
11257,Corriger la copie de Valentine,9
11258,Valider les compétences avec Google Docs,9
11259,Fiche d'utilisation du tableur-grapheur Synchronie,9
11260,Rechercher un stage,14
11261,Lignes de champs d'un aimant droit,9
11262,Animation flash sur le rhéostat,9
11263,Vérification de la première loi de Newton,9
11266,Les vecteurs de Fresnel,9
11267,Taille d'un atome,9
11269,Activité documentaire sur la réfraction,9
11270,Relation entre poids et masse : validation du B2i,9
11271,De la pile de Volta à la pile aux fruits...,9
11273,Modèle utilisable avec le traitement de texte  Microsoft  Word,9
11274,"Capteurs de position, de forces, d'angle en EXAO",9
11277,"Freemind,  un logiciel pour créer des cartes heuristiques",9
11278,Tuto ImageJ - Electrophorèse,12
11279,B2I et 1 ère S,9
11280,B2I et Term S,9
11281,Force pressante et pression,9
11282,Notions de périmètres et d'aires de figure,7
11283,Les esters,9
11284,Les applications alimentaires sont-elles fiables ?,13
11285,Les acides alpha-aminés,9
11286,Mode d’emploi d’utilisation des modules « Révise ton DNB »,7
11287,La chiralité des molécules d'acides alpha-aminés,9
11288,Synthèse peptidique,9
11289,Masse volumique et pression dans un liquide,9
11291,Pression sanguine et tension artérielle,9
11292,Les triglycérides,9
11293,La perfusion intraveineuse,9
11294,Illustrer la synthèse peptidique,9
11297,Mise en place des thèmes de convergence,9
11301,Etude d'un filtre ADSL,9
11303,Notions abordées en cours de physique-chimie et situations de la vie courante.,9
11304,Evaluation par compétence,9
11306,Evolution technologique de la traction ferroviaire,9
11308,Le verre doseur,9
11310,"travail d'une force, énergie cinétique et sécurité routière",9
11312,Etude expérimentale d'une décroissance de la radioactivité dans le domaine médical,9
11313,Didacticiel sur l'utilisation d'un tableur,9
11314,Socle commun de compétences,9
11316,Comment obtenir un bureau virtuel portable ?,9
11317,Comment utiliser Netvibes ?,9
11319,Aménager pour réduire les inégalités,5
11320,Logiciel pour évaluer les compétences en Sciences Physiques,9
11322,De nouveaux pictogrammes pour le laboratoire,9
11324,Carte conceptuelle TBI,9
11326,Présentation des enseignements de MPS et SL,9
11327,Grille Excel automatisée : validation des  compétences,9
11328,optique géométrique en SPCL,9
11329,Macros permettant de dessiner montages et verrerie de Chimie,9
11331,Fichier tableur pour suivre l'évaluation des compétences en Sciences Physiques,9
11332,Conférence : le retour de la classe ouvrière,10
11334,3e - Evaluation par compétences - Synthèses d'espèces chimiques,9
11336,Champ magnétique créé par une ou plusieurs bobines,9
11337,Comment recharger la batterie d'un téléphone portable ?,9
11338,Référentiel pour les Sciences Physiques,9
11342,Tests de connaissances sur la Lune,9
11343,Travailler au laboratoire de sciences physiques et chimiques en 2010,9
11345,Numérique et stratégies à l'oral,6
11347,"NOVEDU, création d'activités pour les élèves",9
11350,Eau de Dakin,9
11352,Evaluations par compétences,9
11355,Enseignement en sections européennes,9
11356,L'écriture d'un résultat de mesure,9
11360,Lire et exploiter un graphique,9
11361,Lire et exploiter un graphique,9
11363,Continuité pédagogique. La réforme électorale de 1962,5
11365,Arsène Lupin et la lumière,9
11367,Investigation : Est-ce que la puissance fournie par le chauffe tasse sera la même en France et au Japon ?,9
11368,Comment savoir si un produit chimique est dangereux ?,9
11372,Utiliser et reconnaître des relations de proportionnalité,9
11373,La bétadine,9
11375,Carottes et vision nocturne,9
11376,Champagne: Halte au gel !,9
11378,Socle et programme de sciences physiques,9
11379,Schémas électriques,9
11380,Ensemble de ressources en classe de première S,9
11382,Le rayonnement électromagnétique,9
11383,CLONE-Aider les élèves à rédiger les prémices d'une histoire fantastique,6
11384,Activité de remédiation :,9
11385,Quelques exemples d'usages possibles de la baladodiffusion en physique-chimie,9
11387,Identification de deux solutions,9
11388,Le jeu de 12 familles : grandeurs et unités,9
11389,les ions nitrate,9
11390,catalyse homogène et hétérogène,9
11391,distillations simple et fractionnée,9
11393,sténopé,9
11394,évaluation diagnostique sur les spectres,9
11396,les piles à combustible,9
11397,électrochimie et environnement,9
11399,stockage de l'énergie,9
11400,Rédiger autrement avec LYX,9
11402,réflexion d'un signal dans un câble coaxial,9
11403,détermination d'une longueur d'onde visible,9
11404,Les limites de la Transformée de Fourier ?,9
11405,SABE : outil de gestion des notes de troisième et de calcul de la note du DNB en EPS,2
11406,Quizz diagnostique en Chimie (1S),9
11407,éléments de relativité,9
11408,usage pédagogique du TNI en classe en physique : phénomène de réflexion totale,9
11409,Stage de formation au CERN  « Physique des particules »,9
11410,vitesse de réaction au microscope,9
11411,énergie d'activation d'une réaction,9
11412,Appel enrichi et suivi des élèves en EPS,2
11413,"NOVEDU, création d'activités pour les élèves",9
11414,"La France, puissance économique et influence culturelle dans le monde",5
11416,Désinformation scientifique et le Covid_19 : exemple avec la chloroquine,13
11417,quantité de mouvement,9
11419,Le circuit électrique,9
11421,détecteurs d'ondes : capteur piézoélectrique,9
11424,Association de dipôles,9
11425,Représenter graphiquement un sujet scientifique : présenter un exposé à l'oral sur les espèces animales,13
11426,Activité sur le GPS,9
11427,Produire une information visuelle à destination de ses pairs,5
11428,activité de découverte de la diffraction,9
11429,Utiliser le visual notetaking pour travailler l'orthographe des mots,3
11430,Réaliser un TBI avec la Wiimote,9
11432,Affiche : la démarche d'investigation,9
11433,Conversion d'unités version 4°,9
11434,Présence et réputation numériques,13
11435,signal analogique et signal numérique,9
11436,Investigation : Est-ce que l'appareil photo qu'il emmène supportera la pression à cette profondeur ?,9
11438,Situations déclenchantes,9
11439,Débats à visée philosophique en cycle 1 et partage collaboratif sur les réseaux sociaux,3
11440,Editeur de formules en chimie organique,9
11441,Editeur de formules en chimie organique,9
11443,Conception d’une émission de webradio en classe de 4e,3
11444,Epreuve Commune 2012 de PC et SVT en fin de Troisième,9
11445,L'oscilloscope,9
11446,"Des chaudières à bois, à gaz, …",9
11447,De l’information fallacieuse à la vérification des faits: décrypter une infox par l'analyse des données,13
11448,Quel combustible dégage le plus d'énergie : méthane ou butane ?,9
11449,un exemple d'ondes sinusoïdales : les ultrasons,9
11450,Annoter la production PDF d'un élève,9
11451,La métropolisation,5
11452,Exemple d'utilisation de média animé pour comprendre la mesure de la vitesse de la lumière,9
11453,réaction acide-base et quotient réactionnel,9
11454,Tutoriel Plickers,9
11455,Évaluer les applications mobiles de géolocalisation,5
11457,Comprendre une consigne et rédiger correctement une réponse,9
11458,heat pump : how to use a fluid to warm or cool ?,9
11459,determination of pH,9
11460,gabarit Biotechnologie,12
11461,Usages des manuels numériques en SPC,9
11462,Information ou communication sur les réseaux sociaux ?,13
11464,usage pédagogique des manuels numériques (TraAM 2012-2013),9
11465,Reportages à l'aide de tablettes numériques en accompagnement personnalisé,9
11468,Le smartphone en boitier de vote,9
11469,TraAM & outils nomades,9
11470,"""Carte du tendre"" : projet transdiciplinaire Lettres/HG en 4e ",5
11471,Tutoriel Oecake,9
11472,Rédiger un journal de confinement avec ses élèves en mêlant Lettres et Histoire,5
11473,Panne électrique du Kit solaire (maj : ressource numérique),9
11474,Préparer l'oral d'EAF,3
11476,Appréhender l’équivalence d’un titrage,9
11477,Les Canettes des Boissons Acides,9
11478,"Le haïku, un genre poétique japonais pour exprimer un lien sensible avec le monde",3
11479,Une enquête explosive,9
11480,Exercice sur la transmission de l'information en utilisant des neutrinos,9
11481,Étudier l’état gazeux avec Scratch,9
11482,La Pollution de l'Air en Martinique,9
11483,Les défis « pensée informatique » au cycle 4,9
11484,Détermination du volume d'une bille en verre.,9
11485,Tâche Complexe,9
11486,Adressage mondial des IP (IPv6),9
11487,L’observation satellitaire de la Terre,9
11488,Les lois de Kepler,9
11489,Analyse spectrale UV-visible,9
11490,Carte heuristiques sur les notions d'incertitude,9
11491,Réalisation d’un thermomètre,9
11492,Tle S : Les réseaux électriques intelligents.,9
11494,Tâche complexe : Gastro-entérite,9
11495,Court-circuit,9
11496,Traitement médicamenteux multidoses,9
11497,Tâche complexe : Suschi a des soucis ...,9
11498,Tâche complexe : Tests d'identification des ions,9
11499,Etude d’une chute libre,9
11500,Solides : Isolement et lavage d'un solide brut,9
11501,Conversion d'unités version 5°,9
11502,Filtration à chaud : Purification par recristallisation au noir animal et filtration à chaud,9
11503,Liquide : purification d'un liquide,9
11504,Liquide : Extraction d'un liquide et isolement du liquide brut,9
11505,Solides : Purification d'un solide brut et lavage d'un solide purifié,9
11506,L'arc-en-ciel,9
11507,Piège à gaz (ou Piège à vapeurs),9
11508,Montages : Montages en chimie organique,9
11509,Méthode : Gérer son temps en chimie organique,9
11510,Sécurité dans un laboratoire,9
11511,DNL : 7 documents sur les nanotechnologies,9
11512,Accrétion dans les dorsales lentes,11
11513,Tle S ECE : Quatre sujets d'ECE (avec grilles de notation),9
11514,"Seconde : Travail sur la mole, la potion d'Astérix",9
11515,DNL : 7 documents,9
11517,"DNL : nouvelle technologie d'écouteurs, les ondes sonores",9
11518,DNL : The Clash Of The Titans (historique sur la découverte des atomes),9
11519,DNL : Document à propos des atomes,9
11520,Consulter et exploiter une base de données sismologiques,11
11521,Se nourrir au quotidien : exemple des émulsions,9
11522,Une evaluation d’histoire réalisée avec l’outil la quiziniere,5
11523,Tutoriel Socrative,9
11524,Une description moléculaire pour comprendre,9
11525,Consulter et exploiter une base de données sismologiques,11
11526,Outils nomades : comment enregistrer et diffuser les compte-rendus audio des élèves ?,9
11527,Outils nomades : comment faire réaliser par les élèves un document vidéo ?,9
11528,Basculement d'un objet,9
11529,Eau sur Mars,13
11530,Domaine continental vs Domaine océanique,11
11531,du clairon à la trompette,9
11532,Domaine continental vs Domaine océanique,11
11533,Développer les compétences de la cinquième à la terminale 2013-2014,9
11534,Développer les compétences de la cinquième à la terminale 2014-2015,9
11535,Tâche complexe documentaire en seconde,9
11536,Datation relative dans le Cotentin (Normandie),11
11537,Datation relative dans le Cotentin (Normandie),11
11538,Smartphone ou tablette : instruments de mesures ?,9
11539,La loi d'Ohm,9
11540,Evolution de la surface des glaces,11
11541,Validation d'items du B2i en TPE,9
11542,Usages pédagogiques d'outils nomades : construction de cartes mentales enrichies et de QR codes comme coup de pouce,9
11543,Parcours SNT : proposition de séances,13
11544,Quelques exemples de déforestation,11
11545,Quelques exemples de déforestation,11
11546,Quelques impacts de l’Homme sur un écosystème : les coraux,11
11547,Simulation de la mise en oeuvre d'un réseau d'eau potable,9
11548,Utiliser Scilab dans son enseignement en physique-chimie,9
11549,Rédaction d'un compte-rendu avec un tableur pour la solidification de l'eau,9
11550,Réalisation de POM (Petites Oeuvres Multimédia),9
11551,Réaliser un article de blog sur un espace touristique (Cancun),5
11553,Etude du télémètre à ultrasons,9
11554,AP 2nde : S'exprimer à l'écrit - Fission et fusion nucléaire,9
11555,"AP 2nde : Analyser et traiter une question ""Comment ça vole un avion à réaction""",9
11556,Scénario d'usage d'une écologie numérique en TPE,9
11557,Physicomics,9
11558,"TRAAM 2014-2015 Aix-Marseille : 4 scénarios sur la culture numérique, l'EMI en physique-chimie",9
11559,"Émilie du Châtelet, femme de science ",5
11560,Le Mouvement Rétrograde de Mars,9
11562,Production de l'électricité,9
11563,Tensions alternatives,9
11564,L'oscilloscope,9
11566,Cinématique en LP,9
11567,La synthèse industrielle de l'ammoniac,9
11569,Anneaux de Haidinger,9
11570,Livret Audacity avec des activités,9
11571,Réseau de diffraction,9
11573,Transferts thermiques dans l'habitat,9
11574,Onde à la surface de l'eau,9
11575,Tous notés : enjeux et dangers d'une vie régie par le numérique.,1
11576,Signe ou ne signe pas ?,9
11577,Aide méthodologique : convertir les unités en multiples et sous multiples,9
11578,EPI Les instruments scientifiques pour explorer le monde et l'Univers,9
11579,"Classe inversée : 3ème, seconde - Atome",9
11580,Quel mousqueton choisir ?,9
11581,Les signaux périodiques,9
11582,Quel soda est le plus fort ?,9
11583,La bougie dansante,9
11584,SES WEBCLASS,10
11585,Une sonnerie que seuls les moins de 25 ans peuvent entendre !,9
11586,Communiquer en temps de guerre,9
11587,Je suis vernie !,9
11588,La polysémie des mots,9
11589,Appareils de mesures d'une tension alternative périodique,9
11590,Classe inversée : TS - Spectroscopie IR,9
11592,Sondage socialisation et configuration familiale,10
11593,Classe inversée : une feuille de route pour les élèves,9
11594,"Classe inversée en Terminale S : suggestions d'usage de capsules (vidéos, animations…) existantes.",9
11595,Espaces collaboratifs - Retour d'usage sur VIAEDUC,9
11596,Prise de contact,10
11597,Espaces collaboratifs - Retour d'usage sur la plateforme M@gistère,9
11598,"Concentration, couleur et absorbance en 1S",9
11599,Sondage socialisation différenciée,10
11600,Mesure de la Vitesse du Son,9
11601,Mouvement des Planètes,9
11602,Retrouve la bonne note!,9
11603,Modélisation corrélation causalité PIB,10
11604,Habiter sur une planète ou un satellite du système solaire,9
11605,L'alimentation,9
11606,Quand la cuisine se raconte et s'explique,9
11607,"Notion de volume, proportionnalité, grandeur quotient",9
11608,Utiliser un graphique en sciences,9
11610,Mers et Océans,9
11611,Crêpes,9
11612,Exemples de progression cycle 4,9
11613,Agir sur le bruit dans les collèges,9
11614,Qu'entendent les animaux?,9
11615,Biens publics,10
11616,Manipulations avec une fibre optique,9
11617,de quel type de transformation s'agit-il ?,9
11618,Les représentations du système solaire,9
11619,Energies fossiles et énergies renouvelables. (cycle 4),9
11620,La purge d'un avion,9
11621,Pédagogie inversée pour le cours,9
11622,Conduite et responsabilité,9
11623,"Magique ? Non, scientifique !",9
11624,"Matière, Matériau, Objet (cycle 3)",9
11625,Le bruit dans notre quotidien,9
11626,"Le téléphone portable, progrès ou danger ?",9
11627,La classe inversée,9
11628,Utiliser une tablette en acoustique,9
11629,Discovering your laboratory (ETVL),9
11630,Schématiser un circuit électrique,9
11631,Investigation : Le défilé de mode.,9
11632,Construction des courbes d'offre et de demande,10
11633,Maîtriser le temps et l'espace,9
11634,Aviron et curling (cycle 4),9
11635,Le jeu du marché,10
11636,Dilemme du prisonnier et entente,10
11637,Utilisations de ressources pour le cycle 4 dans différentes situations pédagogiques,9
11638,Pression et plongée,9
11639,"Transformation chimique, classification périodique, atomes et molécules",9
11640,EDD à l'aide d'un serious game sur le climat et de la plateforme eTwinning,9
11641,"Utilisation es ressources Maskott-sciences autour du thème ""Des signaux pour observer et communiquer""",9
11643,Les sites de sciences politiques,10
11644,Des ondes qui commandent !,9
11645,Un ado sur le canapé,9
11646,Comment produire de l'électricité?,9
11647,La course à pied (cycle 3),9
11648,Expérience sur les élections,10
11649,A la découverte des convertisseurs d'énergie (cycle 3),9
11650,Connaître le moustique AEDES AEGYPTI (cycle 3),9
11651,Expérience sur les élections,10
11652,La Classe Inversée : Etude bibliographique,9
11654,Tutoriels tableur / sondage,10
11655,Etude spiralaire de l'ISS  (cycle 4),9
11656,Passage de l'atome à l'ion Cycle 4,9
11657,Analyse de l'étude menée sur la classe inversée,9
11659,Devoir maison différencié lié à une enquête,7
11660,"Expérimenter la classe inversée à partir d'un exemple proposé sur eduscol ""Qualité des eaux""",9
11661,Créer une présentation interactive,3
11662,Une séance de lecture analytique adaptée aux besoins spécifiques des élèves,3
11663,La Classe Inversée : Comment évaluer son impact,9
11664,Résolution de problèmes (démarches scientifiques),9
11665," Création d’une anthologie poétique numérique, sonore et visuelle",3
11667,Verrerie de chimie,9
11668,My Self Emoji Portrait,0
11669,Préparation d'une boisson réhydratante - activité expérimentale,9
11670,ÉLÉA - Quelle différenciation ? – Réflexion sur les possibilités de parcours différenciés avec ÉLÉA,3
11671,1ère L/ES - Proposition de progression,9
11672,Quand l’élève construit et argumente seul un ensemble d’extraits littéraires et cinématographiques pour appréhender par lui-même le sens et les enjeux de la question de corpus.,3
11673,Couleurs et arts - activité documentaire,9
11674,Aborder l’histoire littéraire par un parcours numérique « gamifié » : retour d’expérience – Créer et gérer un parcours ÉLÉA,3
11675,Réaliser un graphique,9
11676,« Médée » de Corneille expliquée par les graphes - Éléments d'analyse de la pièce,7
11677,Cours sur la monnaie et le financement de l'économie,10
11678,Un recueil numérique de poésie combinatoire,3
11679,Liaison Scratch-Python,7
11680,La société à 2000 W - Centrale nucléaire - Evaluation - Analyse de documents,9
11681,Utilisons le crayon,7
11683,La course au soleil,9
11684,Calculatrice pour chimiste,9
11685,Quelle représentation se rapproche le plus de la réalité ? (cycle 3),9
11686,L'Assiette Digitale,0
11687,Moi créature,0
11688,L'histoire afro-américaine à partir des ressources de la BRNE anglais cycle  4,6
11689,"Valeurs absolues, valeurs relatives",10
11690,Le diplôme : Un passeport pour l'emploi ?,10
11691,Séquence sur la dystopie en enseignement à distance,6
11692,Prise en main d'Etnos,10
11693,Création d'un questionnaire d'enquête,10
11694,Compte rendu de lecture : Introduction impertinente à la sociologie - (Thierry Rogel - Professeur de Sciences économiques et sociales),10
11695,"Compte rendu de lecture : Henry David THOREAU, On the Duty of Civil Disobedience",10
11697,Recyclez vos chewing-gums avec Gumdrop,6
11698,"Une carte mentale interactive sur les compétences d'évaluation en classe de seconde, avec le logiciel Freemind",10
11700,L’inclusion des personnes en situation d’handicap dans la société espagnole,6
11701,Un escape game sur la construction européenne dans le contexte de la guerre froide.,5
11705,QCM auto-corrigés sur les statistiques,10
11706,Concevoir et tester un système d’alarme,9
11708,Identifier l'énoncé d'un sujet de dissertation,10
11709,L'élection présidentielle en France,10
11711,Grilles d'évaluation des épreuves de SES du baccalauréat,10
11712,Construire une capsule vidéo à partir d'un diaporama,10
11713,"Pouvoir, systèmes politiques et démocratie",10
11714,Partager des exposés pour construire le cours avec l'outil base de données de Moodle,10
11715,"Mots croisés - Dans un monde aux ressources limitées, comment faire des choix ?",10
11716,Mots croisés - La consommation : un marqueur social ?,10
11717,Argumenter et collaborer avec framapad,10
11719,Comment expliquer la consommation ?,10
11720,La consommation est-elle un marqueur social ?,10
11721,Les sites de sociologie,10
11722,Tutoriels de logiciels,10
11723,Comment le revenu et les prix influencent - t - ils les choix des consommateurs ?,10
11725,Le programme de Seconde et les ressources en ligne utilisables.,10
11726,Le programme de Première et les ressources en ligne utilisables,10
11727,Le programme obligatoire de Terminale et les ressources en ligne utilisables,10
11728,Le programme de sciences sociales et politiques de Terminale et les ressources en ligne utilisables,10
11729,"TraAM 2017 : Réaliser un croquis d'un littoral touristique à partir de la ressource Édugéo, Le Touquet-Paris-plage",5
11730,Le programme d'économie approfondie de Terminale et les ressources en ligne utilisables,10
11731,Les sites d'économie,10
11732,"S'approprier une oeuvre classique en 3ème grâce à la popculture du ""même"" : Antigone d'Anouilh",3
11733,Les sites de presse,10
11734,Les sites sur l'Union Européenne,10
11735,Les sites académiques de S.E.S.,10
11736,Grille des attentes académiques aux épreuves du baccalauréat,10
11737,Livret de fiches pour l'Accompagnement Personnalisé,10
11738,Réaliser un mur de frontières,5
11739,Traiter la consigne,10
11740,Enregistrer un podcast pour le blog du collège : 17 objectifs pour sauver le monde ,5
11741,La diversité des marchés,10
11743,"""Face à Face 180"" : débattre sur un sujet de société",1
11744,S'exprimer clairement à l'écrit et à l'oral,10
11745,La démarche de l'économiste : Quatre grandes conceptions de l'économie,10
11746,Capacités et activités à mobiliser pour acquérir les compétences au baccalauréat,10
11747,Présenter à l'oral une œuvre d'art ,5
11748,S'informer de façon fiable avec les médias du quotidien,1
11750,Mots croisés - Comment les revenus et les prix influencent-ils les choix des consommateurs ?,10
11751,Le numérique en SES,10
11752,TraAM 2020 : Evaluer à l'oral avec le numérique ; l'exemple d'une évaluation sur les espaces productifs en classe de 3ème.,5
11753,"Mots croisés sur ""les grandes questions des économistes""",10
11754,"QCM sur les ""grandes questions des économistes""",10
11755,Mots croisés - Quelles sont les sources de la croissance économique ?,10
11756,corriger des copies en vidéo,3
11758,Initiation à la programmation au langage PYTHON TM,9
11759,Éléments pour l'illustration de fiches techniques,12
11760,Érosion différentielle à la pointe du diable,11
11761,Reconstitution de paysages anciens ,13
11762,EDpuzzle,12
11764,Education à l'orientation en seconde,10
11765,Interprétation de l'antibiogramme pour les BG-,12
11766,Réparation de l'ADN,12
11767,Le B2i,10
11768,Mots croisés - La pollution : comment remédier aux limites du marché ?,10
11769,S'assurer de la qualité du matériel de prélèvement (pipettes par exemple),12
11770,La dynamique de l'intégration régionale : l'exemple de l'Union Européenne (séquence de travaux dirigés),10
11771,Le racisme vu à travers Midnight Express,10
11772,Les migrations internationales,5
11775,"Une synthèse sur les choix des individus selon les économistes, utilisant le logiciel hotpotatoes",10
11776,Mots croisés - Comment expliquer les différences de pratiques culturelles ?,10
11777,"Un exercice d'entraînement à la dissertation, construit avec Google drive.",10
11778,Les États-Unis et le monde (1917-1989) Le Plan Marshall et le début de la guerre froide,3
11779,Mots croisés - Le diplôme : un passeport pour l'emploi ?,10
11780,Mots croisés - Le chômage : des coûts salariaux trop élevés ou une insuffisance de la demande ?,10
11781,Mots croisé - Comment devenons-nous des acteurs sociaux ?,10
11782,Mots croisés - Comment expliquer l'instabilité de la croissance ?,10
11783,Mots croisés - Quels sont les fondements du commerce international et de l'internationalisation de la production ?,10
11784,Mots croisés - Quelle est la place de l'Union européenne dans l'économie globale ?,10
11785,Mots croisés - La croissance économique est-elle compatible avec la préservation de l'environnement ?,10
11786,Mots croisés - Comment analyser la structure sociale ?,10
11787,Mots croisés - Comment rendre compte de la mobilité sociale ?,10
11788,Mots croisés - Quels liens sociaux dans des sociétés où s'affirme le primat de l'individu ?,10
11789,"Mots croisés - La conflictualité sociale : pathologie, facteur de cohésion ou moteur du changement social ?",10
11790,Réseaux sociaux et e-réputation,14
11791,Mots croisés - Comment les pouvoirs publics peuvent-ils contribuer à la justice sociale ?,10
11792,Mots croisés - Comment s'articulent marché du travail et gestion de l'emploi ?,10
11793,Mots croisés - Quelles politiques pour l'emploi ?,10
11794,Ethnos : comment et pourquoi l'utiliser,10
11795,La Réserve,10
11796,"Une présentation des notions de flux physiques, flux monétaires et flux financiers",10
11797,Une présentation d'un circuit économique,10
11798,"Une présentation pour distinguer les termes d'actif, de travailleur, de salarié et d'employé",10
11799,Une présentation mettant en relation le coût salarial et la consommation,10
11800,"Une présentation du lien entre croissance, productivité et emploi",10
11801,Une présentation du progrès technique et de la logique économique,10
11802,"Une présentation clarifiant la notion d'investissement au sens de la Comptabilité nationale, de la comptabilité des entreprises et des institutions internationales",10
11803,Une présentation des effets pervers de la flexibilité pour les entreprises,10
11804,Une présentation permettant d'éviter un certain nombre d'erreurs dans l'élaboration d'un questionnaire,10
11805,"Un jeu sérieux, un défi ",5
11806,Présentation des TraAM Technologie 2019-2020,13
11807,TraAM 2019-2020 séquence 3e : Comment informer les personnes du niveau de pollution de leur région ?,13
11808,Un exercice interactif pour s'exercer à lire des tables d'homogamie (à utiliser en classe avec un vidéo-projecteur),10
11809,Un exercice interactif pour décrypter une feuille de paie,10
11810,Un exercice interactif pour distinguer la production marchande et la production non marchande,10
11811,Un exercice interactif pour distinguer les organisations productives,10
11812,"Un exercice interactif pour distinguer consommation finale, investissement et consommation intermédiaire",10
11813,CLONE-TraAM 2019-2020 séquence 3e : Comment informer les personnes du niveau de pollution de leur région ?,13
11814,Un exercice interactif pour apprendre la méthode des quantiles basé sur le cas des déciles de niveau de vie,10
11815,Un exercice interactif permettant de construire un schéma sur les sources de la croissance,10
11816,Une présentation du multiplicateur keynésien,10
11817,Un exercice interactif permettant de comprendre le passage du troc à l'échange monétaire,10
11818,Un exercice interactif permettant distinguer les différentes modalités de financement de l'investissement,10
11819,"Un exercice interactif permettant de comprendre les taux d'intérêts composés, l'actualisation, la valeur actuelle nette et le taux de rentabilité interne",10
11820,"Un test de compétence statistique : taux de variation, indice, coefficient multiplicateur",10
11821,Un schéma interactif pour comprendre les effets des gains de productivité,10
11822,Mots croisés - Les politiques de l'UE,10
11823,Mots croisés - Les inégalités,10
11824,Les effets des gains de productivité sur la croissance,10
11827,Cours inversé - Terminale - Comment s'articulent marché du travail et gestion de l'emploi ? - Le travail n'est pas une marchandise comme les autres,10
11828,Enquête de victimation,10
11829,TraAM 2019-2020 séquence 5e : Comment aider les consommateurs à choisir des produits alimentaires de meilleure qualité ?,13
11830,Comment enseigner la sociologie au lycée ?,10
11831,Mots croisés - Comment se forment les prix sur un marché ?,10
11832,TD sur le site de l'INSEE,10
11833,"Faire écrire les élèves à distance, sur le temps long en Histoire Géographie",5
11834,Banque de sujets d'oraux en S.E.S : Economie Approfondie,10
11836,Initiation à la recherche documentaire,10
11837,Quelle carte pour représenter l’IDH? Réfléchir aux effets de seuils avec un logiciel de cartographie numérique,13
11838,Utiliser un fil de discussion pour guider les élèves ,5
11839,Enseigner à distance le sujet d’étude Vivre à Alger au début du XXème siècle,5
11841,organiser sa réponse de façon cohérente,10
11842,les enquetes en sociologie,10
11843,UTILISATION DES LOGICIELS EN SES,10
11845,Les enjeux de la géolocalisation,13
11846,La filière ES avec Excel,10
11847,Compte rendu TRAAM Strasbourg,10
11848,Les enjeux de la géolocalisation,13
11849,Défi lecture en espagnol,6
11851,violences urbaines,10
11852,TD taille des entreprises par secteur en France 2005,10
11854,Les cartes heuristiques au service de l'étude de documents (EC2),10
11856,Protection sociale,10
11857,"Bora-Bora et Saint-Pierre-et-Miquelon, deux espaces insulaires représentatifs des problématiques des territoires ultramarins français",5
11858,"Le Botswana, un espace d'Afrique australe en profonde mutation",5
11859,Texte à trous sur les unités de production,10
11860,El Ejido en Andalousie : une agriculture hyper-productiviste littorale sous une mer de plastique,5
11862,Géohistoire de la (ou des) mondialisation,10
11863,"Mayotte, les défis du nouveau département français",5
11864,Baïkonour et Plessetsk : le basculement géopolitique des territoires spatiaux russes depuis 1991,5
11865,Miss Dior : stéréotypes de genre dans la publicité,10
11866,Modélisation et simulation au service de l'enseignement des sciences économiques et sociales.,10
11867,"Venise, entre valorisation touristique et protection du patrimoine",5
11868,QCM sur les unités de production,10
11869,"Retour d'expérience sur la mise en oeuvre des technologies de réalité virtuelle, augmentée et hybride.",13
11870,Dictionnaire progressif de S.E.S.,10
11871,Le marché,10
11875,Base de sujets pour CPGE,10
11879,Mots croisés - Les grandes questions que se posent les économistes,10
11880,Le B2i - En pratique,10
11881,Le B2i - Les principes,10
11882,Sujets de SES au Concours Général depuis 1987,10
11883,Un ensemble de sujets de SES en DNL Anglais et Allemand,10
11884,Une présentation des nouvelles épreuves du bac à partir de la session 2013,10
11886,Base de sujets de bac,10
11889,ENDEMISME.,11
11890,Aménager un territoire contraignant : Saint-Pierre-et-Miquelon,5
11891,Découvrir les petits-déjeuners internationaux à partir des ressources de la BRNE anglais cycle 4,6
11893,La pédagogie de projet dans nos enseignements : travail sur l'actualité,10
11894,"La province cubaine de Matanzas, un exemple de développement du tourisme mondial",5
11895,Problématiser sa lecture d'une autobiographie,4
11896,Exercice sur des publicités comparatives : compétitivité prix/hors-prix.,10
11897,"Mettre en œuvre un EPI Lettres, Education musicale, Arts plastiques",3
11898,L'oral du lecteur,3
11899,TraAM 2017: Aménagement d'un parc éolien à l'échelle locale,5
11901,Étude de cas d'un aménagement local : les quais de Rouen,5
11902,Comment la socialisation de l'enfant s'effectue-t-elle ?,10
11903,Etudier la notion de passage stratégique à travers les exemples du détroit de Gibraltar et du canal de Suez,5
11904,La formation des prix,10
11905,essai,12
11906,"Les Seychelles, un territoire face aux enjeux du tourisme",5
11907,CLONE-Pratiquer l'analyse chorale de la représentation théâtrale avec Moodle,3
11911,Qui produit et pourquoi ?,10
11917,Découvrir les traditions de Noël au Royaume-Uni ,6
11919,"Roissy Charles de Gaulle, une plateforme aéroportuaire européenne et mondiale de premier plan",5
11920,Thème 1 Ménages et consommation,10
11921,Les organisations productives,10
11922,Étudier l’interrogation en classe de première technologique,3
11923,50 sujets d'oraux Enseignement spécifique,10
11924,Travail et remédiation sur les savoir faire de seconde,10
11925,50 sujets d'oraux Sciences sociales et politiques,10
11926,50 sujets d'oraux Economie approfondie,10
11927,AP Maths SES Elasticités,10
11928,Maths SES - Pourcentage d'évolution - Taux d'intérêt,10
11929,Les nouveautés à l'Université de Franche-Comté,10
11930,Enseigner la phrase complexe à une classe hétérogène au collège,3
11932,Découvrir les traditions de Noël en Espagne et en Colombie ,6
11933,Netquiz Web - Quelles sont les sources de la croissance ?,10
11934,"Apprendre l'EC 2 en collaborant (scénario interclasse, interlycées) à l'aide de Framapad",10
11935,Enseigner la phrase complexe à une classe hétérogène au collège,3
11936,Netquiz Web - Interpréter l'évolution d'un taux de croissance,10
11937,20 sujets d'oraux Economie approfondie,10
11938,Cours inversé - Terminale - Méthodologie - Taux de croissance annuel moyen et taux de variation,10
11939,Donner de la cohérence à une progression à distance - Présentation de deux usages de l’outil PADLET,4
11940,Cours inversé - Terminale - Méthodologie - Interpréter l'évolution d'un taux de croissance,10
11941,Construire la « leçon » de grammaire sur les circonstancielles par l’exemplier et le numérique,3
11942,Grille d'évaluation pour la dissertation,10
11943,Impliquer les élèves dans la mémorisation du cours - La « classe prolongée »,3
11944,Impliquer les élèves dans la mémorisation du cours - La « classe prolongée »,3
11945,Le Carpe diem à l’heure du confinement,3
11946,En quoi la diversité juridique des entreprises reflète-t-elle la diversité économique de celles-ci ?,10
11949,"Comment faire lire, écrire et dire de la poésie en période de confinement ? Proposition d’activité pour des classes de collège et de lycée",3
11951,Utiliser un blog comme outil de la continuité pédagogique,3
11953,Découverte de la fête des morts au Mexique ,6
11956,"Journal de classe – Journal de confinement – Mobiliser, motiver les élèves de 2nde",3
11958,Enquête sur le verbe « sortir » - Mini-projet « Étude de la langue » pour les 6e/5e,3
11959,Le plafond de verre,10
11960,"Le diplôme, un passeport pour l'emploi ?",10
11961,Comment devenons-nous des acteurs sociaux ?,10
11962,Propositions subordonnées en que - Mini-projet « Étude de la langue » en 3ème,3
11963,Propositions subordonnées en que - Mini-projet « Étude de la langue » en 3ème,3
11966,Comment l'entreprise produit-elle ? Le point mort (ou seuil de rentabilité),10
11968,Comment répartir les revenus et la richesse ? Le partage de la valeur ajoutée,10
11969,Quelles politiques conjoncturelles ?,10
11970,Comment le budget de l'État permet-il d'agir sur l'économie ?,10
11972,Les savoir-faire en classe de Première,10
11973,Comment les réseaux sociaux fonctionnent-ils ?,10
11975,« avoir » et « être » - Mini-projet « Étude de la langue » fin de cycle 4 / 2nde - Des verbes vraiment auxiliaires ?,3
11976,Confinement et matière à roman - Mini-projet en 2nde,3
11977,La mesure de la délinquance,10
11978,Boîte à souvenirs - Mini-projet « Écriture » en 6e,3
11979,Quand l’homme n’est plus là - Mini-projet « Écriture » en 6e,3
11980,L’art du confinement - Mini-projet en 2nde,3
11981,Tableau d'accompagnement,10
11982,Evaluer par compétence en seconde,10
11983,Montrez que l'entreprise peut être un lieu où se confrontent des intérêts contradictoires.,10
11984,Fonction de production,10
11985,Autour du verbe - Mini-projet « étude de la langue » pour les 6e / 5e,3
11986,Trouvez une problématique,10
11987,Cours inversé - Terminale - La croissance économique est-elle compatible avec la préservation de l'environnement ? - Les limites écologiques auxquelles se heurte la croissance (1/3),10
11988,Un challenge inter lycée,14
11990,Limites écologiques de la croissance,10
11992,Exploiter des documents en ligne en LCA - Objet d’étude Méditerranée,4
11994,Culture créative - Pour une continuité pédagogique,4
11996,Exploiter des documents en ligne en LCA - Objet d’étude Méditerranée,4
11997,Création d'audioguides du Louvre en classe de 3e,3
12004,La désindustrialisation française et son impact sur l'emploi,14
12027,Un blog pour préparer une évaluation,14
12030,Aborder la Guerre froide à travers le footballeur allemand Jürgen Sparwasser.,5
12033,Origine de la vie,11
12039,Passage de l’opéra - Mini-projet en 3ème,3
12041,"Différenciation par les productions - New-York, la révolution, teaser - Habiter une métropole, La ville de demain",5
12051,Actualité comptable 2010 N°1,14
12061,"La connexion comptabilité / fiscalité, à la fois simple et complexe, est-elle pérenne ?",14
12067,Harcèlement et égalité filles-garçons (partie 1),6
12070,"Lire un article court de sciences humaines en LCA - Méditerranée, Mare Nostrum",4
12074,Développer l'autonomie informationnelle,3
12078,Les relations au sein de la phrase complexe,3
12079,TVA déductible 2008,14
12086,« Mémoires d’Hadrien » – Fixité et mouvement ,3
12087,My trip to Australia : évaluation formative avec tablettes avec Quizlet et Kahoot,6
12097,Les relations au sein de la phrase complexe,3
12099,Cas Deux pieds deux roues,14
12101,Etude de la croissance urbaine de l'agglomération toulonnaise,5
12111,Démarche pour faire écrire les élèves à distance en Lycée,5
12116,Se rapprocher grâce au sport,6
12117,CLONE-La chimie en STL,9
12118,Cegid Business Suite version 2007 comptabilité : paramétrage d'un état de synthèse,14
12122,L'escargot Achatina -Achatina fulica.,11
12124,Bienvenue dans notre école,6
12128,Fractions et décimaux au Cycle 3,7
12129,Une vidéo pour expliciter une consigne en 6e,5
12131,Comprendre l'aéroport de Roissy CDG,5
12141,Schéma à légender : le coeur (coupe),12
12148,Mémoriser le vocabulaire allemand grâce aux imagiers sonores ,6
12150,Test I.M.E.,12
12151,"Sens de variation, minimum, maximum",7
12155,"Découverte de l'artisanat mexicain à travers ""los alebrijes"" ",6
12156,Comptabilité des sociétés : actualisation,14
12158,QCM sur le genre Campylobacter,12
12159,PFEG - Formation Académique 2011,14
12163,Quel avenir pour l'État-Providence ?,14
12165,La traduction des protéines,12
12166,"Ressources pour le Baccalauréat professionnel ""Accueil relations clients et usagers"" (ARCU)",14
12167,Le peptidoglycane : schéma à légender,12
12168,Spirale d'Or,7
12174,Le tube digestif : schémas à légender,12
12176,PYRAMIDES : Activités commentées pour les classes de 4ième et 3ième,7
12177,Représentation affine dynamique,7
12178,Frottis sanguin normal coloré au MGG,12
12181,Formule leucocytaire virtuelle v 1,12
12182,Vecteurs et Cyclone,7
12183,Inversion dans le plan complexe avec Geogebra,7
12184,Recherche de la médiane,7
12185,Réseaux sociaux et coopération dans l'univers professionnel,14
12186,"Les aires urbaines, une nouvelle Géographie de la France : L'exemple d'Amiens",5
12187,La dictée à l'envers,3
12188,Civils et militaires dans la Première Guerre mondiale,5
12189,Un espace de faible densité et ses atouts : la Massif central du Cantal : diversité rurale d'un espace de moyenne montagne,5
12190,"Le compte est bon, même s'il est aléatoire",7
12192,Espaces et paysages de l'urbanisation : géographie des centres et des périphéries.,5
12194,A quoi sert une banque ?,14
12197,Prévenir les risques et s’adapter au changement global. Une approche géographique à partir de la série Treme,5
12199,CLONE-Gabarit fiche cycle 4 LV,6
12200,Logiciel Interwrite workspace TNI TBI,14
12201,Voyage immobile en seconde : le Pré carré français,5
12203,La mondialisation des goûts alimentaires,5
12204,Être ouvrier en France (1830 - 1970),5
12205,Utiliser une image satellite comme accroche : l'exemple de Saint-Malo,5
12207,Des villes inégalement connectées aux réseaux de la mondialisation.,5
12209,Problème de Leo Moser,7
12211,Accompagnement Personnalisé - La révolution du Néolithique,5
12215,L'Europe et la Révolution Industrielle,5
12216,Questions actuelles en droit des sociétés,14
12217,Le changement global et ses principaux effets géographiques régionaux à partir de l'exemple de la baie de Somme,5
12218,Le monde au temps de Charles Quint et Soliman le Magnifique,5
12219,Rome du mythe à l'histoire,5
12220,Migrants et migrations en Méditerranée,5
12227,Sciences de gestion : cas Futuroscope,14
12228,Présentation en allemand du label E3D d'un établissement en exploitant les ressources de la BRNE (Maskott / Tactileo) 3ème LV2,6
12231,La République et le fait religieux depuis 1880,5
12232,Information et intelligence collective -contextes Lycée & Burovert SA,14
12236,jeux sérieux - RECRUTEMENT ET PROMOTION DE L'EGALITE DES CHANCES,14
12237,Résolution graphique d'un système d'équations (3DP),7
12241,Image d'un segment,7
12247,Boîte à outils mBot,7
12248,EPI Maths Physiques,7
12252,Argent de poche,7
12256,Communauté Urbaine de Strasbourg,7
12258,Triplets pythagoriciens,7
12259,MA=MB,7
12263,Population des régions françaises,7
12264,Animation sous Géospace pour visualiser le volume d'une pyramide,7
12268,Utilisation du microscope optique,11
12269,Montecarlo,7
12271,accompagnement personnalisé en STMG Favoriser la maîtrise par l'élève de son parcours de formation et d'orientation,14
12274,Management des organisations et TIC en STMG,14
12277,Point intérieur à un triangle,7
12278,"Algorithmique, découvrir les structures",7
12286,Vocabulaire des probabilités,7
12287,Construction d'un octogone,7
12291,Milieux et cordes,7
12300,Mixage audio,7
12302,Ordre alphabétique/Ordre numérique,7
12303,Construction de la représentation graphique de la fonction exponentielle en Terminale L,7
12304,Les onze patrons du cube,7
12305,La propriété de Thalès,7
12307,Le cercle circonscrit,7
12308,Un exemple de fonction discontinue.,7
12311,Nombres complexes et somme des angles.,7
12321,Le diabete immuni dépendant à la Réunon,11
12336,Pronunciation contest : The Chaos,6
12340,Quel est le rôle du contrat ?,14
12341,STMG- SdG - Evaluation et performance - Cas Textile,14
12345,99 cartes augmentées des verbes irréguliers anglais,6
12346,STMG- SdG - Evaluation et performance - Cas Ferrero,14
12347,Lire et comprendre un article sur l'Australie à partir des ressources de la BRNE en 6e,6
12348,Lire et comprendre un article d'actualité sur l'école aux Etat-Unis à partir de la BRNE pour des 6e,6
12349,Ressources pour le BTS (brevet de technicien supérieur) Assistant de Manager,14
12350,"PGI, modes opératoires",14
12351,Découvrir les traditions d'Halloween aux USA et au CANADA à partir des ressources de la BRNE anglais cycle 4en 6e et 5e,6
12352,Livret de compétences en BTS - économie et droit,14
12353,DSCG UE7 - Relations professionnelles - Fiches de synthèse,14
12355,Exploitation pédagogique d'un PGI (Progiciel de gestion intégré),14
12356,Progression pédagogique pour l'apprentissage de la POO (programmation orientée objet) en première année.,14
12357,Étudier l’actualité en cours d’anglais en 3e à partir des ressources de la BRNE,6
12358,BTS CGO : APS Jardivert,14
12359,Activités Professionnelles de Synthèse en BTS CGO (Brevet de technicien supérieur Comptabilité et Gestion des Organisations),14
12360,Créer un roman-photo avec le numérique,6
12361,Les cartes heuristiques,14
12362,Séquence pédagogique sur la recherche d'informations en Première STG (Sciences et Technologies de la Gestion),14
12363,Simuland - STMG - SdG - Organisation performante,14
12364,Superposer trois images en jouant sur leur transparence,11
12366,"Chercher pour réaliser une carte heuristique, support des exposés de SVT 3ème",11
12387,BTS CGO : APS ECOTREEE,14
12393,plongeon 15,2
12394,plongeon 16,2
12406,"Sciences de Gestion (Information et intelligence collective) - Cas ""ASSE"" : club de football professionnel",14
12410,"DSCG, UE 3 Management et Contrôle de Gestion, Etude de cas ALIX-LOUVIAL, entraînement et révision",14
12411,Machine à sou,7
12415,A quoi sert une banque ?,14
12418,Coefficient directeur d'une droite,7
12419,graphtxt,11
12421,Ping-pong,7
12423,Trinôme du second degré,7
12424,"La démarche de projet, éducation à l'environnement et au développement durable",11
12425,Cappar : CAPteurs reliés à la prise PARallèle,11
12426,LE PARC NATUREL REGIONAL DU QUEYRAS,11
12428,Un exemple d'approche des thèmes au choix en Seconde,11
12429,Racine de Pois et sensibilité à la gravité,11
12430,Les rencontres pédagogiques du Nord ; l'éducation à l'environnement vers un développement durable,11
12431,les fossiles sont des témoins des paysages anciens.,11
12432,"Capman, la mesure à portée de tous en physique, chimie, svt",11
12433,Influence de l'environnement sur la croissance d'un végétal,11
12434,Evolution des groupes d'êtres vivants au cours du temps.,11
12435,Les images de la fécondation.,11
12436,"De l'éducation à l'environnement pour un développement durable à l'éducation au développement durable, pour une éducation libéra",11
12437,"Education à l'environnement pour un développement durable, informer, former ou éduquer ?",11
12438,"Le projet d'établissement, un cadre structurant pour une éducation en vue d'un développement durable",11
12439,Le développement durable par l'exemple : la camargue.,11
12441,PARC NATUREL REGIONAL DU VERDON,11
12442,Design et développement durable,11
12443,Education à l'environnement pour un développement durable et éco-responsabilité,11
12444,Utilisation d'une clef USB par les élèves en SVT.,11
12445,INKSCAPE un logiciel de dessin vectoriel pour les SVT.,11
12446,Du carbone minéral aux composants du vivant : Cycle du carbone.,11
12447,Comparer le plan d'organisation des Vertébrés,11
12448,Classification des objets du système solaire,11
12449,Structure de la molécule d'ADN,11
12450,Les Sciences de la Vie et de la Terre au lycée - Seconde (nouveau programme 2010) Carte Mentale.,11
12451,"Vision ""personnelle"" des programmes",11
12452,Utiliser VTT au collège,9
12453,Sida et système immunitaire,11
12454,Les causes de la stérilité,11
12455,La pétrologie du manteau terrestre,11
12456,Ecrire pour comprendre et pour apprendre en Sciences de la Vie et de la Terre.,11
12458,"L'enseignement des Sciences de la Vie et de la Terre, un enseignement des systèmes dynamiques complexes.",11
12459,L'origine des phénotypes alternatifs 1.,11
12460,Du développement durable à l'éducation au développement durable.,11
12461,Evolution des organismes vivants et histoire de la terre. Evolution Niveau 3ème,11
12462,L'éloge de la diversité biologique,11
12463,L'évaluation vue à travers le programme international pour le suivi des acquis des élèves PISA,11
12465,EXPERIENCE - EXPERIMENTATION,11
12466,LA LIAISON ECOLE - COLLEGE : Quelle continuité dans les apprentissages pour la compétence 3 du socle commun de connaissances et,11
12467,Le pendule de Foucault,9
12468,La liasion Ecole-Collège : Entre continuité et rupture,11
12469,A l'école des compétences.,11
12470,"La relation santé - environnement, un enjeu de société majeur.",11
12471,Fiche technique d'utilisation du logiciel RASTOP,11
12472,A la découverte de l'archéen.,11
12473,Les êtres vivants sont des producteurs de matière organique.,11
12474,Génétiques,11
12475,Réflexion sur le programme de Troisième.,11
12476,Sortie de géologie dans le bassin de Gardanne et le plateaux du Regagnas,11
12477,programmes de sixième année 2005,11
12478,Quatre scènes (60 km x 60 km) Spot couvrant la presque totalité de l'Académie sont à disposition,11
12479,Découverte de la planète Terre par l'image satellitale,11
12480,Le double hasard de la reproduction sexuée.,11
12481,Analyse d'antibiogramme.,11
12482,"Rencontes internationales du droit de la biomédecine et de la bioéthique, septembre 2003",11
12483,"Biblim32, logiciel de gestion d'images numériques 32 bits.",11
12484,Tout sur le microscope photonique,11
12485,Personnaliser Anagène 1.8,11
12486,"L'ALTERATION DES ROCHES, UN PUITS DE CO2 ATMOSPHERIQUE",11
12487,Les vertébrés ont les mêmes axes de polarité - activité 2 sur 2,11
12488,La classe hors du lycée.,11
12489,Comprendre la circulation atmosphérique,11
12490,SIG Lab,11
12491,les fermes pédagogiques,11
12492,Un exemple d&#039;activité volcanique,11
12493,L'oxygénation du milieu par les végétaux chlorophylliens.,11
12494,Contrôle du cycle de l'utérus par l'ovaire,11
12496,Energie renouvelable,11
12497,Anthropométrie,11
12498,Les matières intelligentes,9
12499,Les fossiles de Normandie,11
12500,Banque d'exercices intéractifs : solubilité et concentration,9
12501,La sécurité au laboratoire,9
12502,La Processionnaire du pin arrive en Île de France par l'autoroute.,11
12503,Modélisation de l'isostasie,11
12504,"exercice ""taille des iguanes marins""",11
12505,Observation de la terre depuis l'espace Objectif démarche Fiche professeur Seconde,11
12506,Fiche analyse StarOffice 6.0,11
12507,Débuter un élevage de fourmis,11
12508,Joli mois de mai,11
12509,L'Hiver par Francis Cormon,11
12510,Photos d'Equateur.,11
12511,La Zygène de la filipendule,11
12512,Télécommande multimédia.,11
12513,[Activités de géologie en forêt de Fontainebleau] activité 3. L'étude indirecte des roches de la forêt grâce aux végétaux et aux,11
12514,Dix divers clichés d'hiver... (Service web S.V.T. de l'Académie de Créteil),11
12515,DNA ascent,11
12516,Papillons de l'Observatoire des Jardins.,11
12517,Présentation des Outils de référence pour le lycée.,11
12518,Créer des graduations supplémentaires sur un axe d'un graphique situé sur une image,11
12519,De quoi sont faits les végétaux chlorophylliens et les champignons ? - Fiche professeur,11
12520,De quoi sont faits les végétaux chlorophylliens et les champignons ? - Fiche élève,11
12521,Représenter le système solaire avec une échelle avec un traitement de texte,11
12522,Le « Mesurim » nouveau est arrivé !,11
12523,La mitose ose le TNI.,11
12524,Hiver et « vieux » légumes !,11
12525,Les techniques CLIL]Découvrir les mutations.,11
12526,Les techniques CLIL]Comprendre la notion de cycle cellulaire.,11
12527,[Travailler et faire travailler sur les images avec une suite bureautique]Utiliser un logiciel de dessin pour representer les él,11
12528,Observer l'épinoche.,11
12529,Un petit air de vacances,11
12530,"L'Anodonte, bivalve discret.",11
12531,Une créature venue d'ailleurs !,11
12532,Récif corallien de Lifou (Iles Loyauté).,11
12533,« Îles de cendres et de corail ... »,11
12534,Des formulaires en ligne avec Google Docs,11
12535,Le calcaire d'Ivry : une ressource locale... épuisée,11
12536,Les Olympiades académiques de Géosciences.,11
12537,[Fresque des temps géologiques] « A la recherche des temps perdus » : Une fresque interactive,11
12538,Des lémuriens en Seine-et-Marne ?,11
12539,quatuor3,2
12540,Le best of du BIG (6e),11
12541,Aide à la mémorisation en accompagnement personnalisé,11
12542,Nourrir l'humanité : une démarche scientifique locale,11
12543,[Fresque des temps géologiques] Biodiversité : Activité en Seconde.,11
12544,[Fresque des temps géologiques] Activité en 3e : le découpage des temps géologiques,11
12545,[Nourrir l'humanité] 4 - La révolution souterraine,11
12546,Catalogue d'applications mobiles dédiées aux SVT,11
12547,[Utilisation des fresques] 4569 millions d'années en 15 minutes !,11
12548,"[Utilisation des fresques] 4569 millions d'années pour 2,40 mètres !",11
12549,Commun le Noisetier ?,11
12550,[MPS et Histoire de Pommes] Du jus de pommes au cidre,11
12551,Un compte-rendu de sortie en roman photo,11
12552,L'Univers Michnik,11
12553,La recherche de gisements d'hydrocarbures en 1S,11
12554,Quand Sordaria croise le TNI,11
12555,Un Mammouth en Seine-et-Marne !,11
12556,[Les ressources du collège et du lycée] Le best of du BIG (4e),11
12557,Le Best of du BIG : le site BIG,11
12558,[Titillothèque] Présentation de la Titillothèque,11
12559,Dès que le printemps revient !,11
12560,"Décorations de Noël, décorations naturelles ?",11
12562,Pour un débat rationnel : les OGM en Afrique et en Asie,11
12563,Libellules et Demoiselles...,11
12564,BIG Mag' Best Of,11
12566,"Produisez, récoltez, vendez... avec Cap Odyssey !",11
12567,Sur les traces de SPIP !,11
12568,Le brâme du cerf,11
12569,[Nourrir l'humanité] Une nouvelle culture,11
12570,Des wallabies sauvages à Sauvage !,11
12571,Géologie au collège : paysages et activité interne du globe,11
12572,Dans l'½il de la mante...,11
12573,[Les ressources du collège et du lycée] MaMédiathèque,11
12574,[Titillothèque] Introduire sans danger ... la biodiversité,11
12575,"[Nourrir l'humanité] Le vrai, le faux, les inconnus... tout sur les céréales OGM !",11
12576,Un Shazam pour images ?,11
12577,[Réalité augmentée] Une spéciale réalité augmentée.,11
12578,Un élevage de Locusta migratoria,11
12579,La classification scientifique en 6e avec l'Ordival,11
12580,[Réalité augmentée] La réalité augmentée : quand le virtuel flirte avec le réel,11
12581,Un phénotype inhabituel chez un papillon,11
12582,Réaliser un travail collaboratif en 6e grâce à Framapad,11
12583,Faucons sur Paris !,11
12584,La folie des Fossiles !,11
12585,"SVT/Philo, séquence sur le thème de l'évolution des espèces (Service web S.V.T. de l'Académie de Créteil)",11
12586,Bilan des TraAM 2013-2014 : Environnement numérique et mobilité,11
12587,Indice Biotique (IB).,11
12588,La vie dans nos cours d'eau.,11
12589,Muséum d'Histoires Naturelles - Informations pratiques.,11
12590,Le Muséum d'Histoires Naturelles - Des services.,11
12591,Carte du site.,11
12592,Muséum d'Histoire Naturelles - Le bâtiment et les collections.,11
12593,Carte Geologique du massif de la Fournaise.,11
12594,ODONATES.,11
12595,Route du volcan - Bibliographie.,11
12596,Le Muséum d'Histoire Naturelle - L'accueil des enseignants,11
12597,Classes au Volcan. Réunion,11
12599,Les polygones réguliers,7
12602,Serveurs illustrant le magmatisme.,11
12604,Entraîner à la compréhension de l'écrit d'un article sur l'auteur Roald Dalh à partir des ressources de la BRNE cycle 4,6
12605,Cartes flash - Culture de masse et diversité des pratiques culturelles.,10
12613,Dossier actualisé complet sur les ressources pédagogiques nationales,14
12616,"Les 4 niveaux de structure des proteines, images interactives",11
12617,"Enseigner les sciences de gestion en première : ""Une association, une organisation publique, une entreprise peuvent-elles être g",14
12618,La fascisme sur grand écran,5
12619,Concurrence imparfaite et régulation,14
12634,Écrire une anthologie poétique,3
12636,TraAM : S'approprier un espace architectural avec Le Corbusier,5
12640,Un exemple d'aménagement portuaire : le Havre 2000. Aménagement du littoral et développement durable.,5
12641,"Les traces de la 2nde Guerre mondiale à Chartres, RVH 2013",5
12643,Utiliser un jeu d'entreprise dans son enseignement : mise en oeuvre du jeu Business Game,14
12644,Faciliter la lecture d’un texte grâce aux nouvelles technologies : Micromégas,3
12645,"Ready, Set, Action ! ",6
12646,Lire et interpréter collectivement Guirlande terrestre de René Char grâce aux outils numériques,3
12648,Découverte d'OpenERP,14
12649,"Séance ""Save the princess""",6
12652,Étudier les risques majeurs à partir de l'exemple de Paris en 1910,5
12654,Utiliser un tbi pour dynamiser des séquences pédagogiques.,14
12657,Les Firmes Transnationales dominent-elles notre alimentation ?,5
12664,Se déplacer à Chartres,5
12665,Enseigner l'idée d'Europe,5
12667,Analyser une affiche de propagande Vichyste,5
12668,Simulation Java sur les ondes stationnaires,9
12673,L'Iliade et l'Odyssée d'Homère à partir d'un site web,5
12674,Élaborer un jeu coopératif ,5
12677,Expériences à 3 issues & loi trinomiale « Le jeu de la roue »,7
12681,Partage d'un segment.  Une approche mathématique du nombre d'or,7
12682,Simulation Java sur la fission.,9
12685,Alignement de 3 points dans une pyramide,7
12686,Logique-Arithmétique  : Des tableaux pour conjecturer,7
12690,Simulation Java sur les différentes désintégrations radioactives.,9
12696,Etudier la composée de 2 symétries centrales,7
12701,Ressources accompagnement personnalisé,14
12702,Système linéaire de deux équations / Calculs dans un repère,7
12705,Développements,7
12706,Classe inversée : mesurer un angle avec le rapporteur,7
12708,Cercles avec Geogebra,7
12712,Tableur et statistiques en 3e (2),7
12713,Le hasard du hasard,7
12714,Calcul de périmètres avec Scratch,7
12716,Rotations et Scratch,7
12718,Années bissextiles,7
12738,Formule trigonométriques en classe de 3ème,7
12739,PGCD - Algorithmes,7
12742,Sécurité routière,7
12745,Théorie du cadran solaire,9
12749,Fonction affine liée à un rectangle,7
12750,Suites : Le meilleur salaire,7
12752,Algorithmique : une aire variable,7
12753,Les clochettes de Galilée,7
12754,Bouge ou bouge pas ?,7
12756,Réalisation de graphiques avec OpenOffice.org 2.3,7
12758,Editer un fichier de molécule avec RasTop.,11
12759,L'immigration et la société française au XXème siècle,5
12762,ADN polymérase et ARN polymérase,11
12766,RELATIVITE du MOUVEMENT,9
12767,Enroulement d'une droite autour d'un cercle,7
12769,Datation absolue des granites du Limousin.,11
12770,Etude de logiciels,11
12771,Utilisation du serveur Consurf.,11
12772,Lithothèque du Limousin.,11
12773,Année internationale de la Terre - 2008.,11
12774,Une tâche complexe mais pas difficile en classe de cinquième en géologie,11
12775,Parcours d'apprentissage en Management,14
12778,Repérer et comprendre l’organisation de la cité d’Athènes,5
12779,La puissance des images génocidaires du XXème siècle : l'exemple du génocide des Tutsi du Rwanda,5
12780,Les Français et la République,5
12781,Évaluer les connaissances en management et sciences de gestion en première STMG avec le numérique,14
12782,"Clemenceau, du républicain de combat au Père la Victoire",5
12783,Usages de MOODLE - Plateforme d'apprentissage en ligne,14
12784,Découvrir le principe de l'argumentation,14
12785,La molécule d'ADN par Molusc,11
12786,Ecosystème d'une mare,11
12787,Images immunologie,11
12788,TraAM 2018-2019 : Escape game 100% numérique,12
12792,Marketing durable et écoconception,14
12793,Programme de sixième rénové,11
12794,Evolution des paysages,11
12795,Pratiques pédagogiques en première L et ES,11
12796,Continuité des programmes,11
12797,Programme de la classe de seconde,11
12798,Documents d'accompagnement 3ème,11
12799,page 1,11
12800,Utilisation du Logiciel LIS SIDA,11
12801,Le suivi des tortues Luth,11
12802,Sujets d'agrégation et de CAPES,11
12803,Utilisation de Molusc,11
12804,Le réseau des rivières de Lorraine,11
12806,Le logiciel Xénope,11
12807,"Interface de mise en oeuvre du B2i en SVT, au collège",11
12809,Programme des conférences dans l'académie de Nice.,11
12810,Productions de l'acédémie de Nice classées par niveau,11
12812,Comparaison ADN/ARN.,11
12815,"Page d'accueil du site ""sismo à l'école""",11
12816,Brassage interchromosomique et formation des gamètes (collège),11
12817,Le végétal mystérieux,11
12819,Proposition d'une sortie géologique à Paris,11
12821,L'acrochage actine myosine.,11
12823,"2010, année de la biodiversité",11
12830,Evaluer avec le numérique: Leçon de Moodle,10
12831,La conférence de Berlin et le partage de l’Afrique,5
12847,Le capteur de température LM35C,9
12849,La palynothèque de l'académie de la Réunion,11
12883,Création d'une pastille autour d'une divinité en 4e,4
12893,Concours Le Mot d'Or : dispositif et proposition pédagogique,14
12896,Le problème du CALENDRIER,9
12900,Les MOOC en économie - gestion / Etat des lieux,14
12911,Accueil d'un professionnel,14
12913,Suite récurente 1,7
12921,TP sigma,7
12922,Suite récurente 2,7
12923,Suite récurente 3,7
12924,Suite récurente 4,7
12925,Triangle déformable,7
12926,Exemples d'algorithmes : instructions conditionnelles,7
12929,Du paraboloïde hyperbolique au cône,7
12932,DD et ménager l'atmosphère,5
12934,"Des sociétés inégalement développées - Thème 2 ""Des inégalités devant l'alphabétisation et le développement durable""",5
12935,La Grâce-de-Dieu : l'aménagement d'un quartier de proximité.,5
12936,Le document de collecte et sa valorisation,9
12939,CLONE-Gabarit 1ST2S AC-AMIENS,7
12940,Intégration avec la méthode d'Euler ( chute libre ),9
12941,Banc d'optique,9
12942,Simulation du mouvement des satellites galiléen de Jupiter,9
12944,Documents d'accompagnements du programme de 1ère S,9
12945,Projet en terminale génie électronique,9
12946,Le capteur de pression 26PC,9
12948,STMG : économie-droit : QCM consacré au marché du travail,14
12949,quatuor4,2
12953,CNRD : Construire une séquence en lien avec le concours,5
12956,TraAM : Terminaux mobiles pour un univers pédagogique virtuel : l'élève didacticien,14
12957,La France dans la mondialisation,5
12958,Trois fichiers sont proposés pour traiter du chapitre sur « la France en villes ».,5
12960,"Cas AMIVI : Gestion de fournisseurs, de clients, de la chaîne documentaire avec Open ERP",14
12961,La société française de 1945 à nos jours : exercices et devoir.,5
12965,L'organisation de l'espace économique de l'UE (croquis),5
12978,TraAM 2018-2019 : Enter game : intégration en 1° STL,11
12982,Les plus hautes tours du monde,5
12984,1871 : Louise Michel pendant la Commune de Paris,5
12985,"Singapour, un exemple de port mondial",5
12987,Rendre compte d’une sortie pédagogique sur un site mémoriel,3
12988,"EMC, organiser un débat citoyen",1
12989,Internet responsable,1
12991,"Dire et écrire à partir du jeu sérieux ""construis ta cité romaine""",5
12992,BTS CGO - Tournoi de gestion académique,14
12993,Comment se déroule le processus de décolonisation de l'Inde ?,5
12994,"Les espaces productifs, travailler avec le site INA Rhône-Alpes.",5
12995,Le génocide des Arméniens ou la violence faite aux civils,5
12997,"La Marseillaise détournée par ""les oeuvres de l'Esprit""",1
12998,Tâche complexe (TÂCO) : les espaces exposés aux risques majeurs. Les exemples des îles de Saint-Martin et de la Dominique exposées aux cyclones Irma et Maria.,5
12999,Document : l'Acropole d'Athènes,5
13000,"Le riz et l'Asie, quelles relations ?",5
13001,Un jeu de plateau pour les mathématiques,7
13002,"Le développement de l'Afrique : ""afro-pessimisme"" et ""afro-optimisme""",5
13003,La rémunération des salariés,14
13004,Les débuts du judaïsme,5
13005,Calendrier interactif du monde anglophone,6
13006,Cours déconomie générale IUFM 1ère année,14
13007,Etudier l'évolution de la phalène du bouleau avec Edu'Modele,11
13011,"Etude de cas : la reine des neiges, un produit mondialisé",5
13012,Utiliser un globe virtuel pour étudier un conflit d'usage entre différents acteurs : quel tracé pour contourner Cambrai,5
13013,Cartographier l'identité d'un territoire : une démarche de visualisation de l'information (EPI/Parcours avenir). Les enjeux économiques du territoire du collège,11
13014,Le skieur,7
13015,"Manager les compétences : approches, enjeux et développements",14
13016,DCG : Veille informationnelle avec la construction d'un Netvibes,14
13017,"Le Grand Port Maritime de La Rochelle, un territoire de proximité aménagé dans la mondialisation -",5
13018,Le droit de vote,1
13021,Harcèlement et égalité filles-garçons (partie 2),6
13022,Les réseaux sociaux (Soziale Networks),6
13023,"L'entreprise Godin, symbole de son temps",5
13024,Frises chronologiques en Première,5
13025,Fond de frise sur le programme de 1ère,5
13027,Utiliser un PGI (Progiciel de gestion intégré) en économie Gestion - contexte Godin-Formation niveau 1,14
13030,PGI (Progiciel de gestion intégré) : formation Gestion des Ressources Humaines (GRH) et Paie·Formation niveau 2,14
13031,PGI (Progiciel de gestion intégré) : Gestion des autorisations et droits sur le système d'information·Formation Niveau 2,14
13032,Cinétique chimique,9
13033,Domaine de fonctionnement d'un dipôle ohmique,9
13034,Visualisation des graduations du cadran solaire,9
13035,Déviation d'un prisme,9
13036,Réalisation d'un GTBF,9
13037,Activités documentaires et Internet en physique et chimie,9
13038,"Fichiers divers (vidéo, AVI...) sur le programme de TS",9
13039,Les paramètres du RLC en régime libre amorti,9
13040,TP sur les groupes caractéristiques en première S,9
13041,Nomenclature en organique,9
13043,Mettre en place une base de donnée partagée avec le PGI (Progiciel de gestion intégré) Cegid,14
13044,El tabaco (espagnol),6
13045,Entrainer les élèves à la lecture du texte long,6
13046,Earthquakes: Exemple d'utilisation de la baladodifusion,6
13047,"Bodas de ayer, bodas de hoy",6
13048,Lecture d'un texte long,6
13049,"""Lo absurdo de la guerra""",6
13050,"séquence pédagogique en espagnol  Chile, 1973 : resistirse a la dictadura de Pinochet",6
13051,"Imaginer sa vie future (Profession, vie de famille, expression des goûts)",6
13052,Apprentissage du SQL (Structured Query Language) à l'aide du Moniteur SQL du PGI (Progiciel de gestion intégré) Cegid (cas Godin,14
13053,Solidaridad y compromiso,6
13054,Baladodiffusion - Une expérimentation en collège,6
13055,Baladodiffusion - Podcl@ss : vidéo sur l'expérimentation du lycée A. Paré (Laval),6
13056,"Mi familia, mis amigos y yo.",6
13057,¿Recuerdas?,6
13058,Barcelona insólita,6
13059,Viajar : una experiencia personal.,6
13060,Hispanos en Estados Unidos,6
13062,Karaoké en classe de langue,6
13063,Générateur de dialogues de dessins animés,6
13064,Balado-diffusion: bilan de 3 années d'expérimentation,6
13065,La résistance : forcément violente ?,6
13066,séquence pédagogique en espagnol:Poderoso caballero es don Dinero,6
13067,DÉBAT CITOYEN EN ESPAGNOL SÉQUENCE PÉDAGOGIQUE,6
13068,Le néo-consommateur : une espèce en voie d'apparition ou le consommateur 2.0,14
13069,SÉQUENCE PÉDAGOGIQUE EN ESPAGNOL : niños de la calle,6
13070,Comptes rendus des expérimentations baladodiffusion 2009-2010 - Académie de Nantes,6
13071,La place du récit dans l'apprentissage des langues,6
13072,Fichiers audio sur le thème de la nourriture (Essen und Trinken),6
13073,Comment l'image favorise-t-elle la compréhension de l'oral ?,6
13074,« Modéliser l'activité d'une agence de communication et de publicité »,14
13075,Comment valider le B2i collège en cours de langues vivantes ?,6
13076,Glossaires bilingues  gratuits de l'OFAJ,6
13077,séquence pédagogique en espagnol : Sesión de cine,6
13078,"séquence pédagogique en espagnol  : Yo, de mayor.",6
13079,séquence pédagogique en espagnol Corrida ¿ Sí o no ?,6
13080,Creér une audio Dropbox pour enregistrer les productions orales,6
13081,Dossier baladodiffusion et compréhension de l'oral,6
13082,Guide pratique : comment mettre en place la baladodiffusion dans son établissement,6
13083,Guide pratique : comment créer un questionnaire interactif?,6
13084,Laure veut démissionner,14
13085,Compte-rendu d'expérimentation des MP3 en cours de langues vivantes,6
13086,Nouvelles épreuves du baccalauréat 2013,6
13087,Utiliser les MP3 dans le cadre  d'un cours de langues vivantes,6
13088,S'appuyer sur un support non rédigé pour prendre la parole en continu. Fiche004,6
13089,Le recrutement d'un vendeur,14
13090,Newsletter du lycée Louise Weiss,6
13091,La compréhension de l'oral aux épreuves du baccalauréat,6
13092,Viticultura y enoturismo,6
13093,Epreuve d'expression orale du baccalauréat (2013),6
13094,Tentez l'expérience d'un stage linguistique proposé par le CIEP !,6
13095,La Tierra tiene fiebre,6
13096,Oda a... - Imiter un poème de Pablo Neruda,6
13097,Exemples de démarches détaillées avec simulations d'épreuves orales - Cycle Terminal,6
13098,Créer un diaporama - animations,6
13099,Exemples de démarches détaillées avec simulations d'épreuves orales - Cycle Terminal,6
13100,Exemples de démarches détaillées avec simulations d'épreuves orales ( LVA) - Cycle Terminal,6
13101,Exemples de démarches détaillées avec simulations d'épreuves orales - Cycle Terminal,6
13102,Exemples de démarches détaillées avec simulations d'épreuves orales - Cycle Terminal,6
13103,Exemples de pistes de mise en oeuvre - Classe de Seconde,6
13104,Exemples de pistes de mise en oeuvre - Classe de Seconde,6
13105,Idées d'activités culturelles avec le forum d'un ENT,6
13106,Créer un diaporama - interactions,6
13108,Exemples de pistes de mise en oeuvre - Classe de Seconde,6
13109,Le duplicateur BARTHE et les baladeurs SONY,6
13110,"Entrevista realizada a Almudena Grandes sobre ""El lector de Julio Verne""",6
13111,Murs virtuels avec Padlet,6
13112,Erlkönig,6
13117,les différentes missions de l'ONU,1
13124,"l'âge industriel et sa civilisation, révolution industrielle : les forges de Trignac",5
13132,le droit à l'éducation,1
13133,Le circuit,7
13138,Collision de disques,7
13182,CLONE-Atouts et dynamiques du Haut Jura ,5
13183,Un champ de tangentes,7
13184,Mesurer des grandeurs en acoustique avec un appareil nomade,9
13191,Simulation Java sur la cinétique chimique,9
13205,"Travail sur le thème de la pudeur, des sentiments",6
13220,Pédagogie inversée en SES.,10
13223,La mobilité des jeunes,6
13230,Mise en application des stratégies d'entreprise avec un escape game,14
13234,"Mayotte et les Comores, un développement inégal et déséquilibré à l'échelle régionale.",5
13236,Le menuisier,7
13237,Débuter en algorithlmique avec des élèves de 2de,7
13239,Mejico buses mujeres,6
13240,Comment écrire une scène de scénario de film ?,6
13241,Ajustement,7
13245,Comment impliquer les élèves dans une tâche d'écriture ?,6
13248,L'affaire Dreyfus,5
13252,La naissance d'Israël et les origines du problème palestinien,5
13253,La seconde guerre mondiale en cartes,5
13258,Etudes de cas sur le littoral : des exemples autour de La Rochelle,5
13260,Etude urbaine : le cas de Niort,5
13261,La région Poitou Charentes dans la France et l'Europe,5
13262,Les paysages ruraux en Poitou Charentes,5
13264,L'affaire Dreyfus,5
13265,Photographies du début du vingtième siècle mises à disposition par les archives de la ville de Strasbourg,6
13281,Climate Change (séquence fin cycle 4)_PADLET_Traam 2016,6
13283,Les voyelles,7
13284,Surbooking version 2.,7
13286,Aire minimale d'un polygone dans un rectangle,7
13287,"Le Baroque - TDC, langues en pratique",6
13288,Le livreur.,7
13289,"Le cube et la fourmi, fable contemporaine.",7
13290,Le plus grand maximum,7
13291,Des boules dans un cylindre.,7
13293,Sous mon toit.,7
13295,Le voyage au ski,7
13296,La veste du clown.,7
13297,Mère-grand.,7
13298,établir un devis,7
13299,Pratiques théâtrales en cours d'allemand : une simulation globale autour d'une ville,6
13306,Entraîner les élèves à bien prononcer les verbes irréguliers en anglais grâce à l'ENT,6
13307,De l'art de bien se poser,7
13311,Des témoignages d'anciens élèves,10
13313,Corpus d'activités sur le thème des fonctions,7
13314,Progression pour l'acquisition des compétences de calcul adossées au travail sur les fonctions,7
13315,Recherche d'un maximum,7
13316,Le billard circulaire,7
13317,Intervalle de fluctuation et sondage en 1ère Bac Pro,7
13320,Repérage dans un jeu vidéo.,7
13323,Vers les dérivées des fonctions composées.,7
13336,Fantôme,7
13338,"L'océan mondial - TDC, langues en pratique",6
13339,Quelques algorithmes simples au lycée,7
13340,Escape game sur les genres musicaux,5
13342,Equations différentielles et tableur,7
13346,Promenades mathématiques.,7
13347,Lecture graphique,7
13348,Séquence interactive sur l'introduction à la notion de fonction,7
13349,Etude de la propagation d'un virus.,7
13353,"Croissance économique, mondialisation et mutations des sociétés depuis le milieu du XIXème siècle",5
13357,Simulation Java sur la réfraction d'une onde plane à la surface de l'eau,9
13358,Simulations Java sur la diffraction à la surface de l'eau,9
13374,Simulations Java sur l'étude de la réfraction et du prisme.,9
13375,Courbes paramétrées (classes de BTS),7
13377,Lieu géométrique et 2nd degré,7
13381,Dictionnaire et chansons,6
13386,Milieu social et maîtrise du vocabulaire,10
13392,GRF Dyslexie - Favoriser la compréhension globale d'un texte en lecture autonome: Une expérimentation,6
13393,GRF Dyslexie - Aborder la phonétique anglaise par les couleurs,6
13394,CLONE-Machine à sou,7
13395,Las relaciones entre la naturaleza y el hombre,6
13396,Musikprojekt,6
13397,El verano feliz de la señora Forbes de Gabriel García Márquez,6
13398,"El encuentro con el otro, amor, la amistad",6
13399,"Opération ""Schultüte"" - rentrée scolaire en Allemagne",6
13400,Nirgendwo in Afrika,6
13401,"""Die Neue ""- Un court-métrage qui pose des questions",6
13402,5 séquences pour l'histoire des arts en allemand,6
13403,Brauchen wir heute noch Mythen ?,6
13404,Séquence « Oktoberfest »,6
13405,Stùmpele - un projet transmédia 100% alsacien,6
13406,"Newsletter "" World War one "", ressources sur le web",6
13408,Ressources pédagogiques à destination des assistants et enseignants de LV,6
13409,L'émigration alsacienne dans le monde,6
13410,L'Alsace pendant la Première Guerre mondiale,6
13411,Ressources podcast pour l'allemand,6
13412,Alsace romaine,6
13413,Together at school,6
13414,Exemple de scénario pédagogique LELE Chinois,6
13415,La Russie en questions,6
13416,Découvrir Internet en russe,6
13417,Enseignement scientifique en LV1 pris en charge par deux enseignants,6
13418,Didactisation du film ERBSEN AUF HALB 6,6
13419,"Das Parfum, le roman et le film",6
13420,Kriminalgeschichten,6
13421,Klassensprache,6
13422,Fame Monster,6
13423,Meet Kevin's family,6
13424,Murder at Walton Hall,6
13425,Autocorriger sa production écrite,6
13426,Let's save our Planet Earth!,6
13427,CONTROVERSY ABOUT COLUMBUS DAY,6
13428,Guy Fawkes Night,6
13429,The weight and the meaning of words in Wartime,6
13430,Looking for a typical British house.,6
13431,Construire une séquence pédagogique à partir de la  banque 4nEDU,6
13432,Entraîner et évaluer l'expression orale,6
13435,Zwei Staaten,6
13436,Engagement,6
13437,TraAM 2019 : comment le littoral de la Côte d'Opale a-t-il été aménagé pour le tourisme ?,5
13439,Get some great work experience,6
13440,Comment donner du sens à l'écriture ?,6
13441,Global warming,6
13442,Breakfast around the world,6
13443,Comment utiliser QUIZLET en LV ?,6
13444,Classe inversée : s'entraîner à la compréhension orale de la certification B1,6
13445,Coopération avec l'assistant - introduction au dossier thématique,6
13446,Das Leben der Anderen,6
13447,TraAM Usage de l'outil en ligne QUIZLET pour  l'écriture  collaborative de fiches lexicales en allemand,6
13448,Lasst uns frühstücken!,6
13449,Children of the world,6
13450,Vienne 1900,6
13451,Little Miss French - Writing a short story,6
13452,Preserving the Environment: recycling,6
13454,Negotiating with your parents,6
13455,Comment rédiger un texte informatif ?,6
13456,Make your own radio ad,6
13457,Faire connaître l'assistante dans l'établissement et favoriser ainsi son intégration,6
13460,Der Erlkönig,6
13461,Dossier « Ecrire en allemand. Pourquoi ? Comment ? »,6
13462,Deadly Jobs,6
13463,Mosch-Hochhaus (immeuble à vocation sociale),6
13464,Coopération avec l'assistant - Réaliser une Schultüte en classe de 6°,6
13465,Travail différencié sur la ville de Sheffield,6
13466,Famous people - Who wants to be a millionaire,6
13467,Activités théâtrales autour du voyage,6
13468,GiS in wartime Britain,6
13469,Coopération avec l'assistant - entraîner à l'expression orale du bac,6
13470,Ressources didactisées pour pratiquer l'anglais au cycle3,6
13471,Repenser ses pratiques de tous les jours grâce aux tablettes tactiles (TraAM 2013-2015),6
13472,"Séquence PALIER 2 - ""Jobs"" Enjoy 3ème",6
13473,Usages pédagogiques d'un logiciel de montage vidéo tel Movie Maker,6
13475,Aborder un thème culturel et travailler la compréhension de l'écrit avec un ENT,6
13476,"Le ""Réseau des Lettres"" : un projet pour renouveler les pratiques de lecture",3
13477,Become an Art Critic (séquence fin cycle 4)_traam2016,6
13478,L'expressionnisme allemand au lycée,6
13479,Climate Change (séquence fin cycle 4)_TWITTER_Traam 2016,6
13480,Climate Change (séquence fin cycle 4)_Traam 2016,6
13481,"""How to engineer solutions when developing ground-breaking ""moonshot"" projects""?",6
13482,Freedom of Speech (séquence fin cycle 4)_PADLET_Traam2016,6
13483,Climate Change (séquence fin cycle 4)_CARTESMENTALES_Traam 2016,6
13484,Poem - The bell on the cat,6
13485,Une séquence A2/B1 pour un travail en anglais et en Histoire des Arts,6
13486,"Guns in the USA: avoir un regard critique sur l'information donnée (fin cycle 4, B1)_Traam2016",6
13487,TraAM Découverte culturelle autour du calendrier de l'avent,6
13488,S'enregistrer pour prendre la parole en interaction.Fiche 003,6
13489,Développer l'expression orale en continu et en interaction. Fiche 006,6
13490,Exemple de scénario pédagogique LELE Allemand,6
13491,Réaliser une vidéo pour se présenter,6
13494,Comment mémoriser le lexique ?,6
13495,Comment améliorer l'écrit en entraînant à l'épreuve de la certification ?,6
13496,Exemple de scénario pédagogique LELE Portugais,6
13498,Simuler pour stimuler ou comment la classe inversée en îlots ludifiés rend-elle les élèves acteurs de leur apprentissage ?,6
13500,DNL - Ressources pour l'enseignement d'Histoire-Géographie en Anglais,6
13501,DNL - Vocabulaire physiques chimie en anglais,6
13502,Jeu de rôles THE BLOCK OF FLATS,6
13503,The Highway Code,6
13504,ALDI - Applying for a job,6
13508,un blog en cours de langues,6
13509,Comment utiliser les tablettes numériques en langues,6
13510,Il  meteo :  che  tempo  farà ?,6
13511,British Food,6
13512,Gioco sul calcio,6
13513,"Rosa Parks, Martin Luther King, Barack Obama",6
13514,The Beatles,6
13516,Utiliser Google KEEP pour travailler la compétence phonologique,6
13518,Il numero magico di Leonardo,6
13519,I wanna rock,6
13520,Développer des stratégies en CO au Palier 1,6
13521,Into the Wild,6
13522,Stereotypes,6
13523,Online shopping vs shopping in shops,6
13524,Commémoration du Centenaire de la Première Guerre Mondiale,6
13525,Rosso come il cielo,6
13526,Calibrer un sujet de Bac pour l'épreuve de compréhension de l'oral,6
13527,Fiche pratique à destination du jeune reporter sur l'utilisation de l'application Evernote pour tablettes (ou PC),6
13528,Enseignement des langues et numérique: quelques exemples palier 1 et 2,6
13529,Teen Jobs,6
13531,Vidéo : la différenciation en langues,6
13532,"Comment articuler les programmes et le socle commun de connaissances, de compétences et de culture ?",6
13533,La phonologie au Palier 1,6
13534,Les Lumières: entre démarche scientifique et idéalisation,5
13535,Vidéo : Comment traiter les notions du cycle terminal ?,6
13536,Robotic teaching,6
13537,"Webquest ""London Fashion""",6
13538,Be Green,6
13540,Social networks,6
13541,Evaluer dans le cadre de la LELE,6
13554,Tutoriel en vidéo sur l'application ZipGrade,10
13555,le Japon : étude d'une technopole,5
13556,la période révolutionnaire : le sacre de Napoléon DAVID,5
13559,barres parallèles 6,2
13563,quatuor5,2
13568,Points communs et spécificités des régules totalitaires,5
13571,La digestion qui Scratche,7
13576,"Du témoignage à l'émission de radio, enseigner la Shoah en initiant les élèves à la démarche historique",5
13579,Utiliser la cartographie numérique en Géographie - OpenOffice Draw,5
13582,Pirate informatique,7
13583,Objectif 12,7
13584,Vidéo enrichie : cycle de Krebs,11
13585,L'Europe et le monde au XVIII° Siècle - Thème 3 - Les traites négrières et l'esclavage,5
13587,Le Mali,5
13596,Pari entre voisins,7
13598,"Simulations et paris: lancer de deux dés, double six",7
13599,L'évaluation comme outil de formation,6
13606,Savoir passer de certaines formes de représentations à d'autres,7
13611,Simulation java : Réglages d'un oscilloscope branché sur un GBF,9
13612,Du radon en Auvergne (secteur de Volvic),11
13613,Du radon en Auvergne (secteur de Chaudes Aigues),11
13614,La guerre des Pythons,7
13615,Super ArduinoTM party –Sons et lumières,9
13616,Un escape game sur la mixité,6
13619,"Un jeune homme plein d'initiative : vrai plaisir, fausse monnaie",10
13620,Empilement de balles,7
13625,"La place de l’oral en mathématiques, pistes de réflexions sur  les contextes, dispositifs et modalités d’évaluations",7
13627,Les mécanismes de marché,10
13628,À quoi sert la monnaie ? L'euro,10
13631,Savoir illustrer la diversité des producteurs : l'économie sociale et solidaire,10
13632,Comment la socialisation de l'enfant s'effectue-t-elle ?,10
13635,L'entreprise : théorie et illustration des pratiques de fixation des prix,10
13638,"""Habiter"" La Réunion : hier, aujourd'hui et... demain ?",3
13640,"Info ou intox, peut-on s'informer sur les réseaux sociaux ?",3
13647,Croissance et développement durable,10
13648,"Le paysage, représentation ou réalité ?",5
13649,Quelques pistes sur le thème de la gravitation,9
13652,Comment l'activité économique est-elle financée ?,10
13653,Bienvenue dans mon école,6
13656,ACROSPORT : planches de figures,2
13657,Créer une conversation à l'aide du générateur Fakewhats,6
13661,Comment associer éducation aux médias et différenciation pédagogique en cours d’anglais ?,6
13662,Créer un réseau local avec ENTBox. Partager Wikipédia et Phet Colorado en local,9
13663,Escape game sur William Shakespeare,6
13672,Soyez un bon entrepreneur : choisissez la meilleure combinaison productive !,10
13674,La consommation : un marqueur social ?,10
13675,Escape Game en anglais en école élémentaire ,6
13679,Les dosages par étalonnage en TS,9
13686,L'entreprise Babolat  : un livre Didapages,10
13689,"La musique, une affaire de goûts personnels ?",10
13690,The British crown,6
13694,Quel est ce liquide incolore ?,9
13699,Le jeu du conseiller financier,10
13701,Notre-Dame de Paris de Victor Hugo :  dossier pédagogique,3
13703,Entraînement et évaluation par le numérique : à la découverte de Londres,6
13705,Réaliser une émission culinaire,6
13708,Entreprise et production,10
13710,Comment un marché concurrentiel fonctionne-t-il ? Le déplacement des courbes,10
13711,Comment un marché concurrentiel fonctionne-t-il ? Le marché financier,10
13713,Comment un marché concurrentiel fonctionne-t-il ? Les mécanismes du marché,10
13715,Se préparer à l'oral de contrôle (Bac Pro),3
13717,Comment un marché concurrentiel fonctionne-t-il ? Trop ou pas assez de marché ?,10
13719,"""J'ai ! Qui a ?..."" réduire",7
13720,Exemples de ressources utilisables en économie gestion voie professionnelle dans Eduthèque,14
13721,Les petits explorateurs : projet de liaison Ecole-collège,5
13723,Expérimenter pour comprendre la transformation de la matière organique dans le sol,11
13725,Créer un document interactif pour présenter des ressources ,3
13726,Quiz : ultrastructure du noyau,11
13728,Expérimenter pour étudier la fabrication d'un aliment : le pain,13
13730,Réaliser des interviews fictives entre les personnages du défi Babelio Ado,3
13735,Inititiation au langage de programmation ARDUINO TM,9
13741,Routes de vacances,6
13743,Comment l'activité économique est-elle financée ? Comment financer ses investissements ?,10
13744,Déconstruire les théories du complot,1
13745,Le détour par la fiction : raconter dans une lettre le « Tour du monde de Bougainville » ,3
13756,Réaliser une storymap sur le commerce triangulaire en LCE,5
13759,Expérimentation de la séquence Identité Numérique ,1
13761,Le BYOD et les pratiques enseignantes,3
13762,Quiz : réplication et transcription,11
13765,Comment la socialisation de l'enfant s'effectue-t-elle ?,10
13766,Organiser des révisions à l'oral,10
13767,Comment l'activité économique est-elle financée ? Les marchés financiers,10
13768,Tous les chemins mènent @ Rome,5
13770,Les phages et leurs utilisations thérapeutiques,11
13771,Analyse et construction d’un pavage,7
13774,Le plafond de verre,10
13777,Réaliser un parcours de visite virtuelle,11
13781,Les finances publiques : recettes et dépenses,10
13782,Visite virtuelle avec Google expéditions,9
13784,Unité de réussite analyse des médias : un tour d’horizon des différents médias ,1
13788,TraAM 2018 : S'informer en informant - Le complot du couscous,1
13789,Travailler l'identité à partir de deux émissions radio,1
13795,CLONE-TraAM - Classe inversée - Dosages en terminale S,9
13798,Les entreprises et la production,10
13799,Evaluer avec le numérique: Tests et banque de question de Moodle,10
13801,QCM Pronote niveau première sur le thème du Marché,10
13807,Les organisations productives,10
13808,La diversité des organisations productives,10
13809,plongeon 17,2
13810,plongeon 19,2
13811,Les attentats du 11 septembre 2001,5
13812,natation synchronisée 1,2
13813,natation synchronisée 2,2
13814,natation synchronisée 3,2
13815,Les tableaux à double entrée - Savoir lire et interpréter des données quantitatives,10
13816,Les propensions - Savoir les calculer et les lire correctement,10
13817,"Un Vrai-Faux sur le thème ""Comment expliquer l'instabilité de la croissance ?""",10
13819,Jeu des triplets : Fonctions linéaires,7
13820,Pourquoi mesurer la pression ?,9
13821,QCM sur les instruments de la politique climatique,10
13822,Balance ton projectile !,9
13823,Les régimes totalitaires,5
13824,Un incendie évitable,9
13825,Produire une lettre sonore,3
13828,"Le génocide juif dans les récits, témoignages et films à la sortie de la Seconde Guerre mondiale",5
13829,À quoi sert la monnaie ?,10
13830,Le mystère de la disparition des abeilles,10
13831,Le marché du travail selon l'analyse néoclassique,10
13832,Le chômage selon Keynes,10
13833,Comment se forme et s’exprime l’opinion publique ?,10
13834,Taux d'intérêt nominal taux d'intérêt réel,10
13835,Modélisation du métabolisme des levures avec Scratch,11
13837,La contrainte budgétaire : un exemple de modélisation en science économique,10
13838,Marché et société,10
13839,Images d'Auschwitz,5
13840,Initiation à Scratch débranchée,7
13844,Astéroïde,7
13846,Le marché financier,10
13851,Trop ou pas assez de marché ?,10
13852,Les évadés de Mathcatraz,7
13854,Comprendre la sélection naturelle grâce à la Programmation d’algorithmes sous Scratch,11
13855,Le marché : déplacement le long des courbes et déplacement des courbes,10
13856,L'évolution des formes de la monnaie,10
13857,La socialisation des adultes,10
13858,Loto autocorrectif,7
13860,natation synchronisée,2
13861,natation synchronisée 8,2
13862,natation synchronisée,2
13863,Quels sont les processus qui conduisent à la déviance ?,10
13865,Quels sont les processus qui conduisent à la déviance ?,10
13866,Comprendre qu’une entreprise est un lieu de relations sociales,10
13868,Combat - chute_avant,2
13870,Savoir interpréter des indices,10
13872,Vite ! Aux calculs...,7
13873,Création et correction automatique de parcours de C.O.,2
13875,Comment l'activité économique est-elle financée ?,10
13876,Redécouvrir Omaha Beach avec Édugéo,5
13877,Archéologie du débarquement avec Édugéo,5
13878,Enseigner avec La QuiZinière,3
13880,Zbörg l'extraterrestre ,7
13881,Le cycle cellulaire : image interactive,11
13882,Maths Royales,7
13883,La formation des prix sur un marché,10
13884,Professeur Scripto,7
13886,Programmation avec la carte arduino,13
13887,"QCM niveau seconde sur le thème ""Comment les économistes, les sociologues et les politistes raisonnent-ils et travaillent-ils ?"" (programme 2019)",10
13890,Couleur des objets,9
13891,L’outil statistique d’Édugéo : mise en forme des réponses à un sondage,7
13893,QCM terminale Regards croisés 2.2. Les politiques de l'emploi,10
13897,Microcontrôleur Sciences & Musique :  Construction d’un « piano »,9
13900,Rome : de l’archéologie à la légende / Coopérer pour enregistrer un reportage vidéo,5
13901,Challenge scratch : « Une question de poids ! »,9
13902,barres parallèles 7,2
13903,barres parallèles 9,2
13909,La ville de Timgad : un exemple de romanisation,5
13912,QCM terminale Regards croisés 2.1. Marché du travail et gestion de l'emploi,10
13914,QCM terminale eco 3 croissance et environnement,10
13915,QCM terminale socio 2.1 lien social et intégration sociale,10
13916,Qu'est-ce qu'un marché ?,10
13917,Reproduction de l'anchois et ressources alimentaires,11
13918,Se préparer à la partie 2 de l'épreuve composée,10
13919,QCM terminale eco 1.1 sources de la croissance,10
13920,"Tâche complexe,  Reproduction de l'Anchois et ressources alimentaires",11
13921,"Tâche complexe,  Rôle du cerveau dans la commande du mouvement",11
13923,De la compréhension du tableau d’avancement à son automatisation,9
13924,Des outils pour l'évaluation par compétences,11
13927,Que produit-on et comment le mesure-t-on ? Texte à trous,10
13929,Les PCS,10
13930,Le chômage selon Malinvaud,10
13934,Les effets de la construction européenne sur la conduite de l'action publique,10
13935,Tracer la représentation graphique d’un marché avec Excel,10
13938,Quelles sont les composantes institutionnelles des régimes politiques démocratiques ?,10
13939,"Épargne, crédit, surendettement ?",10
13940,La consommation : un marqueur social ?,10
13941,Comment la socialisation de l'enfant s'effectue-t-elle ?,10
13942,Quels sont les grands équilibres macroéconomiques ?,10
13954,Les fonctions de la monnaie,10
13959,Utiliser des outils numériques pour réaliser des exposés en s'appuyant sur la pédagogie inversée et la différenciation,10
13960,"Dans un monde aux ressources limitées, comment faire des choix ?",10
13961,"Dans un monde aux ressources limitées, comment faire des choix ?",10
13963,Les effets de la construction européenne sur la conduite de l'action publique,10
13965,Comment le budget de l'État permet-il d'agir sur l'économie ?,10
13966,Comment les individus s'associent-ils pour constituer des groupes sociaux ?,10
13967,Comment les rapports sociaux s'organisent-ils au sein de l'entreprise ?,10
13968,Comment l'activité économique est-elle financée ?,10
13969,Comment un marché concurrentiel fonctionne-t-il ?,10
13970,Les nouvelles approches théoriques du marché,10
13971,Les nouvelles approches théoriques du marché,10
13972,Le rôle de la demande globale dans les déséquilibres économiques,10
13973,Que produit-on et comment le mesure-t-on ? Un exercice interactif,10
13975,Le circuit économique,10
13976,L'émergence de la sociologie et de l'économie : historique et conditions,10
13977,Réaliser une enquête avec Google Docs - Formulaire,10
13978,Comment les pouvoirs publics peuvent-ils contribuer à la justice sociale ?,10
13986,Reportage radio,3
13987,L'évolution du taux de syndicalisation (1),10
13988,La frontière entre les deux Corées ,5
13991,Débattre de la gratuité des transports,1
13993,Redécouper les frontières :  une solution pour la paix au Moyen Orient ?,5
14000,Les organites cellulaires : quiz,11
14007,chute_avant,2
14008,Quels sont les grands équilibres macroéconomiques ? Le rôle de la demande globale dans les déséquilibres économiques,10
14009,Grille d'évaluation enseignement d'exploration de SES,10
14010,Comment répartir les revenus et la richesse ? La répartition primaire des revenus,10
14012,Faire un exposé sur une entreprise,10
14013,"Machine ou salarié, comment choisir ?",10
14015,barres asymétriques_1,2
14016,Que produit-on ?,10
14018,Étudier la consommation grâce à l'INSEE,10
14019,Volume et en valeur : le PIB,10
14020,"Individu, individus et liens sociaux",10
14021,Image interactive : les organites cellulaires,12
14032,Radar (Représentation ajustable de données agrégées et référencées),10
14034,L'Afrique australe,5
14035,Mesurer le développement durable avec RADAR,10
14036,Netquiz Web - Lecture des taux de croissance - 1 ,10
14037,Netquiz Web - Lecture des taux de croissance - 2 ,10
14038,Distinguer le vrai du faux par le jeu,3
14039,CLONE-Gabarit français,5
14046,Réalisation d'une anthologie poétique audiovisuelle,3
14047,La démarche du sociologue : Méthodes et théories sociologiques,10
14048,Le groupe Virgin,10
14049,Du texte au schéma : la frontière Etats-Unis Mexique,5
14050,Étude du site Internet d'une entreprise : l'exemple du groupe Danone,10
14051, Les politiques de relance ont-elles permis de réduire le chômage en 2009 ? ,10
14053,Cours inversé - La notion d'élasticité,10
14054,"La Révolution française, une nouvelle conception de la nation",5
14055,Urbanisation et villes dans la mondialisation : Réaliser une production audiovisuelle avec Tellagamy,6
14059,Quelles économies d’énergie pouvons-nous faire dans l’habitat ? ,9
14060,Concevoir un jeu des droits de l'enfant dans le monde,5
14062,Jouer avec les mathématiques,7
14064,PPO - Le rattachement de Nice à la Savoie,5
14065,Renforcement musculaire au collège,2
14066," Poésie et mise en forme de l'écriture - ""Liberté"" de P. Eluard et F. Léger - Ressource de la BNF",3
14069,Exemple d’usage de la ludification lors d’une séance d’économie droit en CAP ECMS,14
14070,Netquiz Web - La notion d'élasticité,10
14073,La région de Sidi-Okba au sud des Aurès en Algérie,5
14075,Jouons ensemble au TRIO,7
14077,Partager des expériences à l'étranger grâce à l'ENT,6
14080,Modéliser une étude de l’INRA montrant l’influence des fibres alimentaires sur la composition du microbiote,11
14081,Mathématiques et informatique débranchée,7
14086,Traam 2019 :des organigrammes pour mieux comprendre les conditions d'habitabilité d'une planète,11
14087,Réaliser un Podcast : Le monde au temps de Charles Quint et Soliman le magnifique,5
14089,Évaluer avec Plickers en STMG,14
14091,montée vers l'ATR,2
14092,Création Kahoot en classe,7
14093,"Diderot/Pasteur, une rencontre improbable.",3
14095,Cartes flash - Comment mesurer la croissance économique ?,10
14096,Baccalauréat et numérique : la plate-forme d’échanges collaboratifs,3
14097,Plan de travail : Symétrie Cycle 3,7
14098,Plan De Travail : Probabilités ,7
14099,Cartes flash - Les limites du PIB,10
14103,MATHS et JEUX,7
14104,Cartes flash - Facteurs de production et croissance économique,10
14105,Cartes flash - D'où provient le revenu disponible brut des ménages ?,10
14106,Cartes flash - Comment les ménages utilisent-ils leur RDB ?,10
14108,saut 6,2
14109,saut 7,2
14110,saut 8,2
14111,saut 9,2
14112,saut 9,2
14113,Boursicotons 2nde,7
14117,Utiliser les mathématiques pour créer un jeu de société (TRAAM),7
14123,TraAM 2018-2019 - Jeux de cartes en BPH,11
14124,TraAM 2018-2019 - Pédagogie active : maîtrise statistique des procédés,11
14132,Gabarit Maths LGT,7
14133,CLONE-Gabarit Maths Lycée,7
14134,Tirer parti des possibilités des formulaires en ligne pour le développement des capacités d’argumentation des élèves,8
14136,Aménager les villes de demain,5
14137,Corriger une copie à l'aide d'une grille de correction avec Moodle,3
14138,Mistigri fonctions équations,7
14141,Pirates,7
14142,Mistigri nombres décimaux,7
14144,Utiliser les PFMP pour évaluer des compétences,14
14145,Et si les réseaux sociaux faisaient lire ?,3
14146,La ville de demain: Présenter des travaux d’élèves sous la forme d’une exposition virtuelle,5
14147,Utiliser le numérique en laboratoire de boulangerie et/ou pâtisserie pour évaluer les compétences,14
14148,Un monde de migrants,1
14150,Le premier peuplement des Antilles (DROM - Adaptation du programme d'histoire et géographie de cycle 3),5
14152,Jeux et mathématiques dans le cadre de la liaison école-collège (TRAAM),7
14153,"Créer une biographie d'écrivain : ""Dessine ma vie""",3
14156,Faire créer aux élèves des outils pour mieux mémoriser,3
14157,"Atelier FIG 2018 : Cartographie sonore d’un territoire en devenir, le quartier de l’Union à Roubaix-Tourcoing-Wattrelos",5
14160,gamme d'enzymes pour chaque secteur d'activité.,11
14161,Photos de dissection.,11
14162,Le Diabète Insulino Dépendant.,11
14163,Immunité et DID.,11
14164,Electrophorèse.,11
14165,Les marqueurs HLA impliqu&eacute;s.,11
14166,LE DID à la Réunion.,11
14167,Thérapies du DID.,11
14168,Les insectes endémiques des îles de l'Océan Indien.,11
14169,"Colbert développe une politique maritime et mercantiliste, et fonde les compagnies des Indes et du Levant ",5
14170,La préparation : difficulté majeure.,11
14171,Liaison école-collège : La mathémagie pour s'émerveiller (TRAAM) ,7
14173,Fecondation artificielle de la vanille.,11
14174,Fecondation de la vanille: I.,11
14175,La culture de la vanille.,11
14176,Sommaire.,11
14177,Planches de determination : foret,11
14178,Liste des principales espèces végétales rencontrées sur l'étang de Bois Rouge - 1/4,11
14179,Les zones marécageuses de l'étang - Formations végétales - Page 1/3.,11
14180,Quelques microinvertébrés observables dans l'eau ou le substrat de l'étang,11
14181,Etude de l'Etang de Bois Rouge - Ile de La Réunion.,11
14182,Etude de quelques écosystèmes de l'Ile de La Réunion.,11
14183,La Réunion : milieu insulaire tropical,11
14184,Jouer à Curvica et à d'autres puzzles en classe (TRAAM),7
14185,Traitement des dechets.,11
14186,Ressources TICE dans les SVT,11
14187,Lit de la Riviere.,11
14188,Géologie de la zone Océan Indien.,11
14189,Dynamique externe.,11
14190,Peridotite.,11
14191,Planches de determination: foret 5,11
14192,Planches de determination : foret 4,11
14193,Chronologie relative sur la route du volcan.,11
14194,Le sable blanc de plage.,11
14195,Beachrock,11
14196,Relations entre les êtres vivants - Un écosystèmes : le lagon de l'île de La Réunion,11
14197,Planches de determination : foret 1,11
14198,Arret 8 : Point de vue sur la PLaine des Sables.,11
14199,Arret 10 : La petite carriere.,11
14200,Arret 2 : Alteration des laves de la Fournaise ancienne.,11
14201,Arret 4 : Vue sur le massif du Piton des Neiges.,11
14202,Arret 5 : Les projections volcaniques.,11
14203,Exploitation de la sortie au college.,11
14204,Documents a complter et exploiter.,11
14205,DBO5esao.,11
14206,DBO5.,11
14207,Evaluation de la teneur en sels dissous à partir de la conductivite de l'eau,11
14208,L'Hydrobiologie dans l'enseignement des S.V.T.,11
14209,Mesure de l'oxygene dissous dans l'eau.,11
14210,Mesure du pH.,11
14211,plan cbnm.,11
14212,plan cbnm.,11
14213,plan cbnm.,11
14214,plan cbnm.,11
14215,plan cbnm.,11
14216,plan cbnm.,11
14217,Compte-rendu du congrés de l'APBG - Novembre 2002.,11
14218,Témoignages d'activités avec les élèves - Tableau des liens sur les pages SVT de l'Ile,11
14219,Supports pour activités pédagogiques - POur le collège.,11
14220,Informations et productions pédagogiques.,11
14221,Fiche de recherche sur le WEB (niveau 2).,11
14222,"La République, trois républiques",5
14223,Fiche de recherche sur le WEB (niveau2).,11
14224,LES BONNES ADRESSES - Les formulaires de recherche.,11
14225,LES BONNES ADRESSES - Sites généralistes et périodiques.,11
14226,LES BONNES ADRESSES - Logiciels à télécharger.,11
14227,SOCRATE : une approche du personnage à partir du Banquet de Platon,4
14228,Cartes flash - Que devient l'épargne des ménages ?,10
14229,LES BONNES ADRESSES - Ecologie.,11
14230,"Programmer une ""Intelligence Artificielle"".",7
14231,Les processions dans l’espace civique,5
14232,Chef d'œuvre d'une leçon (TRAAM),7
14233, Ressources Éduthèque sur les diabètes de type 1 et de type 2 ,12
14235,Gabarit fiche Lycée LV,6
14237,Recueillir les impressions des élèves sur un texte avec Moodle,3
14238,Ressources Éduthèque sur les antibiotiques ,11
14239,Plan de travail pour aborder l'urbanisation dans le monde,5
14240,Chimie et LCA,4
14241,Cartes flash - Quels sont les déterminants économiques de la consommation finale des ménages ?,10
14242,"Compilation ressources numériques, CA 4 – CP 4 Conduire et maîtriser un affrontement collectif ou interindividuel",2
14243,CLONE-Gabarit fiche Lycée LV,6
14245,TraAM 2018 : S'informer en informant : couvrir les flux migratoires avec Instagram,5
14247,Création d’un journal sous licence Creative Commons,5
14262,Scratch : Jeu d’arcade,7
14264,Enquête sur Le Déjeuner de François Boucher,5
14266,Les lapins de Fibonacci,7
14268,TraAM 2018 : S'informer en informant - Le complot du couscous,1
14269,TraAM 2018 : S'informer en informant - les réseaux sociaux auraient-ils pu être une arme de diffusion de l'information pour la Résistance,3
14270,"TraAM 2018 : S'informer en informant : ""Tout est faux... tant qu'il n'est pas prouvé que c'est vrai""",1
14271,Cartes flash - Les choix de consommation sont socialement différenciés,10
14272,"TraAm 2018 : S'informer en informant : Pour être informé, il faut comprendre comment on construit et diffuse une information",3
14279,Gabarit fiche Lycée LV,6
14281,L’Australie et la culture aborigène à partir des ressources de la BRNE anglais cycle 4,6
14282,Augmenter et modifier le texte numérique de La Princesse de Montpensier de Madame de Lafayette,3
14283,Pratiquer l'analyse chorale de la représentation théâtrale avec Moodle,3
14284,Questionnaires sur les mouvements littéraires avec Moodle,3
14286,Eduquer à l'image avec Ersilia,3
14287,Application android : « Apprendre la circulation sanguine »,11
14288,"Travailler le comparatif en anglais à partir de ressources de la BRNE anglais cycle 3 sur ""America the Beautiful""",6
14289,Un quiz sur la courbe de Lorenz (réalisé avec Hot Potatoes),10
14291,CLONE-Gabarit fiche Lycée LV,6
14292,CLONE-CLONE-Gabarit fiche Lycée LV,6
14295,Utiliser la réalité augmentée pour étudier la place de l’Eglise ,5
14296,Enfilade,7
14297,gabarit Biotechnologie,12
14298,Traam 2017-18 :La régulation de la glycémie : entre classe inversée et réalité augmentée,12
14300,Traam 2017-18 Trivial Pursuit en ETLV,12
14301,"Traam 2017-18 : ""EMC : L'identité numérique""",12
14302,Les différentes formes de mémoire : se connaître et savoir apprendre,11
14303,Utilisation des tablettes.,11
14305,Images interactives : les 4 niveaux de structure des protéines,11
14306,Coder une animation Scratch : « l’antibiogramme »,11
14308,L’Empire romain dans le monde antique,5
14309,Les risques technologiques,5
14310,Repérer et comprendre les lieux de la vie civique de la cité d’Athènes,5
14311,La longue histoire de l’humanité et des migrations,5
14312,Les Lumières,5
14313,Préparer le DNB en histoire géographie avec la Digithèque,5
14315,Croissance et mondialisation,5
14316,Espaces à fortes contraintes,5
14317,La grenouille,7
14320,Webquest : un voyage en Australie,6
14321,"L’eau, ressource essentielle",5
14322,Le tremplin,7
14323,Séance de différenciation par les contenus - Les inventions du néolithique ,5
14325,Différenciation par la structuration de la classe - Enjeux et conséquences des migrations internationales,5
14326,Différenciation par les processus d'apprentissage - Comment les principes de la Déclaration des droits de l’homme et du citoyen ont-ils permis de fonder une société nouvelle ? ,5
14328,CLONE-Gabarit fiche Lycée LV,6
14332,Compréhension de la mitose,11
14333,Extraction d’informations,11
14336,Étude de document type bac. Carte des émissions de gaz à effet de serre issues de la combustion d’énergie par pays.,5
14337,Étude de document type bac. Les dépenses de santé dans le monde en pourcentage du PIB en 2018.,5
14338,L'articulation collège-lycée en algorithmique dans un cadre motivant,7
14339,Différenciation sexuelle et régulation du fonctionnement de l'appareil reproducteur,11
14340,Différenciation sexuelle et régulation du fonctionnement de l'appareil reproducteur,11
14341,Différenciation sexuelle et régulation du fonctionnement de l'appareil reproducteur,11
14345,La discontinuité de Gutenberg,11
14346,La discontinuité de Mohorovicic,11
14350,Le travail collaboratif en classe de latin via le Pad,4
14355,Un box pour MBot,7
14357,Interviewer un auteur du XIXè siècle,3
14358,Le plan de travail : mise en place de classes coopératives en 6e,3
14359,A la façon de Vera Molnar,7
14360,A la façon de François Morellet,7
14361,Deux contre un (Version Python),7
14362,Une figure exceptionnelle du Moyen-Age revisitée à l'heure du numérique : Abélard et l'histoire de ses malheurs.,4
14363,L'avancement chimique en 1S,9
14364,"Escape game : ""Séchapper du collège""",9
14366,Slow motion poétique : ralentir le temps pour saisir le mouvement ,3
14368,Tout conte fait : mettre en place un projet annuel pour apprendre à conter ,3
14370,L'évolution de du Zoizo blanc de la Réunion (Zosterops borbonicus),11
14371,Scénarisation d'une ressources Éduthèque sur le diabète de type 1,12
14372,Scénarisation d'une ressources Éduthèque sur le diabète de type 2,12
14374,Le tangue et la baleine,13
14375,Le cycle de vie du hanneton,13
14378,Seine de crue : Le boulier d'Heidi Wood,5
14379,Georges Pompidou et l’art : un collectionneur et homme d’Etat ouvert à la modernité.,5
14382,Tournoi académique de gestion : Motiver les élèves de première STMG en sciences de gestion,14
14383,Concours académique de management,14
14386,Halloween monsters - Les monstres d'Halloween,6
14387,Irish identity,6
14388,English n' games,6
14390,Masterchef Junior,6
14391,Romantic voices,6
14393,"Londres, ville-monde : London is open!",6
14394,Étudier les besoins nutritifs des végétaux chlorophylliens avec le logiciel Plante 2.0,13
14395,Mettre au point un protocole expérimental pour comprendre la transformation des restes d'êtres vivants dans le sol,13
14396,Les besoins alimentaires de l'être humain,13
14397,Première étude permettant de comprendre les principes de la classification des êtres vivants en utilisant le logiciel phyloboite,13
14398,Moderniser un conte de Grimm ,6
14399,Appliquer une notion de sciences de gestion avec un escape game,14
14400,Créer dans un espace d'exposition,0
14401,La tâche globale complexe pour faire écrire les élèves en histoire,3
14403,Les ratios au collège,7
14406,Modéliser la dynamique et la résilience d’une forêt mixte (chênaie/hêtraie),11
14410,"Microscopie optique, théorie et applications",11
14414,Réalité augmentée avec le Merge Cube,9
14417,spermogramme avec imageJ et le plugin CASA,11
14418,Des femmes qui ont fait l’histoire au XIX° siècle...,5
14419,Traitement des eaux usées urbaines,11
14423,"La glycolyse, un exercice  sous forme de vidéo enrichie",11
14428,La glycolyse en moins de 3 minutes,11
14432,Les acides aminés part 1,11
14433,Calculer une concentration d'activité catalytique (CAC) d'une enzyme,11
14434,TraAm 2017-2018 - les acides aminés,11
14435,Napoléon vu par les caricatures européennes avec Europeana,5
14436,Le cycle de Krebs en moins de 3 min,11
14437,Construction orale d'une légende,5
14440,Une bande son pour le fleuve Colorado,5
14441,Étudier la cité d'Ur en classe inversée,5
14449,Etudier la citoyenneté athénienne à partir de sources primaires : quand les élèves deviennent archéologues,5
14450,Présentation de la carte Arduino TM,9
14453,Utilisation d’une sortie numérique sur un microcontrôleur,9
14454,Utilisation d’une entrée numérique sur un microcontrôleur,9
14456,Étude énergétique d’un mouvement rectiligne avec Python,9
14457,Dynamique de la chute libre avec Python,9
14458,De la nécessité de connaître la source d'information sur le Web,5
14459,Les Images de Presse (EPI Presse écrite),3
14460,Instapoésie,3
14472,un jeu sérieux pour chercher et trouver les informations,5
14475,Sécurité routière - 13 mètres,7
14476,Le travail sur l’œuvre suivie en cours de philosophie,8
14477,« A la recherche des traces de la civilisation grecque ancienne dans la langue et la société grecque et française d’aujourd’hui.»,4
14479,gabarit Biotechnologie,12
14480,Exercice interactif : La coordination par le marché.,10
14486,"Enzymologie : classification, site actif et inhibiteurs",11
14491,"[test] Dialogues d'amoureux célèbres de la littérature pour ""Dire l'amour"", cycle 4",3
14493,Mettre l'entrée culturelle au coeur de l'enseignement grâce au numérique,6
14499,"#ApollinR18, Twitter et la poésie",3
14500,"#ApollinR18, Twitter et la poésie",3
14501,"#ApollinR18, Twitter et la poésie",3
14503,Proposer une édition de Matin Brun,3
14506,Bienvenue à Cnossos,7
14507,Factory balls,7
14508,Vidéos Fort Boyard : Théorème de Pappus,7
14509,Vidéos Star Wars : Nombres relatifs,7
14510,Logo Batman,7
14511,Fan de Star Wars,7
14512,Mes voisins sont-ils tous des menteurs ?,7
14513,Quelques idées de programmation sous SCRATCH2,7
14514,Différencier l’évaluation en production orale grâce à l’ENT,6
14515,Magiciennes ou sorcières ? Construire la traduction d'une satire d'Horace à l'aide d'un diaporama,4
14516,DM QRCode - Probabilités au cycle 4,7
14517,Vidéos : AP équations,7
14518,Analyse fréquentielle à l’aide du tableur,7
14519,Trouver le puits,7
14521,Fiche 7 : Produire un son,9
14527,smartphone pour produire et visualiser un mouvement ,9
14533,Métropolisation et mobilités. Les dynamiques spatiales de la population française.,5
14534,CLONE-TraAM classe inversée vaccination,12
14537,« Nos auteurs en extraits »,3
14538,Atouts et dynamiques du Haut Jura ,5
14542,L'absorption Intestinale,12
14543,Biotechnologie,12
14545,Rédiger un paragraphe de présentation d'Auguste en synthétisant des informations variées à partir de sites internet.,4
14547,"Enseigner les villes au Moyen Age avec un ""livre dont vous êtes le héros""",5
14548,Création de webdocumentaires sur Simone Veil en classe de 3e : un projet Histoire-EMC-EMI,1
14549,"Commémorer la traite, l’esclavage et leurs abolitions avec les AD des Yvelines",5
14550,Gabarit fiche Lycée LV,6
14551,CLONE-Gabarit fiche Lycée LV,6
14552,CLONE-Gabarit fiche cycle 3 LV,6
14557,Quel avenir pour l'agglomération Nantes métropole ?,5
14559,Echanges Erasmus+ pour des collégiens,6
14560,Illustrer une production écrite à l’aide de l’application Book Creator en ligne,6
14561,Projet 'Deux pays pour un monde',6
14562,Séance de pâtisserie allemande avec des élèves de 3ème Segpa et des élèves de 6ème bilangue,6
14564,Enseigner avec EdPuzzle,3
14565,La pédagogie différenciée avec 1001 Lettres Martinique,3
14573,création d’image ou de série d’images pour communiquer entre pairs,9
14582, Montage audio d'une lecture à haute voix ,3
14583,Découvrir les caractéristiques d’un régime démocratique,5
14587,Comment optimiser le bilan énergétique d'une habitation ?,13
14594,Pourquoi une construction treillis permet-elle de franchir un obstacle sans danger?,13
14595,Fiches de structuration des connaissances au cycle 4.,13
14596,Etude d’un détecteur de fumée optique,13
14597,Quand nos élèves mettent « les mains à la pâte » pour découvrir la paléontologie,13
14598,Auto-évaluer sur la réalisation d’une préparation microscopique,11
14599,saut 12,2
14600,Créer un club nature autour de sciences participatives,11
14602,Apprendre à commenter un graphique,11
14603,Mémoriser les planètes du système solaire,11
14604,Préparer la réalisation d'un antibiogramme,11
14612,Evaluer avec le numérique: Atelier de Moodle,10
14616,Accompagner les élèves en production écrite grâce à une ’structure strip’,6
14617,Travailler la mémorisation en présentiel en langues vivantes grâce à Quizlet Live,6
14619,Débusquer les infox par le jeu d'évasion,5
14620,Domino!!,7
14621,Superficie de la martinique,7
14622,Boules et Billes,7
14623,Les maths comme sur un plateau,7
14624,situation apprentissage,2
14628,Planète sous tension 2019 Lycée  : La défense européenne / L'OTAN. Les relations UE / Russie.,1
14629,Coopérer pour produire une mini-série documentaire,5
14633,Fiche de physique chimie gle,9
14634,Du jeu de dés à la décroissance radioactive.,9
14635,Équation chimique,9
14636,Liaison série et spectrophotomètre,9
14637,Loi de Wien,9
14638,Signal sonore,9
14639,Transmission numérique,9
14640,"Singapour : articulation de la finance, de la production et des flux. Étude de cas",5
14641,La Première Guerre mondiale. Un embrasement mondial et ses grandes étapes,5
14642,Simulateur de freinage,9
14643,"Saint-Martin, reconstruire après Irma",5
14644,"1970 - 1973 : Crise et fin de la démocratie au Chili, Jalon Spé 1re",5
14651,Mesure des transferts thermiques dans les roches ,11
14652,Usage de la BRNE TACTILEO,13
14655,Les instances de socialisation langagière,10
14656,Caractériser un personnage interprété par un humoriste,10
14657,Langage et identité sociale de personnages de films,10
14658,Perdre ou ne pas perdre son accent ? ,10
14659,Faire un exposé à partir d'un reportage de JT,10
14660,Présenter un document à l'oral,10
14661,Reconnaître des acteurs sociaux à partir de leur langage et de leurs arguments,10
14662,Construire un discours pour convaincre,1
14676,TD : techniques séparatives des cellules (centrifugations),11
14677,Image interactive : Le génome : apprendre et comprendre,11
14678,Image interactive : exercice sur le génome,11
14679,Image interactive : le caryotype,12
14680,Vidéo enrichie : clonage ADN dans une bactérie,11
14681,Vidéo enrichie : principe de la PCR,11
14682,Purification ADN génomique : principe en vidéo,11
14685,Fiche tutorielle prise en main logiciel H5P,12
14697,Evaluer avec le numérique: Tests de Moodle,10
14698,Les proportions : Savoir les calculer et les lire correctement,10
14699,"Les coefficients multiplicateurs - Savoir les calculer, les lire et les interpréter",10
14700,"Les taux de variation - Savoir les calculer, les lire et les interpréter",10
14701,"Moyenne arithmétique simple et pondérée - Savoir les calculer, les lire et les interpréter",10
14703,"Les indices simples - Savoir les calculer, les lire et les interpréter",10
14704,Valeur nominale / valeur réelle - Savoir les lire et les interpréter,10
14705,"Les quantiles : déciles, quartiles... et médianes - Savoir les lire et les interpréter",10
14706,La courbe de Lorenz - Savoir la lire et l'interpréter,10
14707,Corrélation et causalité - Savoir les distinguer,10
14708,Les diagrammes de répartition - Savoir lire et interpréter des données quantitatives,10
14709,Les graphiques représentant les séries chronologiques - Savoir lire et interpréter des données quantitatives,10
14710,Les courbes d'offre et de demande et leurs déplacements,10
14711,Les courbes d'offre et de demande - Savoir interpréter leurs pentes,10
14712,Les objectifs d’apprentissage concernant l’utilisation des données quantitatives et des représentations graphiques,10
14713,Le taux de croissance annuel moyen (TCAM) - Savoir lire et interpréter,10
14714,TRAAM Evaluer avec le numérique,10
14715,Quiz : organisation des gènes procaryotes et eucaryotes,11
14716,Quiz : mitochondrie et chloroplaste,11
14717,Vidéo enrichie : production d'anticorps monoclonaux,11
14718,Vidéo enrichie : greffe de peau : culture de cellules primaires,11
14719,Vidéo enrichie : le modèle de la mosaïque fluide,11
14724,Défier ses camarades de classe ou la « coopétition » comme méthode d’apprentissage,3
14727,Phénotypes et génotypes associés en classe inversée,11
14728,QCM terminale eco 1.2 comment expliquer les fluctuations économiques,10
14729,QCM terminale eco 2.1 Mondialisation commerce international ,10
14730,Géographie prospective,5
14731,Comment fonctionne un radar de recul ?,9
14732,"Développer l'autonomie des élèves dans un cadre coopératif sous forme de ""classe accompagnée""",6
14733,Des déchets à l’électricité,9
14734,Ion-o-matic,9
14735,Réalisation d’un thermomètre numérique,9
14736,Compétences orales et numérique,6
14737,Escape game : Histoire de la Réunion,5
14739,Utiliser TACIT pour aider les élèves à renforcer leurs stratégies de lecteurs ,3
14740,Géomatique et mesures de bruit au collège,11
14742,Étudier les mutations des espaces ruraux à partir d'Édugéo.,5
14745,Apports de la réalité augmentée (SIG) afin d’évaluer la qualité de l’eau des rivières ,11
14746,QCM terminale eco 2.2 L'Intégration européenne,10
14747,Préparer la journée mondiale de la poésie du 21 mars,6
14750,Mieux prononcer avec le numérique,6
14751,QCM DNL anglais SES terminale travail et intégration sociale,10
14752,QCM DNL anglais SES première inégalités hommes femmes,10
14754,QCM niveau première  sur le thème du marché concurrentiel (programme 2019),10
14755,QCM niveau première  sur le thème de la concurrence imparfaite (programme 2019),10
14756,"QCM niveau première  sur le thème ""Voter : une affaire individuelle ou collective?"" (programme 2019)",10
14757,Quiz niveau première sur le thème Monnaie et financement de l'économie,10
14758,Quiz niveau première sur le thème de la concurrence imparfaite (programme 2019),10
14759,Quiz niveau première sur le thème du marché concurrentiel (programme 2019),10
14760,"Quiz niveau seconde sur le thème ""Comment s'organise la vie politique?"" (programme 2019)",10
14761,"Elèves auteurs, compositeurs et interprètes",6
14762,"Quiz niveau seconde sur le thème ""Comment les économistes, les sociologues et les politistes raisonnent-ils et travaillent-ils?"" (programme 2019)",10
14763,QCM niveau seconde sur le thème de la consommation,10
14764,QCM niveau seconde revenus prix et consommation,10
14765,"QCM niveau seconde sur le thème diplôme, emploi et salaire (programme 2019)",10
14766,"QCM niveau seconde sur le thème ""Comment crée-t-on des richesses et comment les mesure-t-on ?"" (programme 2019)",10
14767,"QCM niveau seconde sur le thème ""Comment s'organise la vie politique ?"" (programme 2019)",10
14768,Élaborer des QCM pour l'apprentissage des SES,10
14769,Tutoriel pour mutualiser des QCM Pronote (exporter et importer),10
14770,"Plusieurs exemples de QCM Pronote à importer niveaux seconde, première et terminale",10
14772,Surmonter la peur de la page blanche,6
14773,Proposition d’un contexte pour la programmation en python d’un traducteur ARN (ou ADN) / protéine en Première spécialité SVT.,11
14779,Les finances publiques,10
14780,La démocratie athénienne,1
14781,Le lien social,1
14783,Mesures crâniennes en réalité augmentée,11
14784,Concevoir et tester un système d’alarme,9
14785,Concevoir et tester un système d’alarme,9
14786,Concevoir et tester un système d’alarme,9
14788,CLONE-L’outil statistique d’édugéo : mise en forme des réponses à un sondage,7
14789,"Le drone pollinisateur : vitesse, distance et programmation",13
14790,Où se trouve l’orage ?,9
14791,Réaliser un programme dans Scratch pour interpréter des tests d’identification d’ions,9
14792,Énergie Mécanique et Microcontrôleur,9
14793,Etude énergétique d’une chute libre,9
14794,Entraîner à l’expression écrite en traitant l’erreur collectivement grâce à une souris scan,6
14799,Des textes littéraires enrichis pour apprendre à comprendre et interpréter les oeuvres lues,3
14800,#ApollinR18 : hommage au centenaire de la mort du poète Guillaume Apollinaire,3
14801,"La classe ""jeunes reporters sportifs""",1
14802,Par tous les moyens numériques,3
14803,Connaître les principaux indicateurs de richesses de l'entreprise / Savoir que le PIB correspond à la somme des valeurs ajoutées,10
14804,Diaporama illustrant à l'aide d'un exemple les effets sur l'équilibre de la mise en place d'une taxe ou d'une subvention,10
14805,Les modes de scrutin,10
14806,La construction et l'évolution des liens sociaux,10
14807,Exercice interactif : La mobilité sociale.,10
14808,Exercice interactif : Revenus primaires.,10
14810,Des ressources pour mettre en œuvre les nouveaux programmes de lycée,3
14811,Traam 2019 : article de synthèse,11
14819,La peine de mort en débat,3
14824,Les jeux sérieux - Etat des lieux,14
14825,"Proposer et faire créer des aides à la rédaction, à l’expression écrite en langues vivantes.",6
14826,L'individualisme,10
14828,Exercice interactif : La redistribution sociale.,10
14829,QCM-Socrative : Economie du développement durable.,10
14830,Exercice interactif : L'Union Économique et Monétaire (UEM).,10
14831,Exercice interactif : Liens entre croissance économique et développement durable.,10
14832,QCM-Socrative : Les sources de la croissance économique.,10
14833,QCM-Socrative : Commerce international.,10
14834,Tutoriel LimeSurvey (Créer un questionnaire en ligne).,10
14835,Corriger oralement les copies.,10
14836,Tutoriel La Quizinière : l’exerciseur en ligne de Canopé.,10
14837,QCM-Socrative : Sources de la croissance économique.,10
14838,L’ajustement des conditions d’offre et de demande : l’exemple du marché du beurre.,10
14839,Les avantages comparatifs (David Ricardo).,10
14840,Génial.ly - Groupe primaire et groupe secondaire.,10
14841,L’extension et les limites de l’échange marchand.,10
14842,La Quizinière - La lecture des tables de mobilité.,10
14843,Exercice interactif : Le marché.,10
14844,"Classe Inversée en Seconde : Un scénario, un bilan.",10
14845,Justice sociale : égalité des chances et égalité des situations (ou des places).,10
14846,Les modalités du processus de socialisation.,10
14847,Opinion publique : Principes et techniques des sondages.,10
14848,Comment un marché concurrentiel fonctionne-t-il ?,10
14850,Jeux anglais en école primaire,6
14851,La gestion des produits chimiques,9
14854,La méditerranée médiévale,5
14855,"Nations, empires, nationalités",5
14856,De la programmation en Physique-Chimie au collège,9
14857,Sortir de la guerre,5
14859,PPO - Paris haussmannien,5
14861,Au milieu de l’Univers,13
14863,Rantanplan et les Dalton,7
14865,Créer un jeu numérique autour des métiers ,3
14866,PPO - Les frontières d'un Etat de l'UE : la Lettonie,5
14867,Créer un magazine avec un outil collaboratif,14
14868,L'échec de la guerre de mouvement,5
14869,Les puissances européennes contre Napoléon : la bataille de Waterloo,5
14870,TraAM Différents niveaux d'organisation du corps humain et leur moyens d'exploration,11
14871,Outils collaboratifs Google Drive,14
14872,Réalités virtuelle/augmentée et étude du cœur au collège,11
14873,Réalité augmentée et notion d’espèce,13
14874,Traam 2019 : Modéliser le schéma de la commande du mouvement,11
14875,Traam 2019 : Modéliser le développement embryonnaire / foetal ,11
14876,Traam 2019 : modéliser le débit ventilatoire ,11
14877,La chrétienté médiévale du XIème au XIIIème siècle.,5
14878,Utiliser l’Escape Game comme ouverture à la lecture de l’Odyssée.,3
14880,saut 13,2
14881,Exemple d’activités en classe renversée : enjeux et conflits dans le monde depuis 1989.,5
14882,Les biocarburants,12
14883,Cassinomagus (Chassenon) : composez votre sortie,5
14884,Le numérique pour travailler sur l’oral de CCF ,3
14885,Préparer les élèves de CAP à l’épreuve en histoire-géographie avec La Quizinière. ,3
14888,TraAM sur le rein : anatomie et fonctionnement,12
14891,Créer un site internet pour suivre et valoriser un voyage scolaire en baccalauréat professionnel gestion administration,14
14893,TraAM : Travail sur le circuit mondial d'un produit,5
14894,TraAM 2018-2019 - Jeux de plateau en Biotechnologies,11
14896,Etude d'un mouvement par pointage vidéo.,9
14897,L'Arctique : entre fragilité et attractivité,5
14898,Traam 2018-2019,13
14899,Tâche complexe : L'exemple de Masdar,5
14901,"Créer des ""book trailers"" pour encourager la lecture personnelle",3
14903,Périodisation : création d'une frise chronologique numérique,5
14904,La laïcité en Turquie : Mustafa Kémal ,5
14905, Un carnet de lecteur à l'école et au collège : réflexions croisées ,3
14906,#ApollinR18,3
14909,Périclès et la démocratie athénienne,5
14910,La France : des milieux métropolitains et ultramarins entre valorisation et protection,5
14911,"Aménager le territoire : Saint Claude, Coeur de ville",5
14912,La crise crétacé-tertiaire,11
14913,Réaliser des exposés à la suite d’une sortie pédagogique ,5
14914, Le modèle britannique et son influence,5
14915,Proposer un parcours littéraire en classe de 3e avec une problématique récurrente entre le bien et le mal et amener les élèves à jouer aux apprentis jurés d'Assises,6
14917,"Territoires, populations et développement, quels défis ?",5
14918,Activités autour du son,9
14919,L’industrialisation et les transformations économiques et sociales en France,5
14920,Les espaces ruraux : une multifonctionnalité toujours plus marquée par Isabelle Crillon,5
14921,Réaliser un timelaps autour de la ressource en eau,11
14927,Des escape game en cours de mathématiques (TRAAM),7
14928,Comment s’informer dans un monde marqué par une multiplication des supports et des médias ? ,5
14929,L'affirmation de l'Etat,5
14930,Des jeux de société revisités par les élèves (TRAAM) ,7
14931,"Tournoi ""Défi Relatifs"" (TRAAM)",7
14932,"Tournoi ""Défi Tables"" (TRAAM)",7
14933,Utiliser les mathématiques pour créer un jeu de société (TRAAM) ,7
14935,El arte como expresión de protesta ou l'art comme expression de protestation,6
14936,Paroles d'exilés,6
14937, Evaluer les compétences numériques des élèves avec PIX : retour d'expérience ,7
14938, Evaluer les compétences numériques des élèves avec PIX : retour d'expérience ,7
14939,Escape game : les grandes découvertes,5
14941,Etudier les dynamiques socio-spatiales de New-York avec l'émergence du hip-hop,5
14942,Atelier FIG 2019 : Présenter l'itinéraire d'une famille de migrants avec une narration multimédia,5
14943,Les collines de Lyon : des zones à risque géologique,11
14944,« Bajazet » interprété par les graphes – Proposition de croisement Lettres / SNT,3
14945,« Bajazet » interprété par les graphes – Proposition de croisement Lettres / SNT,3
14946,L’Avocat du Loup – Argumenter au collège,3
14947,La périodisation,5
14949,Répartition bimodale des altitudes sur Terre,11
14950,"""J'ai ! Qui a ?..."" Fonctions affines",7
14951,MATHAÏCA,7
14953,Jeux de multiples et diviseurs,7
14955,Chasse au trésor,7
14956,Les effets d’une subvention sur l’équilibre concurrenciel,10
14957,Améliorer l’expression écrite en langues vivantes,6
14958,Approche active de la langue anglaise via l'étude de monstres en école primaire,6
14961,Une ressource naturelle : l’eau (scénario avec ressources éduthèque),11
14963,echelle plongée,2
14965,Naissance de l'abstraction,5
14971,La diversité des producteurs de richesses.,10
14972,Comment la socialisation contribue-t-elle à expliquer les différences de comportement des individus ?,10
14973,L'équilibre du monopole (Comment les marchés imparfaitement concurrentiels fonctionnent-ils ?),10
14974,Un exemple de choc d'offre négatif sur le marché des céréales (Comment un marché concurrentiel fonctionne-t-il ?),10
14975,Sélection naturelle et sexuelle chez les grenouilles,11
14976,Mettre en relation l’expression de certains gènes et la spécialisation des cellules,11
14977,Utiliser des tablettes en Physique-Chimie au  collège,9
14981,Battements crawl,2
14982,Dilemme du prisonnier,10
14983,Vecteur vitesse d’un point.,9
14984,Le jeu en sciences physiques,9
14986,Crawl respiration,2
14987,Loi de Mariotte,9
14988,lignes_d'eau,2
14989,STMG - PGI - SdG - Cas Solex,14
14990,Séquences du gène pannier de la coccinelle arlequin,11
14996,Suivi de cohorte - savoir nager,2
14998,astres et désastres,0
14999,Chromes et flammes,0
15000,L'architecte a perdu ses plans,0
15001,Le petit cabinet de curiosité atelier de pratique artistique,0
15002,Vidéo sur la préparation d'une solution par dissolution,12
15003,Tutoriaux en vidéo  pour maîtriser les premières opérations de Gimp,0
15004,"""Et l'homme dans tout ça?""",0
15005,Promenades architecturales libre de droits,0
15006,La paroi des bactéries Gram+ et Gram-,12
15007,Je répète la même chose...,0
15008,"Image qui crie, image qui chuchote",0
15009,Les tissus,12
15010,Stade Vélodrome,0
15011,"Acquisition, mobilisation et consolidation des acquis par une pédagogie inversée en RHC - Terminale STMG (TRAAM 2015-2016)",14
15012,Les arts plastiques au lycée de valbonne,0
15013,l'éphémère et le durable,0
15014,portrait de ville,0
15015,Format/Formation/Transformation,0
15016,Les arts plastiques au collège,0
15017,Le batiment fantôme,0
15018,Excroissance de peau,0
15019,(R)évolution de l'Homme Sciences et Art,0
15020,(Les portes du temps) 12/12/12/12,0
15021,plongeon > départ,2
15022,Structure du peptidoglycane,12
15023,peindre avec la lumiere,0
15024,Ressources pédagogiques Collège et Lycées 	    	     Quelques ressources pédagogiques d'un usage réel et pertinent exploitées en,0
15025,Les outils de base PERMETTANT DE GUIDER UNE APPROPRIATION DES NOUVEAUX PROGRAMMES,0
15026,Fixation de l'oxygène sur l'hémoglobine,12
15027,Le sérotypage de Salmonella et Escherichia coli.,12
15028,Morphologie bactérienne,12
15029,Détermination des paramètres cinétiques de la phosphatase alcaline,12
15030,Mots croisés de biologie humaine,12
15031,Utilisation du matériel de laboratoire,12
15032,Planche d'hématologie : présentation des cellules sanguines normales et anormales,12
15033,Exercices de microbiologie,12
15034,Leçons de Base de Contrôle de Qualité au Laboratoire,12
15035,Vidéo sur l'agencement du poste de travail de microbiologie,12
15036,Vidéo sur la préparation d'une suspension,12
15037,Vidéo sur l'ensemencement d'une gélose inclinée,12
15038,Vidéo sur l'ensemencement d'une gélose VF,12
15039,Vidéo sur la réalisation d'un ensemencement en masse,12
15040,Vidéos sur la réalisation de dilutions en cascade,12
15041,Vidéo sur la réalisation d'un antibiogramme par écouvillonnage,12
15042,Vidéo sur l'ensemencement d'une galerie API20E,12
15043,Vidéo sur la réalisation d'une pesée à la balance de précision,12
15044,Vidéo sur la réalisation d'un pipetage,12
15045,Vidéo sur l'utilisation d'une pipette automatique,12
15046,Vidéo sur la réalisation d'un hématocrite,12
15047,Vidéo sur la réalisation d'une mise en hématimètre,12
15048,Vidéo sur l'utilisation du microscope optique,12
15049,QCM de biochimie structurale,12
15050,Fichiers Excel pour la réalisation de régression linéaire,12
15051,La traduction,12
15052,Le cycle cellulaire,12
15053,Plate forme technologique d'Evreux,12
15054,Photographies de mitose,12
15055,Détermination de la masse moléculaire de la GFP,12
15056,Cinétique enzymatique,12
15057,Technique de filtration sur membrane,12
15058,saut 14,2
15059,Les dérivés nucléotidiques,12
15060,La phagocytose,12
15061,Structure d'une Ig G,12
15062,La réaction inflammatoire,12
15063,Fiche technique d'ensemencement Api,12
15064,Elevage de volailles Bio Bravo - TSTMG MERCATIQUE,14
15065,Identification d'une levure,12
15066,"Histologie, présentation des différents types de tissu.",12
15067,Planche à imprimer sur le frottis sanguin coloré au MGG,12
15068,Les techniques de dénombrement en milieu solide,12
15069,Le néphron : schéma à légender,12
15070,Les OGM,12
15071,TP - Extraction de l'ADN de kiwi,12
15072,TP - Etude de la composition d'aliments,12
15073,TP - Etude des cellules sanguines,12
15074,Questionnaires de physiopathologie et terminologie médicale,12
15075,Technique de dilution en série,12
15076,La traduction des protéines document pour la classe,12
15077,De belles images obtenues par microscopie électronique,12
15078,[Droit] : Réforme du droit des contrats - Synthèse,14
15079,Vidéo sur les techniques de bases : Réalisation d'un isolement,12
15080,Antibiogramme par diffusion en milieu gélosé,12
15081,Antibiogramme en milieu liquide par macrométhode et détermination de la CMB,12
15082,Protocole et documents pour la détermination de la CMI et CMB à partir d'un antibiogramme par macrométhode en milieu liquide,12
15083,Le journal du marketing à partir de Twitter et Paper-li,14
15084,"Dénombrement dans la masse fiches techniques, exemple appliqué au Yaourt.",12
15085,Identification des entérobactérie par microgalerie en microplaque.,12
15086,La galerie api20e,12
15087,Le métabolisme protidique,12
15088,Les anaérobies,12
15089,Les bacilles Gram positif,12
15090,Les Bacillus,12
15091,Les milieux pour coques Gram positif,12
15092,Les milieux pour entérobactéries,12
15093,Les milieux pour Vibrio et Pseudomonas,12
15094,Les streptocoques,12
15095,Le métabolisme glucidique,12
15096,La numération en hématimètre,12
15097,Vidéo sur les techniques de bases : Réalisation de dilution en série,12
15098,Le métabolisme énergétique,12
15099,Dénombrement en surface,12
15100,Formation de la lymphe,12
15101,Les échanges cellulaires,12
15102,enseigner le water polo au collège,2
15103,Systématique bactérienne,12
15104,Présentation de l' électrophorèse des protéines sériques,12
15105,Identification d'une entérobactérie avec la galerie api20e,12
15106,"Fiche sur le sang total, le plasma, le sérum",12
15107,voies de l'absorption intestinale,12
15108,Indentification de Candida albicans,12
15109,Vidéo basse qualité : Le laboratoire d'analyses médicales : l'automate de numération des cellules sangine,12
15110,vidéo : Le poste d'analyses des protéines du sérum et des différentes formes de l'hémoglobine au laboratoire d'analyses médicales.,12
15111,vidéo : Le poste d'analyses biochimiques au laboratoire d'analyses médicales.,12
15112,Formation au numérique : Atelier Excel - Régressi,12
15113,vidéo : Le poste d'analyses sérologique et groupages sanguin au laboratoire d'analyses médicales.,12
15114,vidéo : Le poste d'analyse des paramètres de la coagulation au laboratoire d'analyses médicales.,12
15115,vidéo technique : Stérilisation d'une pipette Pasteur boulée,12
15116,Vidéo : Stérilisation d'une anse de platine non souillée,12
15117,Vidéo Réalisation d'un transfert de liquide dans les conditions d'asepsie,12
15118,Vidéo sur les techniques de bases :  Réalisation d'un frottis sur lame pour coloration.,12
15119,Vidéo sur les techniques de bases :  Réalisation du test de la catalase,12
15120,Vidéo sur les techniques de bases : Réalisation du test de l'oxydase.,12
15121,Vidéo sur les techniques de bases : Réalisation du dépôt d'un disque,12
15122,Vidéo sur les techniques de bases : Réalisation d'un étalement en surface et réalisation d'une pipette râteau.,12
15123,Les Jeux Olympiques d'Athènes : reflet des inégalités mondiales ?,5
15124,Vidéo (haute qualité) sur les techniques de bases : La mobilité à l'état-frais.,12
15125,TraAM: Analyse bio-informatique de séquences d'ADN,12
15126,Macro galerie d'identification pour bacille Gram négatif,12
15127,L'antibiogramme par diffusion en milieu gélosé (mise à jour),12
15128,Etudier une seigneurie réelle : Brancion en Bourgogne,5
15129,Démarche identification et orientation des coques Gram+ catalase +,12
15130,Démarche identification et orientation des coques Gram+ catalase -,12
15131,L'allogreffe de mœlle osseuse,12
15132,Classification des donneurs,12
15133,Édu-Sondage : concevoir une enquête en ligne,14
15134,La polyarthrite rhumatoïde,12
15135,scénario de la vidéo d'usage des TIC en microbiologie,12
15136,Cellules,12
15137,Membrane,12
15138,[STMG-Epreuve spécialité] : Questions de gestion,14
15139,Numérations,12
15140,Dosage de l'hémoglobine,12
15141,Formule leucocytaire,12
15142,Etude cytologique,12
15143,Groupages sanguins,12
15144,Frottis sanguin et coloration au MGG,12
15145,Techniques de base de biochimie,12
15146,Antigènes et anticorps marqués,12
15147,Précipitation,12
15148,Neutralisation,12
15149,Agglutinations,12
15150,[TICE-2015] : Activité Curation de l'information,14
15151,Généralités sur les techniques immunologiques,12
15152,Culture cellulaire,12
15153,ADN de kiwi,12
15154,Automatisation de l'hémogramme,12
15155,Réticulocytes,12
15156,"Romanisation et élites municipales, l'exemple de Mediolanum Santonum",5
15157,Constantes érythrocytaires,12
15158,Résistances aux antibiotiques,12
15159,Coeur et la circulation (1) : les vaisseaux,12
15160,Coeur et circulation (2) : anatomie cardiaque.,12
15161,Schéma à légender des cibles cellulaires des antibiotiques.,12
15162,Coeur et circulation (3) : le coeur,12
15163,Coeur et circulation : vaisseaux sanguins.,12
15164,Coeur et circulation : appareil cardio vasculaire,12
15165,Photographie intéractive du rein à légender,12
15166,STMG - RHC - Projet : cas CAL,14
15167,TP et TD pour ST2S,12
15168,Détection et identification des bactéries par méthodes immunologiques,12
15169,Antibiogramme par diffusion en milieu gélosé,12
15170,Moisissures,12
15171,Schéma cellule bactérienne,12
15172,Antibiogramme (scénarii TRAAM),12
15173,Observation microscopique de produits laitiers (scénarii TRAAM),12
15174,Analyse qualitative des constituants du lait (scenarii TRAAM),12
15175,Principe de la production de GFP par E Coli,12
15176,Histologie de la paroi digestive,12
15177,Bonnes pratiques de laboratoire,12
15178,Digestion chimique,12
15179,Respiration cellulaire,12
15180,TRAAM: Découverte de la biologie synthétique,12
15181,Les unités de sens en Biologie et Physiopathologie Humaine,12
15182,TRAAM Eau de rejet industriel,12
15183,TRAAM - La spectrophotométrie Niv 1,12
15184,"NADH, H+ et spectrophotométrie UV",12
15185,Des vidéos en immunologie,12
15186,Scénario TRAAM: Les méthodes de fractionnement,12
15187,TRAAM Utilisation d'un tableur/grapheur pour l'exploitation des données expérimentales,12
15188,"Etude de cas - Un espace de production rural, l'arrondissement de Saint-Flour",5
15189,TRAAM Gestion des déchets dans un laboratoire de Biotechnologies,12
15190,TRAAM Du génotype au phénotype : l'exemple de la mucoviscidose,12
15191,TRAAM Réaliser un livre intéractif numérique virtuel,12
15192,Formation au numérique : Atelier LoggerPro,12
15193,Formation au numérique : Atelier ImageJ,12
15194,Electrophorèse SDS PAGE : exemple d'application en STL biotechnologie,12
15195,Avant de rentrer au laboratoire,12
15196,TraAM : Les différents niveaux d'organisation du corps humain,12
15197,Tutoriel logiciel Flow - Académie de Caen - biotechnologies,12
15198,TRAAM - La pollution microbiologique de l'eau,12
15199,TRAAM Strawberry DNA Extraction,12
15200,TRAAM Labware,12
15201,TRAAM Welcome to our laboratory,12
15202,TRAAM Micropipette calibration,12
15203,TRAAM Thin Layer Chromatography,12
15204,TRAAM Traitement et analyse d'une électrophorèse des protéines avec ImageJ,12
15205,TRAAM Modélisation de la croissance en milieu non renouvelé,12
15206,TRAAM Protocoles expérimentaux en biotechnologie avec Open Sankoré,12
15207,Formation au numérique : Atelier Moodle,12
15208,Formation au numérique : atelier Anagène 2,12
15209,TraAM Concevoir une séance de pédagogie inversée : exemple d'une activité sur les antibiotiques,12
15210,TraAM Utiliser Excel pour exploiter des résultats expérimentaux,12
15211,Ressources pour enseigner avec un système d'information géographique - L'immigration en 2015,5
15212,"TraAM s'initier au métabolisme à l'aide d'un jeu sérieux, Cell Craft",12
15213,"TRAAM  Les antibiotiques, relation entre concentration critique, sensibilité, et CMI avec Image J",12
15214,TraAM 2015/2016 : Histologie de l'ovaire,12
15215,Les béta-lactamases chez les entérobactéries,12
15216,STMG RHC - Projet : cas Fastfood Club,14
15217,Obtention d'un clone recombinant,12
15218,Criblage de clones recombinants par réplique velours,12
15219,TD sur la PCR multiplex,12
15220,TraAM 2016/2017 : Un exemple de risque sanitaire : le virus Zika,12
15221,Fiche technique pour l'utilisation de la pipette jaugée,12
15222,Fiche technique pour l'utilisation de l'hématimètre de Malassez,12
15223,Diaporama état de rapprochement,14
15224,Organiser la production & répartir le travail - analyse vidéo,14
15225,Sujets de l'épreuve ISI (Initiation aux Sciences de l'Ingénieur) du BTS Comptabilité Gestion,14
15226,L'interface homme-machnie,14
15227,La normalisation des bases de données,14
15228,L'impact juridique et économique des nouvelles normes comptables,14
15229,Le TBI en cuisine d'application,14
15230,Dossier sur les ressources vidéos en économie gestion,14
15231,Les indicateurs sociaux,14
15232,Révolution du porte conteneur,5
15233,"Exploitation pédagogique du film ""Riens du tout""",14
15234,L'outil informatique pas à pas - 4ème partie : les périphériques spécifiques,14
15235,Cours Management des Organisations  Première STG (Sciences et Technologies de la Gestion),14
15236,Etablissements publics et entreprises publiques,14
15237,Le management d'un organisme public : l'INRAP (Institut national de recherches archéologiques),14
15238,Décision des organisations (devoir d'une heure : Association Vieilles Charrues),14
15239,L'union Européenne,14
15240,L'activité économique et les mécanismes juridiques fondamentaux,14
15241,Formation en Information Communication Première STG (Sciences et Technologies de la Gestion),14
15242,Compte rendu conférence Communication,14
15243,Economie Droit - formation Mars Avril 2005 classe de Première,14
15244,Gérer une revue de presse...,14
15245,Bilan des journées de formation 2006,14
15246,Bilan des journées de formation en économie droit terminale STG (Sciences et Technologies de la Gestion),14
15247,Tableau de lecture du programme de terminale économie-droit,14
15248,Communication : stratégies de l'argumentation,14
15249,Formation Mai 2008 Management des entreprises en BTS (Brevet de technicien supérieur ),14
15250,Utilisation pédagogique du TNI (Tableau numérique interactif) dans la cadre d'une leçon d'économie en 1ère STG (Sciences et Tech,14
15251,"Documents de formation Bases de données, SQL",14
15252,Actifs et nouvelles normes comptables,14
15253,Diaporama bilan fonctionnel,14
15254,Relations Mathématiques Économie-Gestion,14
15255,Transversalité Mathématique et économie gestion,14
15256,Cas Midi Audiovisuel : les opérations comptables du mois de février,14
15257,"Analyse de l'emploi des associations ternaires, vraies ternaires, fausses ternaires et agrégats dans le modèle entité-associatio",14
15258,Comment rédiger des cas d'utilisation,14
15259,Variations pédagogiques autour de l'enseignement du modèle relationnel et des SGBDR en 1ère STG,14
15260,Sciences de Gestion - Les arbres à perles pour découvrir la notion de culture d'entreprise,14
15261,Application permettant l'échange de bases de données entre différents SGBD (Système de Gestion de Base de Données),14
15262,Découverte des bases de données MySQL à travers l'interface web : phpMyAdmin.,14
15263,Un serveur Linux préconfiguré pour la classe de terminale GSI,14
15264,Fiche Outil sur la création de requêtes en langage SQL (Structured Query Language) sur Open Office Base 2,14
15265,Les systèmes d'information et de communication de l'entreprise dans les classes prépas ECT.,14
15266,VERDI - Veille en Economie-gestion par Flux Rss DIjon,14
15267,[TICE-2015] : Pédagogie de classe inversée en DCG,14
15268,Livre en fête - situation professionnelle pour PGI EBP,14
15269,"Situation professionnelle ""Jardivert"" centrée sur les processus 1, 2 et 7 du BTS CG.",14
15270,"Epreuve pratique, Vidéo de l'oral",14
15271,La normalisation comptable - État des lieux en 2010,14
15272,Evolution des pratiques dans le cadre d'une expérimentation en BPR3 (Baccalauréat professionnel en 3 ans),14
15273,La différenciation pédagogique au service des TICE (Technologies de l'information et de la communication pour l'enseignement) :,14
15274,BTS AG PME-PMI (Brevet de technicien supérieur Assistant de Gestion Petites et Moyennes Entreprise - Petites et Moyennes Industr,14
15275,[TraAm-2016] : Parcours d'apprentissages différenciés en classe inversée,14
15276,Un exemple de travail collaboratif en STS (Section technicien supérieur) Assistant de Gestion PME-PMI (Petites et Moyennes Entre,14
15277,Enseigner le plongeon à l'école et au collège,2
15278,Utilisation d'un TNI (Tableau numérique interactif) - séquence de droit en 1ère STG (Sciences et Technologies de la Gestion),14
15279,Tableau numérique interactif - Préparation par deux enseignants d'une séquence pédagogique en économie et droit à l'aide du TNI,14
15280,Banque de sujets d'examen au baccalauréat  STMG (Sciences et Technologies du Management et de la Gestion),14
15281,"Situation professionnelle ""GEMLINFO"" centrée sur les processus 1 et 3 du BTS CG.",14
15282,Banque de sujets pour les BTS tertiaires,14
15283,Séquence d'économie réalisée au cours d'un stage de formation : La politique de croissance,14
15284,Le management des entreprises en STS (Section technicien supérieur) seconde année,14
15285,Les utilisations pédagogiques du Tableau Numérique Interactif (TNI) dans l'enseignement d'Économie-Gestion,14
15286,PROJET RODEO : CLASSE DE TSTG4 (terminale Sciences et Technologies de la Gestion) - Année scolaire 2008/2009,14
15287,Supports de formation Education au Développement Durable en STG (Sciences et Technologies de la Gestion),14
15288,Supports de formation sur la mise en oeuvre du CCF (Contrôle en cours de formation) en CAP EVS (Certificat d'aptitude profession,14
15289,"Sphinx (ModOp1) : Concevoir, paramétrer et diffuser un questionnaire",14
15290,"La juste valeur en comptabilité, au coeur de la normalisation comptable",14
15291,L'outil informatique pas à pas,14
15292,Accueil des nouveaux professeurs d'économie et gestion,14
15293,Utilisation pédagogique du TNI (Tableau numérique interactif) dans le cadre d'une séquence d'économie en première STG (Sciences,14
15294,Utilisation du TNI (Tableau numérique interactif) dans une séance de correction interactive : séquence de correction d'un devoir,14
15295,La réforme des institutions françaises - La loi constitutionnelle du 23 juillet 2008,14
15296,Caractériser une organisation,14
15297,Visite virtuelle de l'entreprise LU,14
15298,La didactique professionnelle,14
15299,Utilisation du logiciel Sage Paie,14
15300,Cas Bossoleil : gestion de fichier client,14
15301,La mercatique à travers un projet,14
15302,Comparatif Access et Oo2.Base,14
15303,La performance,14
15304,L'amélioration de la performance : l'organisation du travail,14
15305,L'amélioration de la performance : les processus,14
15306,Gestion des approvisionnements,14
15307,L'amélioration de la performance : le travail coopératif assisté par ordinateur,14
15308,Nouveaux programmes d'économie-droit en BTS (brevet de technicien supérieur),14
15309,Cas Midi Audiovisuel : création du dossier et du plan comptable,14
15310,Cas Midi Audiovisuel : saisie et modification des écritures comptables,14
15311,Cas Midi Audiovisuel : les opérations relatives à la TVA (taxe sur la valeur ajoutée),14
15312,Cas Midi Audiovisuel : l'analyse financière du résultat et du bilan,14
15313,Cas Midi Audiovisuel : les amortissements et les écritures de régularisation,14
15314,Définir l'organisation Eco-emballage et connaître les nouveaux standards en matière de conditionnement,14
15315,Recherches documentaires sur le marché de IVe et Ve gamme,14
15316,XML (eXtensible Markup Language) et feuilles de style,14
15317,Gestion des réservations dans un hôtel,14
15318,"Etude de cas sur les opérations courantes, de règlement et les opérations d'investissement",14
15319,Projet en terminale CFE (Comptabilité et finance des entreprises ) : Projet Andros,14
15320,La comptabilité de gestion : la méthode des coûts complets et des coûts variables,14
15321,Rénovation programme droit en BTS,14
15322,L'économie-droit en STG (Sciences et Technologies de la Gestion),14
15323,Nouveau programme de management en BTS (brevet de technicien supérieur),14
15324,La rénovation de la voie professionnelle,14
15325,Enseigner en seconde en baccalauréat professionnel en 3 ans,14
15326,Organiser un espace d'échange en ligne avec sa classe sur Agora Project,14
15327,Rénovation économie en BTS,14
15328,La rémunération des dirigeants français,14
15329,L'outil informatique pas à pas - 2ème partie,14
15330,L'intérêt de la négociation raisonnée en situation difficile et complexe,14
15331,Négociation internationale : une question de culture,14
15332,Situations de négociation internationale,14
15333,Les agences de notation financière - le B.A.-BA du AAA,14
15334,L'impact de la crise financière sur les choix de financement des entreprises françaises,14
15335,"Gestion commerciale et comptable dans un environnement numérique de travail (PGI, Progiciel de gestion intégré, et GED, Gestion",14
15336,L'immatériel et la protection de la personne,14
15337,Travail et discriminations,14
15338,Quand les technologies de l'information et de la communication bouleversent la communication interne de l'entreprise...,14
15339,Exploitation des périodes de formation en entreprise,14
15340,Séquence pédagogique sur les crises financières et leur propagation à l'économie réelle,14
15341,Scénario pédagogique - Intégration d'un monde virtuel dans un processus d'apprentissage,14
15342,L'accueil dans les organisations,14
15343,Panorama des marchés publics,14
15344,Projet TRAAM (travaux académiques mutualisés) 2009-2010 : les réseaux sociaux,14
15345,Le contrôle des comptes ou audit … vers plus de contrôle (s),14
15346,Jeu sérieux avec un PGI (Progiciel de gestion intégré) - TRAAM (Travaux académiques mutualisés) 2011,14
15347,Les usages pédagogiques du PGI (Progiciel de gestion intégré) en STG Sciences et Technologies de la Gestion) et BTS (brevet de t,14
15348,Modes opératoires du PGI Cegid,14
15349,Cas GODIN avec le PGI (Progiciel de gestion intégré) Cegid - Première STG (Sciences et Technologies de la Gestion),14
15350,Mettre en oeuvre le PGI (Progiciel de gestion intégré) Cegid - création des bases pour les élèves,14
15351,Didactique et pédagogie en Terminale CFE (Comptabilité et finance des entreprises) - Analyse fonctionnelle,14
15352,Formation didactique et pédagogie en CFE (Comptabilité et finance des entreprises) - La comptabilité de gestion en STG (Sciences,14
15353,"Jeu pour les fabricants, set pour les distributeurs,  Match en faveur des consommateurs ?",14
15354,Une méthodologie pour la synthèse argumentée en économie - Sujet Obscop,14
15355,BTS (brevet de technicien supérieur) Management des Unités Commerciales Dispositif 1+1,14
15356,"Cloud computing, la révolution du monde informatique",14
15357,"Le métier d'entrepreneur : des compétences à développer, acquérir et maîtriserr",14
15358,"STOCKPRO : du devis au règlement, les apports du PGI (Progiciel de gestion intégré)",14
15359,La GED - Cas Animanutrix,14
15360,SEDNEM et son processus d'achat,14
15361,TIPTOPMECA sélectionne un fournisseur,14
15362,Le cas Relais,14
15363,Gestion des déchets chez PAINT'ART,14
15364,Le cas SURGAND,14
15365,Multiculturalisme versus interculturalisme :  quelle approche adopter en management des organisations ?,14
15366,Politiques économiques et sortie de crise : un éclairage à partir de la crise des subprimes,14
15367,L'accueil en face à face : jeu de rôles,14
15368,"PLEASE, exploitation pédagogique",14
15369,L'animation d'une réunion,14
15370,Le filtrage des demandes,14
15371,MORVAN TP (Travaux Pratiques),14
15372,Laboratoire ATHIS SANTE,14
15373,Créer un site WordPress,14
15374,SI (Système d'Information) CORITEL,14
15375,Robinetterie d'Armor,14
15376,DOMATOUT,14
15377,ADS (Accès Difficiles Services) : tableaux de bord,14
15378,Simulation BARBEGRILL - Jeu de gestion avec un PGI,14
15379,RMOH (Répartition des Médicaments pour Officines et Hôpitaux),14
15380,MOBILIA et la politique de déplacements professionnels,14
15381,Un événement à Coulommiers,14
15382,ALURIS - Dossier spécialisé,14
15383,TraAM : Valorisation des pratiques collaboratives lors du projet en terminale STMG RHC-MERCA,14
15384,Les élections des délégués - Dossier spécialisé,14
15385,"LA POSTE - Information, communication et recrutement",14
15386,"TOILES DE MAYENNE, tisseurs d'idées depuis 1806",14
15387,AIR LIQUIDE Communication,14
15388,Un protocole national pour les ateliers-métier en BTS AM (Brevet de technicien supérieur Assistant de Manager),14
15389,Ateliers-métier au lycée Joseph Gaillard (Martinique),14
15390,Ateliers-métier au Lycée de Châtenay-Malabry (Versailles),14
15391,Ateliers-métier au lycée de Montgeron (Versailles),14
15392,"Un conflit chez Kawax, une entreprise espagnole",14
15393,"La communication de masse, moyen d'influence ou de manipulation",14
15394,La performance du groupe restreint,14
15395,L'information au centre des activités de l'entreprise Dema,14
15396,Stéréotypes et préjugés,14
15397,"Cas Imag, messagerie électronique",14
15398,Le cas Altitude : agence de communication et de publicité,14
15399,"Trois styles de ""leadership""",14
15400,Gestion des déchets chez PAINT'ART,14
15401,L'accueil en face à face : jeux de rôle,14
15402,Les anis de Flavigny,14
15403,Les départs dans l'entreprise 2MIV,14
15404,Communication globale à la MAIF,14
15405,Un déménagement chez Air France,14
15406,La rémunération dans l'entreprise Biocash,14
15407,Qualification et compétences,14
15408,Cas Alain Pizza,14
15409,L'association de lutte contre l'illettrisme - Le groupe dans les organisations,14
15410,Assurance Méditerranée,14
15411,Créapolis analyse ses process,14
15412,Les composantes de la rémunération,14
15413,La lettre recommandée électronique,14
15414,L'intégration d'un nouveau salarié,14
15415,Les indicateurs de la gestion sociale,14
15416,Ludovic souhaite évoluer professionnellement,14
15417,Valérie est évaluée,14
15418,La performance du groupe,14
15419,Deux négociations,14
15420,Le conformisme : expérience de S. Asch et situations professionnelles,14
15421,Entreprise « Tous Travaux pour la Maison » (Cas TTM),14
15422,L'aménagement du temps de travail,14
15423,Entretien d'embauche,14
15424,Le jeu de rôles en formation professionnelle au métier d'assistant,14
15425,La méthode des cas,14
15426,La méthode des cas : un exemple avec le cas Tubor,14
15427,10 principes pour le professeur de communication,14
15428,"Exploiter un ""reportage"" de terrain réalisé par les élèves",14
15429,Exploiter une séquence filmée,14
15430,Le cadre juridique du recrutement,14
15431,Le cadre juridique des frais professionnels,14
15432,La GED (gestion électronique des documents),14
15433,Le système d'information,14
15434,Organiser un événement,14
15435,"La sécurité, la confidentialité des réseaux informatiques",14
15436,Les émotions,14
15437,"Rumeurs, communication informelle",14
15438,L'information et les concepts associés,14
15439,Transport Plus,14
15440,Etablissements Lefait,14
15441,Saveurs du sud,14
15442,Agence immobilière Alizé,14
15443,Festival international du film animalier d'Albert,14
15444,Entretien d'évaluation et de carrière,14
15445,Les indicateurs de la gestion sociale,14
15446,Les composantes de la rémunération,14
15447,Processus/gestion par les processus,14
15448,Le groupe,14
15449,Attitude,14
15450,Qualification,14
15451,Le leadership,14
15452,L'écoute active,14
15453,Logotype,14
15454,Les sensations,14
15455,Interaction,14
15456,Culture et valeurs,14
15457,Les groupes,14
15458,Influence réciproque individu/groupe,14
15459,Contexte,14
15460,L'étude au BAC STG (Sciences et Technologies de la Gestion),14
15461,L'entretien d'explicitation en BTS (Brevet de technicien supérieur ) Assistant,14
15462,De l'évaluation à la qualification dans l'oeuvre de Gérard Donnadieu,14
15463,L'argumentation en cours de français,14
15464,"XML (eXtensible Markup Language), GED (Gestion électronique de documents)",14
15465,"Séminaire de décembre 2007, rénovation BTS (Brevet de technicien supérieur) Assistant de manager",14
15466,"Université d'été août 2005, rénovation STG (Sciences et Technologies de la Gestion), GRH (Gestion des ressources humaines) et ma",14
15467,"Séminaire national, janvier 2005  Rénovation STG",14
15468,La communication : une discipline à aborder sous un éclairage neuf,14
15469,TraAM : Utilisation de terminaux mobiles pour répondre à des évaluations instantanées,14
15470,Les différents acteurs et leurs rôles,14
15471,Une nouvelle cantine pour la commune de M.,14
15472,Des organisations partenaires pour l'avenir,14
15473,La Société Le Nickel de Nouvelle Calédonie : les modes de production et leurs évolutions,14
15474,Cas RestoScol : restauration Scolaire,14
15475,Rémunération et motivation des salariés,14
15476,Les enjeux et les facteurs de la motivation,14
15477,Enjeux et modalités du recrutement,14
15478,L'organisation et l'environnement en interaction,14
15479,Organiser un événement,14
15480,La définition du produit,14
15481,A la découverte de quelques organisations publiques,14
15482,Le jeu des organisations,14
15483,L'AP-HP (Assistance Publique- Hôpitaux de Paris),14
15484,Contexte et signes verbaux,14
15485,La définition du produit,14
15486,Les dirigeants et les styles de direction,14
15487,La recherche de compétences,14
15488,"EAUCLAIR, installation des caisses automatiques",14
15489,Cas PROTEX,14
15490,Mobilphone City,14
15491,Un tournoi de badminton à Méret,14
15492,Evaluation de la notion de contexte,14
15493,Les bases de la communication,14
15494,Les facteurs qui influencent le comportement.,14
15495,La perception des images,14
15496,L'information,14
15497,Répartition des tâches à SonoMuzik,14
15498,La dynamique de groupe,14
15499,Communication ou mensonge électronique ?,14
15500,L'influence dans les groupes,14
15501,Comprendre le travail à faire en management des organisations,14
15502,Santé au travail,14
15503,Amélioration de processus chez Top Jouets,14
15504,L'absentéisme chez Thin Center,14
15505,Construire une argumentation en management des entreprises,14
15506,Progression pédagogique en management des entreprises,14
15507,Fiche auteurs,14
15508,Le toyotisme,14
15509,L'environnement des organisations,14
15510,Externalisation et intégration,14
15511,Les indicateurs environnementaux et sociaux,14
15512,Dirigeant et droits de propriété,14
15513,Le budget d'une collectivité locale,14
15514,Les styles de direction,14
15515,Métier - Mission,14
15516,Décision et processus décisionnel,14
15517,Rémunération et Individualisation,14
15518,Le service public,14
15519,Le Management en classe de première,14
15520,Le Management poursuit sa route en BTS,14
15521,Préparer et se préparer aux épreuves écrites du baccalauréat STG,14
15522,Le processus stratégique de l'Aéroport Nice Côte d'Azur,14
15523,Acquérir des supports vidéos,14
15524,Sites internet directement exploitables avec les élèves,14
15525,Banques d'images,14
15526,Toyota s'implante en France,14
15527,"IT Crédit, refonte d'un processus",14
15528,Quels choix stratégiques pour la ville de Nantes ?,14
15529,Diagnostic stratégique de la PMI 20cent,14
15530,Le centre d'appels Contact +,14
15531,"Le changement de taille d'une association, une décision stratégique",14
15532,L'entretien des espaces verts dans la commune de Monbrezat,14
15533,cas NIKE,14
15534,L'atelier musical d'Eiffres,14
15535,Groupe Lafarge : des interlocuteurs pluriels pour une stratégie de développement durable,14
15536,Diriger : c'est exercer ou déléguer un pouvoir de décision,14
15537,La conduite de la mission culturelle du Conseil Général d'I.,14
15538,NRJ Group : Un patron énergique !,14
15539,Diagnostic Danone,14
15540,Des stratégies concurrentielles,14
15541,Grève à la SNCM,14
15542,"Senseo, une nouvelle cafetière pour le petit déjeuner",14
15543,EARL « Champagne P. Lepaitre » L'adaptation des ressources humaines aux objectifs stratégiques,14
15544,Cas Bouygues Culture d'entreprise - Motivation des salariés,14
15545,Cas TOLEFIN,14
15546,Choisir une structure,14
15547,TraAM : Twitter outil pédagogique au service des élèves,14
15548,Cas Axiclim,14
15549,Cas Cotable,14
15550,Octan ou le suivi de la réalisation de la stratégie par la conception et l'étude de tableaux de bord,14
15551,Caractériser et analyser des styles de direction,14
15552,BOITIER PHARMA,14
15553,Le cas NIOUCHKA - Des jouets pour rêver,14
15554,Le planning des congés d'été chez RMOH,14
15555,La révolution numérique et le droit,14
15556,Sécurité et santé au travail,14
15557,L'enseignement d'exploration  « Les principes fondamentaux de l'économie et de la gestion »,14
15558,L'indépendance des banques centrales renforce-t-elle l'efficacité des politiques économiques ?,14
15559,Le traitement des immobilisations,14
15560,QCM interactifs sur l'IS,14
15561,Application : nouvelles règles de déduction de la TVA au 1/1/2008,14
15562,Tableau Excel des cotisations sur salaire,14
15563,Projet Sorilplast,14
15564,Exercices d'établissement et d'enregistrement de la paye,14
15565,Exercices de gestion sociale P2,14
15566,Outils de gestion : cas Denis Rivière,14
15567,Conception et utilisation d'une comptabilité ABC,14
15568,Sage Ligne 100 version 14 : paramétrage,14
15569,Etude de cas : Guitar'Art,14
15570,"Modes opératoires Access, Windows, SQL Server",14
15571,"Cegid, mode opératoire",14
15572,L'affectation du résultat,14
15573,Tableaux de remboursement d'emprunt,14
15574,Installation de Sage 100 entreprise Version 16,14
15575,Journal comptable automatisé,14
15576,L'autorité des normes comptables,14
15577,Actualité comptable 2011 N°1,14
15578,Actualité comptable 2010 N°3,14
15579,Actualité comptable 2010 N°2,14
15580,Mise en oeuvre pédagogique des enseignements de communication orale,14
15581,L'accompagnement personnalisé en lycée professionnel : quatre enseignants d'économie-gestion témoignent,14
15582,Les objets d'étude en économie droit : proposition d'approche méthodologique,14
15583,Tutoriels vidéos - usages du PGI EBP,14
15584,"DOPS, Epreuve E5 2011 pour Nouméa : Portazur",14
15585,Réseaux sociaux et événementiel,14
15586,Réseaux sociaux et Gestion des Connaissances,14
15587,Cas AMIVI : Gestion des ressources humaines avec Open ERP,14
15588,Réseaux sociaux et stratégies des marques,14
15589,Réseaux sociaux et Recrutement,14
15590,La diversité des contrats,14
15591,La responsabilité,14
15592,"Jeux sérieux - Compte rendu d'expérimentation ""la Halde le recrutement""",14
15593,Jeux sérieux - Compte rendu d'expérimentation Blossom Flowers,14
15594,Réaliser une revue de presse à l'aide des flux RSS,14
15595,Participer à la coordination des activités grâce aux outils du Web 2.0,14
15596,L'impact d'Internet sur les prix des offreurs : les nouvelles conditions et méthodes de fixation des prix.,14
15597,Pl@net' BTS AG : Veille informationnelle pour les Assistants de gestion PME PMI,14
15598,"Une association,une organisation publique,une entreprise peuvent-elles être gérées de façon identique",14
15599,Sugarsync : un outil de stockage dans le nuage ('cloud'),14
15600,"Comptabilité, de la pratique à la recherche",14
15601,"Les Communautés de Pratique, une nouvelle étape dans la gestion des connaissances",14
15602,La visite des ateliers,14
15603,L'activité humaine constitue-t-elle une charge ou une ressource pour l'organisation ?,14
15604,Jouer un entretien dans l'entreprise DONDISSE SARL,14
15605,Exploitation du jeu sérieux : « Secret Cam »,14
15606,La Société par Actions Simplifiée : une structure pour tous ?,14
15607,L'e-communication chez SNAPCLASP74,14
15608,De la crise de la dette à la crise de la gouvernance,14
15609,Questions actuelles en droit du travail,14
15610,Stéphane est-il une charge ou une ressource pour Delyce ?,14
15611,Utilisation des jeux sérieux de gestion en première STG,14
15612,Formation académique STMG - Documents utilisés lors de la formation en Sciences de Gestion,14
15613,PGI et sciences de gestion,14
15614,Formation académique STMG - Documents utilisés pendant les formations en management,14
15615,Exploitation pédagogique d'un environnement virtuel (Assemb'Live),14
15616,Deux comportements bien différents,14
15617,Formation académique - Rénovation du Bac Pro Gestion Administrative,14
15618,Utilisation de l'ENT Elie pour le suivi de stages en BTS,14
15619,comment la gestion d'une organisation contribue-t-elle à la création de différentes formes de valeur ?,14
15620,"Enseigner les sciences de gestion en première : utiliser les outils de l'espace numérique de travail pour le thème ""Information",14
15621,La création de valeur financière fondée sur le patrimoine et fondée sur le revenu,14
15622,"Jeux sérieux - Jeux economia -taux intérêt directeur, inflation",14
15623,outils pour le BTS services informatiques aux organisations,14
15624,Jeux sérieux - droit et espaces publics numériques,14
15625,ENTREPRENDRE - PASSER DE L'IDEE AU PROJET,14
15626,"Jeux sérieux : Fixation du prix, impact de l'environnement sur les résultats de l'entreprise et commerce équitable",14
15627,Sciences de gestion : Lexique collaboratif,14
15628,le litige,14
15629,soumettre un litige à la justice,14
15630,Concevoir une séquence pédagogique en management des organisations,14
15631,Réalisation d'une fiche de lecture,14
15633,Etude de cas Management - OBNL,14
15634,Intelligence collective,14
15635,De l'individu à l'acteur,14
15636,Gestion et création de valeur,14
15637,"La Lézard'Express Régionale, un aménagement pour une mobilité durable à l'échelle urbaine ?",5
15638,Le partage de la valeur ajoutée,14
15639,La combinaison des facteurs de production et l'évolution des technologies,14
15640,Qu'apporte le management à la gestion des organisations ?,14
15641,SI - Organisation - PGI,14
15642,L'accompagnement personnalisé en lycée professionnel,14
15643,STMG- SdG - De l'individu à l'acteur - Cas Bioperfect,14
15644,Simuland - STMG - SdG - Temps et risque,14
15645,production utilisable en 1ere STMG sciences de gestion Cas JudoClub,14
15646,Simuland - STMG - SdG - Temps et risque (2),14
15647,Simuland - STMG - SdG - 3 pistes,14
15648,21 exercices de management,14
15649,Sujets et corrigés indicatifs 2012,14
15650,Sciences de Gestion : Utiliser le jeu sérieux 'secretcam' dans le thème 1 (de l'individu à l'acteur),14
15651,"Dossiers PGI Cegid accessibles en ""web access""",14
15652,BTS CGO : APS  Lautagne Sols,14
15653,Valeur sociale - Création et répartition de la valeur ajoutée - Mécanisme de la TVA,14
15654,Sciences de gestion : Introduction au programme,14
15655,Des outils pour le pilotage de la préparation à l'étude de gestion en classe.,14
15656,production utilisable en 1ere STMG sciences de gestion Intelligence collective,14
15657,L'épreuve E5 du BTS Services informatiques aux organisations,14
15658,Les enseignements professionnels de deuxième année en STS services informatiques aux organisations,14
15659,Management de la motivation : Des théories au système global de la motivation (ou vers un véritable système de la motivation),14
15660,Quels acteurs créent la richesse,14
15661,Quels sont les relations entre les acteurs économiques,14
15662,Le travail à distance,14
15663,Incidences de la « fléxicurité » dans les ressources humaines,14
15664,"Cas AMIVI : Facturation, Règlement, GED avec Open ERP",14
15665,La GED avec Open ERP,14
15666,La gestion de projet avec Open ERP,14
15667,"Groupe, réseau et socialisation",14
15668,Utiliser le jeu sérieux ECONOMIA en économie générale - BTS AG PMEPMI,14
15669,comment l'entreprise se lance-t-elle sur un nouveau marché ?,14
15670,Comment l'entreprise crée-t-elle de la valeur ?,14
15671,Le développement durable,14
15672,Comment l'ouverture internationale influence-t-elle le comportement de l'entreprise ?,14
15673,La gestion de carrière chez Distri+,14
15674,Découverte du PGI EBP Open Line (modules commercial et comptable) : les principales fonctionnalités du logiciel.,14
15675,E-administration et marketing,14
15676,Usage pédagogique de la carte heuristique,14
15677,La place de l'écrit des élèves en PFEG,14
15678,Distinction entre les enseignements de SES et de PFEG,14
15679,Débats autour de la responsabilité sociale des entreprises,14
15680,L'Economie du numérique,14
15681,La concurrence,14
15682,La régulation financière,14
15683,Approche didactique du thème  « Comment l'entreprise fixe-t-elle le prix d'un produit ? »,14
15684,Jeux sérieux Newstrat,14
15685,installation simple d'Open ERP,14
15686,Identification des personnes juridiques : Doc éléve,14
15687,STMG- Management- Organisation du travail souple ou rigide ? - Cas PSA,14
15688,STMG- SdG - Evaluation et Performance - Cas Glacier de la Poste,14
15689,STMG- SdG - Evaluation et Performance - Cas PSA,14
15690,Simuland - STMG - Séance SdG - Cas CREAREPARTVA,14
15691,STMG - Droit - La règle de droit,14
15692,Créer des présentations avec Prezi,14
15693,Simuland - STMG - Séance SdG - Cas EVALPERF,14
15694,STMG - Jeux sérieux - Sciences de Gestion - SIMULAND,14
15695,Utiliser un arbre à perles comme outil de curation de contenu et de travail collaboratif pour la préparation de l'étude en SdG,14
15696,PGI - Cas Vintage Q01 - Pourquoi construire une image financière ?,14
15697,PGI - Cas Vintage Q02 - Comment faciliter l'échange d'informations financières ?,14
15698,PGI - Cas Vintage Q03 - Comment traduire l'activité ?,14
15699,La mesure de la performance du marketing,14
15700,L'Etat en crise,14
15701,Du management participatif... au management coopératif,14
15702,Pourquoi l'EIRL ? (Analyse critique de la structure),14
15703,Réseaux sociaux et communication,14
15704,Etude de la confidentialité des données sur les réseaux sociaux,14
15705,Réseaux sociaux et recrutement,14
15706,Cas SA CLERMONT,14
15707,Le marketing digital,14
15708,Séquences pédagogiques pour le jeu sérieux Bilboket,14
15709,Installer une plateforme en ligne ou localement,14
15710,"Expérimentation ""Business game""",14
15711,"Expérimentation ""Facteur Academy""",14
15712,Ethique et marketing,14
15713,La gestion du changement dans l'entreprise,14
15714,La comptabilité par activité (méthode ABC),14
15715,SdG : Séquence pédagogique consacrée au thème 5 (TEMPS ET RISQUES),14
15716,L'Age industriel à travers le chemin de fer en Alsace,5
15717,DCG3 : Utilisation du jeu sérieux BILBOKET,14
15718,1STMG - Management : Rôle des associations,14
15719,SdG : Défi de la créativité,14
15720,En quoi les technologies transforment-elles l'information en ressources?,14
15721,Visite de SIMPLY MARKET,14
15722,Mieux comprendre la Stratégie Océan Bleu,14
15723,Des tablettes en 1STMG-SdG,14
15724,DCG : Utilisation du jeu sérieux KALYPSO,14
15725,E-FiVol : Echange de fichiers volumineux,14
15726,Jeu sérieux (Com) : Jeu d'influences - les stratèges de la communication,14
15727,Vers une reconfiguration du dialogue social en France…,14
15728,Budget et contrôle budgétaire : doit-on s'en passer ?,14
15729,Les idées d'Adam SMITH dans la mondialisation,14
15730,STMG - Mercatique - Projet - Cas Centre de remise en forme,14
15731,"Les auteurs, concepts et théories du Management (suite)",14
15732,"Les auteurs, concepts et théories du Management",14
15733,Utilisation du logiciel de virtualisation Oracle VirtualBox,14
15734,Utilisation d'un serveur virtuel Open ERP,14
15735,Document de synthèse pour le diagnostic stratégique et les options stratégiques,14
15736,1STMG : Temps et Risques,14
15737,Évaluation des pratiques collaboratives sous Moodle,14
15738,Travaux Acacdémiques Mutualisés Académie de Toulouse,14
15739,Cabinet d'expertise comptable Carancle,14
15740,Comité régional Cycl'Handi Midi-Pyrénées,14
15741,Projet SPORTISSIMO+,14
15742,Répartition du temps de travail chez Sportissimo+,14
15744,Cas SARL RAMENACH,14
15745,Cas Vintage : Première approche d'un PGI en Mercatique,14
15746,Cas Aux Iris,14
15747,"L'évolution politique de la France de 1815 à 1914 à travers Daumier, Lamartine et Pinagot",5
15748,Cas MIDI TRANSPORTS,14
15749,Le camping Rivière et Tropique,14
15750,Cas Flamingo Tours,14
15751,Cas EDEF- STMG GF,14
15752,Projet Terra d'Hélice - STMG Mercatique,14
15753,Projet VENTENLIGNE - STMG RHC,14
15754,"Enseigner les sciences de gestion en première : ""L'activité humaine constitue-t-elle une charge ou une ressource pour l'organisa",14
15755,"Enseigner les sciences de gestion en première : ""Comment la gestion d'une organisation contribue-t-elle à la création de différe",14
15756,"Enseigner les sciences de gestion en première : ""Qu'est ce qu'une organisation performante ?""",14
15757,Projet Chaffoteaux - Terminale STMG - Gestion et Finance,14
15759,Edu Portail : Bouquet d'applications en ligne,14
15760,FileX/Echange : échanger des fichiers volumineux,14
15761,Journée PLEASE,14
15762,[Droit] : Droit à la déconnexion,14
15763,L'organisation comptable,14
15764,1STMG-Management : Thème 4 - chapitre 10,14
15765,STMG-SdG : Th2 - Information et intelligence collective,14
15766,[TICE-2015] : Synthese - pédagogie de classe inversée en BTS SIO,14
15767,[TICE-2015] : Synthese - Méthodologie en management via PEARLTREES,14
15768,Reims: Classe inversée en BTS MUC et BTS AG,14
15773,STMG RHC - Projet : cas AIRPLAY,14
15775,STMG - RHC - Projet : Cas Sport 400,14
15776,"STMG Mercatique - Cas : ""le panier de mon jardin""",14
15777,STMG GF - Projet : cas Royal Dantan,14
15778,STMG Mercatique - EDC Uniqlo / distribution multicanale,14
15779,STMG  RHC - Projet : cas Clic'innov,14
15780,STMG Mercatique - EDC : Breizh Cola / valeur perçue,14
15781,STMG  RHC - Projet : cas Autopro,14
15782,STMG  Mercatique - projet : cas Boulangerie BIO,14
15783,Question de gestion 8 : La mercatique durable est-elle un mythe ou une réalité ?,14
15784,EMI et revue de presse quotidienne et pluridisciplinaire,14
15785,STMG Mercatique : EDC Batard / démarche éthique,14
15786,signe,2
15787,Question de Gestion n° 5 : la grande distribution est-elle incontournable ?,14
15788,Tutoriel : création d'un test à partir de KAHOOT,14
15789,"Création d'entreprise avec le jeu sérieux ""J'apprends J'entreprends""",14
15790,STMG - Eco-Droit - Sujet Bac Blanc,14
15791,TD Mercatique : les caractéristiques de l'offre,14
15792,[TICE-STMG] : Jeux sérieux pour la gestion d'entreprise,14
15793,[STMG-COP21] : Padlet sur l'actualité COP21,14
15794,[Classe inversée] : Mise en œuvre d'une pédagogie de classe inversée en post-bac,14
15795,"[DGEMC] : Journée ""Droit et Grands Enjeux du Monde Contemporain""",14
15796,Dossier sur les jeux sérieux en économie gestion,14
15797,Dossier sur les applications mobiles en économie gestion,14
15798,"Situation professionnelle ""Nouvelles Brasseries d'Alsace"" centrée sur les processus 1 et 3 du BTS CG.",14
15799,"Situation professionnelle ""MOD BURO"" centrée sur les processus 1, 3 et 7 du BTS CG.",14
15800,Méthodologie de lecture d'un arrêt de Cour de cassation,14
15801,"[DGEMC] : Journée ""Droit et Grands Enjeux du Monde Contemporain""",14
15802,[Numérique-2016] : Bibliothèque de ressources pour le BTS AM,14
15803,Droit - L'identité numérique,14
15804,Droit : le droit de retractation,14
15806,Vidéos en économie gestion dans le cadre du projet TraAM 2015-2016,14
15807,BTS CG : Le processus 4 en cartes heuristiques,14
15808,[DCG] : Utilisation pédagogique d'un mooc,14
15809,TraAm-2016- Tice et différenciation pédagogique pour réussir l'étude de gestion en Première STMG,14
15810,Projet fictif pour 3 élèves : LIMINTERIM,14
15811,L'évaluation des élèves au service d'un parcours de réussite en Economie Gestion,14
15812,Deux évaluations en Economie - Niveau BTS,14
15813,Liaison Bac Pro /  BTS tertiaires à Guéret,14
15814,Intégration et usages innovants de la vidéo dans les pratiques pédagogiques.,14
15815,TraAm-2016- Tice et différenciation pédagogique pour la conduite du projet de spécialité en terminale STMG,14
15816,TraAm-2016 - Réaliser des séquences vidéos sur des problématiques de communication professionnelle en BTS TC et Hôtellerie et en,14
15817,Usage d'une capsule vidéo pour une séquence en groupe,14
15818,Initiation à la  programmation en VBA avec Excel.,14
15819,Travailler en îlots bonifiés,14
15820,Vidéos sur des applications sur le  PGI Odoo,14
15821,Préparer et réaliser une animation en baccalauréat professionnel commerce,14
15822,[E-réputation] : Mes datas et moi - réseaux sociaux,14
15823,[Orientation] : Les métiers de la banque et de la finance,14
15824,[BTS AG PMEPMI] : Un ensemble de ressources dans un Pearltrees,14
15825,[Jeu sérieux-STMG] : MarketGame STMG,14
15826,[Droit-Management] : WebTV des entreprises,14
15827,[TICE] : Créez une vidéo de votre écran,14
15828,[Banque de France] : Nouveaux supports pédagogiques,14
15829,"Gazette de Palissy, Palissy première",14
15830,Accompagner les élèves de Bac Pro tertiaires en Economie-Droit-Management,14
15831,Travail collaboratif en îlot et méthode des cas en MGUC,14
15832,Challenge inter-équipes en STS MUC : réimplantation de linéaire,14
15833,PFMP : un carnet de bord numérique,14
15834,Enseignement de la natation,2
15835,La sécurité en l'escalade,2
15836,La course en durée au lycée,2
15837,Sites naturels d'escalade,2
15838,ELABORATION D'UNE FORME DE PRATIQUE ET PROPOSITION D'UN PROTOCOLE D'EVALUATION EN BADMINTON POUR LES COLLEGIENS,2
15839,Techniques et pédagogie de l'escalade,2
15840,Projet de cycle en Parapente,2
15841,Course en anaérobie,2
15842,Dossier de CO en scolaire,2
15843,Sports de combat de préhension en 6ème,2
15844,"Jonglerie , comment aborder l'activité cirque en cours d'EPS,",2
15845,Document complet sur le grand trampoline,2
15846,Enseigner la plongée à l'école et au collège,2
15847,Natation: analyse de l'activité,2
15848,Echauffement en athlétisme,2
15849,saut 16,2
15850,Enseignement de la gymnastique au sol,2
15851,Evaluation BAC - Volley-Ball et Basket-Ball,2
15852,Boxe Française Savate : Bilan Stage FPC 2004,2
15853,Tennis de Table pour le baccalauréat 2003,2
15854,CO - Bilan Stage FPC 2004,2
15855,Contenu de formation : stage FPC Escalade,2
15856,Enseigner le sauvetage à l'école et au collège,2
15857,"Feuilles de calcul pour épreuves à barème - CAP, BEP en CCF",2
15858,e-novEPS de N@ntes 1: L'EPS au-delà de la leçon,2
15859,Proposition d'outils pour l'épreuve nationale de course de durée au baccalauréat,2
15860,L'opposition de préhension au collège et au lycée (Orientation Judo),2
15861,Dossier Ski : Exemple Projet Pédagogique EPS,2
15862,Dossier Musculation,2
15863,Combat au féminin en lycée professionnel,2
15864,Enseigner la Danse,2
15865,HIP - HOP : Bilan stage FPC,2
15866,Boxe Française : Bilan Stage FPC 2004,2
15867,Boxe Française : Bilan Stage FPC 2004,2
15868,La C.O. en banlieue : Contenu de formation FPC,2
15869,ACROSPORT ET IMAGE NUMERIQUE,2
15870,Compte rendu du stage : Enseignement de la Danse en milieu scolaire,2
15871,saut 17,2
15872,Evaluation en Basket-ball par nomogramme,2
15873,Evaluation en Football par nomogramme,2
15874,Evaluation en Badminton par nomogramme,2
15875,Evaluation en Natation par nomogramme,2
15876,Enseigner le cirque au collège,2
15877,Enseigner les arts du cirque en collège,2
15878,natation utilitaire en LP,2
15879,un cycle de natation en 6ème,2
15880,Handball au lycée,2
15881,enseignement de la course de durée,2
15882,Endurance et course de durée : un exemple en 2nde BEP,2
15883,Course de relais : cycle central du collège,2
15884,Course de durée : BAC (2002),2
15885,Tennis de table : Diversité des ressources et apprentissage de tous,2
15886,echauffement exercices,2
15887,Basket en 6ème.,2
15888,Basket ball dans le cycle central,2
15889,Basket-ball : aider à la survie de l'attaque,2
15890,Escalade : collège niveau 1,2
15891,Escalade au collège : niveau 2,2
15892,Sécurité et pratique de la Course d'orientation en milieu scolaire,2
15893,Course d'orientation en milieu scolaire,2
15894,Sport de combat de préhension niveau 2,2
15895,EPS et sécurité en LP. Mise en oeuvre en escalade,2
15896,Football : Bilan stage FPC,2
15897,ChronosPocket (V. 20071018) : gestion multi-chronomètres,2
15898,Basket : De la manipulation à un début d'organisation collective,2
15899,Tennis de table - Situation jeu couloir,2
15900,Tennis de table - jeu en travers,2
15901,Tennis de table - jeu_travers,2
15902,Tennis de table - Manipulation_balles,2
15903,Tennis de table - Manipulation_balles,2
15904,Athlétisme:coureuse de haies équipe de France,2
15905,athlétisme: coureuse en tenue équipe de France,2
15906,natation plongeon1,2
15907,natation plongeon3,2
15908,natation plongeon4,2
15909,natation plongeon5,2
15910,parallèles1,2
15911,fixe 1,2
15912,ski_base2,2
15913,ADAPTER L'EPS AUX INAPTES PARTIELS,2
15914,ADAPTER L'EPS AUX INAPTES PARTIELS,2
15915,ADAPTER L'EPS AUX INAPTES PARTIELS,2
15916,ADAPTER L'EPS AUX INAPTES PARTIELS,2
15917,Enseigner les activités physiques artistiques au collège et au lycée : boite à outils a l?usage des enseignants,2
15918,ATPTournoi : fiche Excel de gestion de défis entre élèves,2
15919,mini trampoline: initiation au salto 1,2
15920,Bilan stage FPC : Badminton / Tennis de Table,2
15921,Tennis : Base de données d'images,2
15922,ATR1,2
15923,gymnastique tourner en arrière,2
15924,gym tourner cote 2,2
15925,GRS ballon1,2
15926,sol garçons appui demi-tour,2
15927,gym tourner avant 1,2
15928,acrosport vidéo 1,2
15929,acrosport vidéo 5,2
15930,"ski, situation d'apprentissage: les ballons",2
15931,Gymnastique Sportive au collège : propositions pour le niveau 1,2
15932,Aide à la construction d'un projet escalade,2
15933,Tableau de Tennis de Table sous Excel,2
15934,Vidéo et séance de saut en hauteur,2
15935,"Escalade : ""assurage"" et sécurité en images",2
15936,Escalade : proposition niveau 1 collège,2
15937,compte rendu Stage Acrosport 2007,2
15938,Escalade : Bilan de stage FPC,2
15939,Bilan Stage Step 2007,2
15940,Les Sports Collectifs,2
15941,DEMARCHE DU GROUPE DE RECHERCHE DES ACTIVITES GYMNIQUES,2
15942,traitement des activités nautiques,2
15943,L'escalade par l'image,2
15944,Le STEP en E.P.S.,2
15945,Savate Boxe Française : bilan STAGE FPC ACADEMIE 2007-2008,2
15946,LogiCross : gérer l'arrivée des participants d'un cross,2
15947,ChronosPocket (V. 20071018) : gestion multi-chronomètres,2
15948,Musculation : un cycle complet,2
15949,Bilan Stage FPC : Enseigner la Gymnastique au Collège et Lycée,2
15950,Gymnastique : un exemple d'évaluation en classe de 5ème,2
15951,ACROSPORT ET IMAGE NUMERIQUE,2
15952,Base d'Images 3D pour l'EPS,2
15953,Base d'Images 3D pour l'EPS,2
15954,Base d'Images 3D pour l'EPS,2
15955,Base d'Images 3D pour l'EPS,2
15956,Base d'Images 3D pour l'EPS,2
15957,Escalade :,2
15958,Proposition d'outils pour l'épreuve nationale de course de durée du baccalauréat,2
15959,Proposition d'outils pour l'épreuve nationale de course de durée du baccalauréat,2
15960,Gymnastique : Un exemple d'évaluation en 6ème,2
15961,Compte rendu stage FPC ESCALADE NIVEAU 2,2
15962,Gymnastique : un cycle de saut de cheval en 4ème,2
15963,"Les niveaux de jeu en volley pour ""Pocket PC""",2
15964,Feuilles de calcul pour épreuves à barème - BAC général et technologique en CCF,2
15965,Cycle de gymnastique et validation du B2I,2
15966,Traceur GPS et IDD EPS / SCIENCES,2
15967,EvaCo : fiche excel de calcul de note en C.O.,2
15968,Bilan Stage DANSE 2007 (bassin),2
15969,Redynamiser son AS,2
15970,Exemple de scénario pédagogique Gymnastique / B2I,2
15971,"Compte rendu stage APPN : organisation, responsabilité, sécurité et enseignement en stage ou pendant un cycle",2
15972,La sécurité en escalade,2
15973,Des Outils pour un Cycle en Course d'Orientation,2
15974,Athlétisme : Bilan Stage FPC,2
15975,Grille de paliers : Travail de la VMA en fonction du palier atteint au test Luc Léger navette sur 20m,2
15976,Fiche de Temps de Passage,2
15977,Fiche d'accompagnement : Utilisation du logiciel Kinovea,2
15978,Bilan Stage FPC 2008 - Sécurité et Acrosport,2
15979,Musculation CC5 au lycée.,2
15980,Course d'orientation,2
15981,ELABORATION D'UNE FORME DE PRATIQUE ET PROPOSITION D'UN PROTOCOLE D'EVALUATION EN BADMINTON POUR LES COLLEGIENS,2
15982,Gestion des EPI - (Equipement de Protection Individuelle),2
15983,Evaluation volley-ball,2
15984,Evaluation hand-ball,2
15985,Des productions à signaler,2
15986,Stage PAF Volley Ball,2
15987,Danse Niveau 1,2
15988,Utilisation de Dartfish en parcours gymniques,2
15989,Bilan Stage Rugby 2008 : Démarrer et approfondir l'enseignement du rugby en milieu scolaire,2
15990,Compte-rendu de stage FPC Musculation.,2
15991,Utilisation d'un diférré vidéo en gymnastique (apprentissage de la lune),2
15992,Utilisation de fiches interactives,2
15993,Utilisation d'un GPS en Course d'Orientation,2
15994,Utilisation d'un différé vidéo pour la réalisation d'un ATR,2
15995,Utilisation en badminton d'un différé vidéo pour l'apprentissage du smatch,2
15996,Utilisation de l'appareil photo numérique en acrosport,2
15997,Utilisation de la vidéo différée en gymnastique pour l'acquisition d'éléments gymniques,2
15998,Utilisation APN en acrosport,2
15999,Utilisation de fiches interactives en gymnastique,2
16000,TRAAM Handicap et EPS : des organigrammes de vidéos pour accompagner les consignes,2
16001,TRAAM Handicap et EPS : un Détecteur de couleur pour la C.O.,2
16002,des organigrammes de vidéos pour accompagner les consignes,2
16003,Cycle de danse d'une élève de Terminale en fauteuil électrique,2
16004,Utilisation de Dartfish en acrogyml,2
16005,Utilisation de Dartfish en barre fixe,2
16006,Utilisation de Dartfish en acrosport,2
16007,Utilisation de Dartfish en course de haies,2
16008,Utilisation d ela vidéo en acrosport,2
16009,Utilisation de Dartfish en gymnastique,2
16010,TICE ET GYMNASTIQUE,2
16011,Etude critique de document : la puissance des EU,5
16012,Course de durée N1 et N2 avec Excel,2
16013,Quels contenus dans un ENT pour les enseignants d'EPS ?,2
16014,Musculation en Lycée et Lycée Professionnel : Compilation d'outils,2
16015,Dossier Ski : Exemple Projet Pédagogique EPS,2
16016,Utilisation de GPS en course d'orientation,2
16017,Evaluation avec Excel de l'APSA académique JUDO N1,2
16018,Musculation à Maryse Bastié,2
16019,Aide à la préparation d'un cycle de 1/2 fond,2
16020,Course d'orientation avec une classe de jeunes autistes,2
16021,MUSCULATION : ENSEIGNEMENT ET EVALUATION,2
16022,I.P.P. : Renforcement Musculaire,2
16023,Utiliser le logiciel Purple Pen pour la course d'orientation,2
16024,"la fonderie d'Antoigné, Sarthe, étudier l'Âge industriel",5
16025,Utilisation de supports cartographiques en Course d'Orientation,2
16026,Cartographie et Course d'Orientation - Utilisation du GPS sous OCAD,2
16027,Feuilles de calcul pour épreuves à barème - BAC pro en CCF Session 2012,2
16028,Feuilles de calcul pour épreuves à barème - CAP-BEP en CCF,2
16029,Les activités artistiques - support de cours journées formation 2010,2
16030,Utilisation d'un site web pendant le cycle de Gymnastique,2
16031,AP outils scientifiques et pratique sportive,2
16032,CP5 Utilisation du Cardio Fréquence Mètre,2
16033,Inclusion d'une élève en situation de handicap dans une classe de seconde,2
16034,Valider des acquisitions en saut,2
16035,Observer en sport collectif,2
16036,S'initier à l'entraînement de Demi-fond en 3ème,2
16037,Se situer autour de la piste d'athlétisme lors d'une épreuve de demi-fond,2
16038,Evaluer la compétence Nager Longtemps N2,2
16039,transformations des conduites motrices comme objectifs pour des élèves en situation de handicap,2
16040,le demi-fond au collège : outil pour l'enseignant,2
16041,Identifier les éléments de la performance et individualiser les charges de travail.,2
16042,"Natation Longue : Programmes EPS, Compétences attendues dans les APSA et socle commun de connaissances et de compétences",2
16043,"handball : Programmes EPS, Compétences attendues dans les APSA et socle commun de connaissances et de compétences",2
16044,"Rugby : Programmes EPS, Compétences attendues dans les APSA et socle commun de connaissances et de compétences",2
16045,"Tennis de Table : Programmes EPS, Compétences attendues dans les APSA et socle commun de connaissances et de compétences",2
16046,"Ultimate : Programmes EPS, Compétences attendues dans les APSA et socle commun de connaissances et de compétences",2
16048,Formation judo N2,2
16049,"Compte-rendu journées d'animation ""Les Enseignements Artistiques""",2
16050,Proposition de didactisation du double dutch,2
16051,La capoeira en EPS: une démarche simplifiée permettant de proposer un cycle capoeira à ses élèves.,2
16052,Participer à la connaissance de soi et aborder des thèmes liés au développement durable à travers la pratique des APPN.,2
16053,Comparer la valeur des bonds en multibond,2
16054,Compte Rendu stage FPC : Cohérence et continuité de la natation - liaison Primaire / Secondaire,2
16055,Compte Rendu stage FPC : Natation Sportive,2
16056,Football : Bilan stage FPC : Création d'un projet éducatif dans l'activité football,2
16057,Bilan stage FPC VolleyBall,2
16058,"Travail d'écriture, de réécriture, de mise en page et d'illustration mené en lien avec l'étude de l'Odyssée",3
16059,Bilan stage FPC Ultimate,2
16060,"Compte rendu Stage FPC ""Aérobic - Step """,2
16061,Le savoir Lancer scolaire,2
16062,juger de la prise de décision en escalade,2
16063,Course en durée : protocole autour d'une piste,2
16064,Arts du cirque du N1 au N4,2
16065,Une entrée nouvelle dans les cycles d'escalade,2
16066,Le projet de cycle,2
16067,Les 5 niveaux de compétences attendues en Badminton,2
16068,Enseigner les arts du cirque en EPS,2
16069,Outil Excel Tournoi de classement défi,2
16070,Outils Tice Bac Général et Technologique Session 2013,2
16071,Outils Tice Bac Pro 2013,2
16072,Demi-fond collège : stage FPC 2008,2
16073,Stages FPC savate boxe française,2
16074,Lycées : CP5 et enseignement,2
16075,Course de Demi-Fond : Fiche Excel évaluation BAC 2013,2
16076,Relais - Vitesse : Fiche Excel évaluation BAC 2013,2
16077,Gym'EPS : logiciel de progression en Gymnastique Artistique avec description des ateliers de travail,2
16078,Histoire d'un Robinson : exemple de travail d'écriture.,3
16079,"Acro'EPS : répertoire de pyramides (duos, trios, quatuors et figures dynamiques) en acrosport",2
16080,Tennis de table : Exercices niveau 1,2
16081,Badminton : observation en EPS (Fiche Excel),2
16082,Lancer de Javelot : Fiche Excel Evaluation Bac 2013,2
16083,Pentabond : Fiche Excel Evaluation Bac 2013,2
16084,"Un exemple de blog au collège, une idée de comptes-rendus de lectures, une stimulation pour l'écriture.",3
16085,Saut en Hauteur : Fiche Excel Evaluation BAC 2013,2
16086,Course de Haies : Fiche Excel évaluation BAC 2013,2
16087,Lancer de Disque : Fiche Excel Evaluation Bac GT,2
16088,Tournoi Poules 12 terrains,2
16089,Elabrorer son projet certificatif en demi-fond,2
16090,Une métropole d'Europe : Paris,5
16091,les nouveaux territoires et l'aménagement en France,5
16093,"""La ligne générale"", film de S Eisenstein",5
16095,"La Renaissance à travers le tableau de Raphaël, la Vierge à l'Enfant avec le petit Saint jean Baptiste",5
16096,"""Voyage à Pitchipoï"". Travailler autrement sur Auschwitz-Birkenau",5
16097,"Étude en œuvre intégrale de L’Éducation sentimentale, de Flaubert",3
16099,Les totalitarismes dans les années 1930 au travers de l'histoire des Arts,5
16100,Livret interactif : l'invention de la vie politique.,5
16101,La seigneurie des Arcs,5
16102,"La renaissance artistique, livret interactif",5
16103,"La femme, comme objet poétique: égérie et vision sublimée",3
16104,L'exemple du Sénégal,5
16105,Sanctuaire panhéllenique,5
16106,Un territoire sous influence urbaine,5
16107,"science Innovation technique, société années 1870-1950",5
16109,Etude urbaine de Chicago avec Google Earth,5
16110,Etudier les mutations de la société française à partir des archives de l'INA,5
16111,Empreinte écologique et agendas 21 : sélection de sites et propositions d'exploitation pédagogique,5
16112,Construction d'un croquis de synthèse sur la région Poitou Charentes,5
16113,Coopérer et Mutualiser à partir de l'exemple de Notre-Dame-des-Landes.,5
16114,La France et l'Union Européenne,5
16115,"aménager un territoire, l'exemple de Bouaye",5
16116,deux exemples d'entreprises : les Renault et les Bollée,5
16117,une utilisation pédagogique du SIG de l'observatoire du littoral,5
16118,La seconde guerre mondiale en cartes,5
16119,Cartographies interactives sur le littoral,5
16120,Enseigner l'Union Européenne en classe de 3ème SEGPA,5
16121,La vie au Moyen Age : Lords of the Realm,5
16122,Le bipôle La Rochelle-Rochefort,5
16123,Shoah,5
16124,La SAPMER : l'exemple d'une entreprise mondiale,5
16125,A la découverte du forum romain sous la République,5
16126,L'industrialisation en section européenne allemand en première,5
16127,un exemple local de mondialisation : la Civelle,5
16128,"Ouolodiedo, village malien",5
16129,La nécropole de Gizeh,5
16130,La Renaissance,5
16131,La Révolution nationale sous Vichy,5
16132,Raconter la bataille de Bouvines,5
16133,Les Demoiselles d'Avignon de Picasso,5
16134,AP avec Moodle : travailler le développement construit,5
16135,Le chemin de fer au coeur de l'âge industriel,5
16136,Torture et guerre d'Algérie ; le récit dans l'enseignement de l'histoire.,5
16137,"L'Europe, notre foyer de peuplement",5
16138,L'enracinement de la culture républicaine. Les décennies 1880 et 1890,5
16139,L'Abbaye du Thoronet,5
16140,"L'Europe, un territoire en construction à géographie variable",5
16141,Habiter les espaces à fortes contraintes : étude de cas sur l'Île d'Yeu,5
16142,Tokyo dans la mégalopole japonaise,5
16143,Enseigner l'histoire et la géographie aux primo-arrivants,5
16144,Les régions,5
16145,Les États-Unis.,5
16146,Monuments et sites de l'Egypte ancienne,5
16147,Evaluer à l'oral au Lycée,5
16148,La Chrétienté médiévale à travers Sainte-Foy de Conques et la répression du catharisme,5
16149,L'Afrique : les défis du développement,5
16150,Le littoral de Marennes Oléron : de l'image satellitale au schéma,5
16151,L'Acropole,5
16152,L'église médiévale,5
16153,"Des pistes pour enseigner les mondes arctiques, une « nouvelle frontière » sur la planète",5
16154,L'empire arabo-musulman,5
16155,Versailles,5
16156,Les expériences politiques de la période révolutionnaire,5
16157,"Oradour, une visite dans le village martyr",5
16158,L'enjeu énergétique à travers l'exemple russe,5
16159,Bouleversements culturels et intellectuels (XVe - XVIIe) à travers un tableau de Hans Holbein le Jeune,5
16160,La propagande au service de la guerre 1940 - 1945,5
16161,Les mutations sociales de la Révolution Industrielle,5
16162,"Premiers États, premières écritures. La Mésopotamie",5
16163,"Les Schneider au Creusot, un exemple de l'industrialisation en France",5
16164,Construire une carte régionale : le Poitou-Charentes dans l'Ouest atlantique,5
16165,Les espaces urbains en Poitou-Charentes,5
16166,Le Poitou Charentes : une région en quête d'intégration,5
16167,La puissance des Etats Unis dans le monde,5
16168,Le littoral à travers les ports de la Rochelle,5
16169,Cyclone Katrina,5
16170,La Joconde,5
16171,La prévention face aux tsunamis,5
16172,Habiter la ville à travers les exemples de Strasbourg et de Ouagadougou,5
16173,Les débuts de l'islam,5
16174,Auschwitz à travers des témoignages,5
16175,"la France : mobilité des Français, disparités des régions",5
16176,Les débuts de l'islam et l'expansion de l'Occident à travers l'exemple de Jérusalem,5
16177,"L'Europe, un territoire en construction à géographie variable",5
16178,"Une ville qui ""rétrécit"" (shrinking city) Détroit",5
16179,Le conflit Israël Palestine,5
16180,La prévention du risque inondation dans deux communes du nord de l'Yonne,5
16181,Les trois églises romanes de Melle (79),5
16182,Images de la révolution industrielle en Deux Sèvres,5
16183,Travailler autour des sociétés face aux risques avec Photo Mapo,5
16184,Humanisme et Réforme,5
16185,Napoélon peint par David,5
16186,L'Europe et le Monde au XIXème siècle,5
16187,La colonisation du monde par les Européens au XIXème siècle,5
16188,Auschwitz,5
16189,être géographe et citoyen dans sa ville,5
16190,"Féodaux, souverains, premiers états",5
16191,Etude d'un front pionnier : Banfora au Burkina Faso,5
16192,Aborder les combats de la Résistance à travers le mouvement Combat,5
16193,La seconde Guerre mondiale en cartes,5
16194,Les mobilités humaines : un espace touristique au Maghreb / l'île de Jerba,5
16195,"Les territoires dans la mondialisation : les pays pauvres, l'exemple de la Zambie avec la démarche de tâches complexes",5
16196,Etude d'un grand aménagement urbain : l'axe des Deux Rives à Strasbourg,5
16197,exemples de tâche complexe en Première S,5
16198,Séquence d'introduction au programme de géographie,5
16199,Les combats de la Résistance (contre l'occupant nazi et le régime de Vichy) et la refondation républicaine,5
16200,La bataille de Stalingrad,5
16201,Séquence inversée avec ENT Box: les Etats-Unis et le monde depuis 1945,5
16202,"Les mémoires, lecture historique : le cas de la déportation pour motif d'homosexualité en France",5
16203,Etude de cas sur la région Auvergne-Rhône-Alpes,5
16204,La Révolution nationale sous Vichy,5
16205,Etude d'un sanctuaire panhéllénique,5
16206,Le projet de mariage entre Charlemagne et Irène,5
16207,Filmographie : Cinéma et totalitarisme,5
16208,"Etude de cas : le Sahara, ressources et conflits",5
16209,La seconde Guerre mondiale en cartes,5
16210,Un SPIP par et pour les élèves,5
16211,Un grand marché mondial : le café,5
16212,Exemple d'utilisation du TNI : le Front populaire,5
16213,La France de 1945 à nos jours (économie - société - culture) avec les Jalons,5
16214,Les enjeux du Parc amazonien : protéger et valoriser,5
16215,Hyperpaysages de la boucle de Monthermé dans les Ardennes,5
16216,Hyperpaysage du familistère Godin à Guise,5
16217,Le continent Africain face au développement et à la mondialisation,5
16218,Hyperpaysage de la place du Forum à Reims,5
16219,"Habiter le monde rural, l'étude de Port Louis en Guadeloupe",5
16220,Habiter un littoral industrialisé : Shimizu au Japon,5
16221,L'émigration européenne en Argentine,5
16222,la ville de Nantes à l'époque gallo-romaine,5
16223,"L'empire français au moment de l'exposition coloniale de 1931, rélaités, représentations et contestations.",5
16224,habiter l'espace rural : la Rhéorte,5
16225,la prise de la Bastille à partir de deux témoignages partisans,5
16226,La romanisation de la Gaule à travers l'exemple de Saintes,5
16227,L'Orient ancien : la Mésopotamie,5
16228,Simone Veil et le débat sur l'IVG,5
16229,L'Orient ancien au IIIe millénaire,5
16230,Les sanctuaires panhelléniques : Olympie et les jeux,5
16231,La cité des Athéniens,5
16232,Créer une affiche de propagande soviétique numérique (avec Genially),5
16233,Une métropole mondiale des Etats-Unis d'Amérique : New York,5
16234,Un transporteur maritime:,5
16235,une carte mentale pour traiter des mobilités humaines,5
16236,la classe inversée avec movenote pour créer des capsules vidéo,5
16237,L'Orient ancien : Les premières sociétés humaines en Mésopotamie,5
16238,citoyenneté et démocratie à Athènes,5
16239,Croquis Région Bourgogne Franche-Comté.,5
16240,Évaluation par tâche complexe : les villes au Moyen Age,5
16241,"Une entrée par un moment historique : 1214, Bouvines",5
16242,"Mythes et savants grecs : Pégase, Prométhée, Pandora, Démocrite et Aristarque.",5
16243,La ville de demain avec le jeu numérique Climcity,5
16245,"Malibu, un littoral convoité",5
16246,Aménager la ville de demain à Astana,5
16247,La place de l'Eglise dans l'Occident féodal à partir de l'abbaye de Bassac en Charente,5
16248,exemples de tâche complexe en Première S,5
16250,L'Empire Romain à travers la ville d'Arles.,5
16254,Brasilia en images,5
16255,HDA : exploitation d'une sortie pédagogique,5
16256,"Livret interactif : habiter la ville, Mumbaï",5
16257,Le fait régional en France: démarche et documents sur la Bourgogne et la Réunion.,5
16258,Les inégalités de développement dans le monde,5
16259,l'hiver 42-43 à Stalingrad,5
16260,L'Algérie : de la colonie à l'État indépendant,5
16261,L'émergence du « Roi absolu »,5
16263,"Habiter les littoraux : un littoral industrailo-portuaire, Houston",5
16264,"Paris Diderot VII, un aménagement proche du lycée",5
16265,La Guyane,5
16266,"Paris, ville mondiale",5
16267,Clemenceau,5
16268,Les espaces de production agricole en lien avec les marchés européens et mondiaux,5
16269,Un flux migratoire,5
16270,"Le Grand Nord canadien, une nouvelle frontière.",5
16271,Les hydrocarbures russes.,5
16272,L'Orient ancien.,5
16273,Les débuts de l'islam,5
16274,"Shanghai, un littoral convoité.",5
16275,Les tables claudiennes,5
16276,La Révolution : l'affirmation d'un nouvel univers politique,5
16277,L'aventure de la vapeur,5
16278,Etudier l'art roman et gothique avec la réalité augmentée,5
16279,"Roissy, plate-forme et hub mondial",5
16280,Les débuts de l'Islam,5
16281,La 1ère guerre mondiale : l'expérience combattante dans une guerre totale - Proposition de mise en oeuvre,5
16282,Comprendre les territoires de proximité - Proposition séance : Approches des territoires du quotidien,5
16283,"Mobilités, flux et réseaux de communication dans la mondialisation",5
16284,Les territoires ultramarins de l'Union européenne et leur dévéloppement,5
16285,L'invention de la vie politique,5
16286,De nouvelles conflictualités depuis la fin de la guerre froide,5
16287,Les échanges de marchandises : Le port de Shanghaï et la société CMA-CGM,5
16288,Victor Hugo et l'évolution politique de la France (1815-1914),5
16289,Du sentiment national à l'affirmation des nationalités,5
16290,"Aménager les villes, réduire les fractures sociales et spatiales : l'exemple de Blois",5
16291,Comprendre les territoires de proximité / Approches des territoires du quotidien,5
16292,Tâche complexe : construire l'Europe au temps de la guerre froide,5
16293,Mers et océans. Un monde maritimisé,5
16294,La place des femmes dans la vie politique et sociale,5
16295,"Les territoires de proximité : Les enjeux de l'aménagement du territoire de la CCVal, le projet Ligerval",5
16296,La France dans la Seconde Guerre mondiale : Etude comparative de deux chants de propagande,5
16297,Les principes de la Réforme luthérienne à partir du tableau la Cène de Lucas Cranach l'Ancien,5
16298,L'affirmation de l'Etat en France et la guerre de Cent Ans,5
16299,Activité sur le tympan de l'église Saint Lazare d'Autun,5
16300,CNRD : Construire une séquence en lien avec le concours,5
16301,Schéma de l'agglomération d'Angers (avec liens vers Géoportail),5
16302,Organisation et dynamiques du territoire des Etats-Unis,5
16303,La mégalopole japonaise et les catastrophes du Tôhoku. Croquis,5
16305,"La statue d'Eugène Schneider ""La reconnaissance"" d' Antoine Chapu, inaugurée en 1879.",5
16307,HDA - Les Sentiers de la gloire,5
16308,étude de la ZIP de Rotterdam,5
16309,Femmes et hommes dans la société des années 1950 aux années 1980,5
16312,"L'océan Arctique, un espace convoité",5
16313,"Etats-Unis et mondialisation : G8, FMI et prix Nobel -",5
16314,Nouveaux horizons géographiques et culturels des Européens à l'époque moderne,5
16315,Des échanges à la dimension du monde.,5
16316,"Des sociétés inégalement développées - Thème 1 ""Les inégalités devant la santé et le développement durable""",5
16318,"Des sociétés inégalement développées - Thème 4 ""La pauvreté dans le monde",5
16319,L'essor d'un nouvel esprit scientifique et technique (XVIe-XVIIIe),5
16320,"1958-1962, une nouvelle République",5
16321,"aménager un territoire, l'exemple de Bouaye",5
16322,Shoah,5
16323,Mesurer le développement humain à l'échelle infranationale,5
16324,La route du Nord,5
16325,Les principaux gratte-ciel dans le monde,5
16326,La Première Guerre mondiale vue au travers du journal du soldat Barthas,5
16327,Présentation des programmes de 1re,5
16328,L'Europe dans le monde au début du XVIIIe s ; La Rochelle et l'Acadie,5
16329,"Etude de cas : Le port de Rotterdam, porte d'entrée de l'Europe sur le monde.",5
16330,Réaliser un travail de groupe sur les mobilités des migrants vers l'Europe,5
16331,Nourrir les hommes,5
16332,Utiliser la géographie pour mieux comprendre le tsunami au Japon,5
16333,Le lithium une ressource stratégique,5
16334,Le serment du jeu de paume,5
16335,Tâche complexe : l'esclavage,5
16336,Les États-Unis,5
16337,Les pays pauvres,5
16338,Regards sur l'autre et sur l'ailleurs : L'Afrique au XXè siècle,5
16339,Schéma de Roissy CDG,5
16340,"Etude de cas sur le Mozambique, un PMA",5
16341,Sociétés et cultures urbaines du XIè au XIIIè siècles.,5
16342,L'âge industriel : Travail autour du portrait d'Armand Peugeot,5
16343,Un exemple de la violence de masse : le génocide arménien,5
16344,Comment se déroule le processus de décolonisation de l'Inde ?,5
16345,les espaces maritimes : approche géostratégique,5
16346,L'émigration européenne en Afrique du Sud,5
16347,nourrir 18 millions de Camerounais,5
16348,nourrir les hommes : étude de cas sur le terrain,5
16349,la chrétienté médiévale,5
16350,"Maus, Art Spiegelman, témoin de l'histoire du monde contemporain",5
16351,Les territoires de la mondialisation,5
16352,Villes et développement durable,5
16353,Cléopâtre,4
16355,La Première Guerre mondiale (1914-1918),5
16356,Les espaces productifs français,5
16357,"De la ville à l'espace rural, un territoire sous influence urbaine",5
16358,"Le tramway toulousain, un aménagement urbain soumis au débat",5
16359,Société et développement durable. Les sociétés face aux risques.Situation sur la Réunion.,5
16360,Construction d'un croquis de synthèse sur la région Poitou Charentes,5
16361,Médias et opinion publique dans les grandes crises politiques en France depuis l'affaire Dreyfus,5
16362,Etudier l'âge industriel à partir de La grève de Jules Adler (1899),5
16363,L'identité régionale au prisme d'un enjeu d'aménagement,5
16364,Paris et le désert Français ?,5
16365,Citoyenneté et empire à Rome (Ie - IIIe siècle),5
16366,"Toulouse, une métropole scientifique et industrielle",5
16367,La périurbanisation à Amiens,5
16368,Comment la laïcité est-elle devenue une des principales valeurs de la République ?,5
16369,Des territoires dans la mondialisation,5
16370,Les pays pauvres : étude en autonomie en salle informatique,5
16371,"Sorcières, fantômes et autres esprits",4
16372,L'Europe dans le monde au début du XVIIIe siècle : l'exemple du port de La Rochell,5
16373,L'organisation d'un espace mondialisé,5
16374,Les échanges de marchandises : l'itinéraire d'un iPod,5
16375,Comprendre les territoires de proximité : un exemple d'étude sur la région Poitou Charentes et sur Rochefort,5
16376,Conduire des lycéens à réaliser un Journal Télévisé à l'époque romaine,4
16377,Études de paysages ruraux charentais,5
16378,La Guerre froide dans la géopolitique mondiale,5
16379,"La Seconde Guerre mondiale, une guerre d'anéantissement",5
16380,La citoyenneté athénienne à travers l'étude de l'Acropole et de la frise des Panathénées (nouveaux programmes sixième),5
16381,Un produit mondialisé : l'iPhone,5
16382,Medias et opinion publique en France à travers l'affaire Dreyfus et Mai 68,5
16383,Les difficultés de la monarchie sous Louis XVI,5
16384,nommer et localiser les grands repères terrestres,5
16385,Claude Nicolas Ledoux architecte des Lumières,5
16386,Livret interactif : l'Empire romain.,5
16387,Le réseau de lignes à grande vitesse,5
16388,"Mumbai : modernité, inégalités",5
16389,Le premier empire colonial français du 16e au 18e siècle,5
16390,L'enjeu énergétique,5
16391,Voyages et découvertes du XVIème au XVIIIème siècle,5
16392,Mon musée imaginaire : quand des élèves latinistes de 5e créent une salle d'un musée virtuel antique,4
16393,Diderot à la cour de Russie,5
16394,Les femmes dans la société française de la Belle époque à nos jours,5
16395,"Etre ouvrier en France, 1830-1975",5
16396,Nourrir les hommes,5
16397,Construire un exposé sur la propagande impériale à l'aide d'Images actives en classe de 3e,4
16398,Bangkok : gérer l'eau dans une métropole du Sud.,5
16399,La France et l'Europe dans le monde,5
16400,La mondialisation en débat sur le thème de l'alimentation,5
16401,"L'eau en Namibie, ressource essentielle",5
16402,"Le bassin Caraïbe : interface américaine, interface mondiale (étude de cas)",5
16403,"L'influence mondiale de la France, à travers une étude de cas sur l'ïle de la Réunion.",5
16404,Paris et son agglomération (étude de cas),5
16405,La France intégrée dans l'Union européenne,5
16406,Les régimes totalitaires dans les années 1930,5
16407,"Le Sahara, ressources, conflits",5
16408,Les régimes totalitaires dans les années 30,5
16409,Le monde depuis le début des années 90,5
16410,Création d'une émission télévisuelle sur le personnage d’Énée en 5e,4
16411,"De la ville à l'espace rural, un territoire sous influence urbaine",5
16412,"Etude de cas, un aménagement urbain : le tramway à Reims",5
16413,EPI 3e : Huit familles dans les soubresauts de l'histoire.,5
16414,"Eugène Mercier, un entrepreneur et son entreprise (Champagne)",5
16415,Rotterdam : activité avec schémas,5
16416,Promenade virtuelle dans les vestiges de la République et de l'Empire à Rome,5
16417,"Livret interactif : une pandémie, le SIDA",5
16419,L'élargissement du monde (XVe-XVIe s.),5
16420,"Les conflits pour la terre et l'eau en Côte-d'Ivoire, une responsabilité partagée entre l'Homme et la nature ?",5
16421,de l'espace européen aux territoires de l'Union européenne,5
16423,"Paris, ville mondiale",5
16425,Médias et opinion publique en France : l'affaire Dreyfus,5
16426,11 novembre 1918 et le traité de Versailles,5
16427,« Comment concilier les activités humaines et la préservation de l'environnement dans les parc naturel régional du Pilat ? »,5
16428,"""Etude de cas historique"" en seconde : les chevaliers teutoniques",5
16429,La romanisation de la Gaule : l'exemple de Lemonum (Poitiers),5
16430,Initier les élèves de 4ème aux croquis géographiques,5
16431,La structure urbaine des agglomérations des Etats-Unis.,5
16432,"L'iPhone, un produit mondialisé.",5
16433,Des cartes pour comprendre la Russie,5
16434,Des cartes pour comprendre le monde.,5
16435,Les historiens et les mémoires de la Seconde Guerre mondiale en France.,5
16436,Familiariser les élèves avec les globes virtuels : Google Earth et Marble,5
16437,Deux chansons pour traiter des mémoires de la Seconde Guerre Mondiale en France,5
16438,Un produit mondialisé : le jean (étude de cas),5
16439,Etudier les mutations de la société française à partir des archives de l'INA,5
16440,le parc naturel régional de Brière,5
16441,habiter l'espace rural : le parc naturel de la Vanoise,5
16442,Le parc naturel régional des Boucles de la Seine normande est-il sous l'influence des villes ?,5
16443,"Des cartes pour comprendre le monde : la carte, dire le « vrai » avec du « faux »",5
16444,La Réunion,5
16445,Le carnet de Roger de Florent Silloray,5
16446,Habiter New York,5
16447,Habiter la ville (Afrique du Sud),5
16448,L'archipel des Comores face aux migrations internationales,5
16449,Habiter des espaces à fortes contraintes,5
16450,"L'expansion de l'Occident : ""Les époux Arnolfini""",5
16451,Les échanges de marchandises,5
16452,Etude comparative du tourisme à La Réunion et à Maurice,5
16453,"De la ville à l'espace rural, un territoire sous influence urbaine",5
16454,Etude de cas : se nourrir à Madagascar,5
16455,Les Européens dans le peuplement de la Terre,5
16456,L'immigration irlandaise aux Etats-Unis au XIXème siècle,5
16457,"La Réunion, territoire de vie, territoire aménagé",5
16458,L'historien et les mémoires de la guerre d'Algérie,5
16459,Etudier de façon collaborative les cahiers de doléances,5
16460,En quoi la bataille du Pacifique est-elle révélatrice de l'engagement total des sociétés dans ce conflit?,5
16461,Réaliser des fiches de révision avec ENT Box,5
16463,"Habiter Paris : étude abordée à partir d'une photographie extraite de Google ""street view""",5
16464,"Les espaces maritimes, approche géostratégique.",5
16467,"Un essai d'histoire à parts égales. Étudier une ""rencontre"", l'exemple de la capture d'Atahualpa à Cajamarca",5
16468,Ecrire en Histoire à partir d'un diaporama sur le tympan de Conques.,5
16470,Habiter Sao Paulo : utiliser Google earth en classe.,5
16471,Auschwitz : exemplarité ou singularité,5
16476,Le processus de décolonisation de l'Algérie,5
16477,Voter sous la Seconde République,5
16478,Exemple de classe inversée : la Chine et le monde depuis 1949,5
16479,Kohl - Mitterrand et l'Europe,5
16480,L'âge industriel (XIXè siècle) : ensemble documentaire sur Germinal,5
16482,Effondrement et refondation républicaine en France à travers l'exemple de la Charente,5
16483,Le PNR du Haut-Languedoc,5
16484,De la carte au schéma cartographique : un territoire de l'innovation,5
16485,"""James Cook et l'exploration du Pacifique"".",5
16486,"Campomoro-Senetosa, un site protégé de la Corse du Sud.",5
16487,"L' AOP Charente Poitou dans le thème ""habiter le monde rural""",5
16488,"Les transports : enjeux d'équité et d'aménagement, le VELO'V à Lyon",5
16489,Étude géopolitique de l'Écosse et débat sur son indépendance en DNL 1ère,5
16490,Le premier voyage de Christophe Colomb,5
16491,"Etude critique de documents : la région , territoire de vie, territoire aménagé",5
16492,"L'eau une ressource essentielle, Merbein en Australie",5
16493,Diderot et l'Encyclopédie,5
16494,Faire la biographie de Voltaire,5
16495,Les fonctions de la ville de Mari,5
16496,"Héraclès, Ulysse, étude de céramiques",5
16497,Construire une carte régionale : le Poitou-Charentes dans l'Ouest atlantique,5
16498,Analyse de document(s) : premiers pas,5
16499,La nouvelle région Auvergne-Rhône-Alpes,5
16500,une expérience combattante dans la Grande guerre,5
16502,étudier l'estuaire avec le géoportail,5
16503,Etudier les traites négrières à travers le trajet du navire Le Marie-Séraphique,5
16504,Projet d'aménagement de la RN57 en Haute-Saône,5
16505,Les régions,5
16506,"Les Schneider au Creusot, un exemple de l'industrialisation en France",5
16507,Les espaces urbains en Poitou-Charentes,5
16508,Le Poitou Charentes : une région en quête d'intégration,5
16509,"Le port du Havre, un lieu d'échanges entre la terre et la mer",5
16510,Humanisme et Renaissance,5
16511,Les femmes dans la société française de la Belle époque à nos jours,5
16512,Effondrement et refondation républicaine (1940-1946),5
16513,"Barcelone : le sport dans la mondialisation, une identité régionale",5
16514,Le changement global et ses principaux effets géographiques,5
16515,"Biopole, un exemple d'aménagement local",5
16519,La présidentialisation gaullienne (1958-69),5
16520,Etudier le risque de tsunami dans une station balnéaire de l'Oregon,5
16523,"Croquis de synthèse sur Le Havre, ville portuaire et carrefour multimodal",5
16524,Croquis simplifié de l'organisation de la mégalopole japonaise,5
16525,Construire un croquis de la Northern Range avec Inkscape,5
16526,La conquête de la Normandie par Philippe Auguste en 1204,5
16527,Habiter la ville : tâche complexe autour des paysages urbains avec Google images,5
16528,Les temps forts de la Révolution française à travers l'exemple de Talleyrand,5
16529,habiter les espaces à fortes contraintes : étude de cas sur l'ile d'Yeu,5
16530,Réaliser des biographies - Acquérir et valider des compétences du B2i,5
16531,Atelier d'écriture : A la découverte du Nouveau Monde,5
16532,Un espace productif : le site du Futuroscope,5
16533,L'affirmation des nationalismes : Le quartier wilhelmien de Strasbourg et l'unité allemande,5
16534,"La libération du territoire et le retour à la République : ""Les tondues de la Libération """,5
16535,Etude comparée des mémoires à partir de l'histoire du Chili -,5
16536,Les chemins de la puissance : les Etats-Unis et le monde depuis 1918,5
16537,Chine-Japon. Une démarche cartographique comparative,5
16538,Chrétienté et islam des mondes en contact,5
16539,L'alimentation : comment nourrir une humanité en croissance démographique et aux besoins alimentaires accrus,5
16540,La conquête de l'Algérie comme exemple de la domination française,5
16541,Etude de la ZIP de Shanghai,5
16542,"Le fonctionnement de la mondialisation, approche progressive d'une réalisation cartographique par les élèves",5
16543,"Géographie seconde, Les littoraux, espaces convoités",5
16544,Les pouvoirs de l'empereur romain à travers l'exemple d'Auguste,5
16545,Schéma de l'aménagement de l'A34 achevant ll'Y ardennais,5
16546,La vie des communautés paysannes au Moyen Age central,5
16547,Tâche complexe sur Léopold Sédar Senghor,5
16548,"La Corse, l'autre et l'ailleurs",5
16549,Classe inversée : raconter un épisode des guerres médiques,5
16550,Younès Résal un officier français dans la Grande Guerre,5
16551,Citoyenneté et démocratie à Athènes (V-IVème  siècles avant JC),5
16552,La chrétienté médiévale,5
16553,Le Brésil : ferme du monde ?,5
16554,"L'eau, ressource essentielle",5
16555,"Etude de cas : Le barrage des Trois Gorges, un chantier pharaonique pour quels enjeux stratégiques ?",5
16556,"Etude de cas : Londres, ville mondiale",5
16557,Décortiquer une oeuvre d'art avec le numérique,5
16558,Les mémoires de la guerre d'Algérie,5
16559,Enseigner l'histoire-géographie à l'ère du numérique : partage d'expériences,5
16560,L'âge industriel : étude cas sur Nantes au XIXe siècle,5
16561,TraAM : Approfondir et partager des connaissances via un mur virtuel,5
16562,Conditions féminines dans une société en mutation,5
16563,Guerre froide et construction européenne : tâches complexes autour de l'argumentation,5
16564,Les exemples de la puissance américaine dans le monde,5
16565,La mer d'Aral : un exemple désastreux de gestion de l'espace terrestre par les sociétés humaines,5
16566,Le travail collaboratif : exemple de la démocratie athénienne dans le cadre d'une classe inversée,5
16568,"La gare de Massy, un aménagement urbain",5
16569,Raconter la vie de Jean-Jacques Rousseau avec Prezi,5
16570,Dire et écrire la Libération de Paris,5
16571,"Voyages et découvertes, XVIe -XVIIIe siècle",5
16572,La métropolisation du territoire métropolitain,5
16573,Une difficile conquête : voter de 1815 à 1870,5
16574,Nourrir les hommes,5
16575,Agen et la LGV,5
16576,Aménager et développer le territoire français,5
16577,Des cartes pour comprendre le monde,5
16578,"New-York ville mondiale, géographie sonore",5
16579,Des bandes son pour les RUP,5
16580,Les années De Gaulle,5
16581,"Un événement, des mémoires",5
16582,Les villes globales asiatiques : des pôles de développement dans la mondialisation ?,5
16583,Réseaux et flux en Europe. Hub de Francfort.,5
16584,L'art totalitaire,5
16585,Étudier la Première Guerre mondiale à partir de planches de bandes dessinées,5
16587,Mesurer la croissance spatiale de Chartres à l'aide d'édugéo.,5
16588,Etre ouvrier en France,5
16590,Réaliser un croquis d'une image satellite (Shanghai),5
16591,Dunkerque : un littoral convoité et à risques dans un pays développé,5
16592,Ecoville : Aménager la ville durable,5
16593,Explorer une enluminure médiévale,5
16594,Le tour du monde de Magellan,5
16595,Organiser une sortie de terrain en Géographie au quartier Lyon-Confluence,5
16596,Les territoires du loup,5
16597,L'Iphone un produit mondialisé : réaliser un schéma systémique,5
16598,"1892, la grève de Carmaux et Jean Jaurès (1859-1914)",5
16599,"Hervé Lambert, témoin de la Grande Guerre",5
16600,Autour du film Timbuktu,5
16601,Le printemps de Botticelli,5
16602,La France : un territoire urbanisé,5
16603,Inégalités sanitaires : le paludisme,5
16604,Géopolitique du monde actuel. Cartographie interactive,5
16605,L'histoire en ligne : l'exemple des immigrés algériens en France,5
16606,L'aménagement du Center Parcs de l'Ailette (Aisne),5
16607,La figure du bon général dans le De Imperio Pompéi de Cicéron,4
16610,Une expérimentation avec VoiceThread : l'interactivité différenciée en associant l'écrit et la voix,5
16611,Etudier Mumbai grâce au numérique,5
16612,Croquis des Etats-Unis avec Inkscape,5
16614,Etudier la Statue de la Liberté,5
16615,Enseigner les risques,5
16616,les traites négrières : les mémoires de Joseph Monesron Dupin,5
16617,ménager l'atmosphère - la qualité de l'air à Los Angeles,5
16618,Du développement au développement durable.,5
16619,Villes et développement durable.,5
16620,"Rendez-vous de l'histoire : Visages d'un impérialisme culturel ? Rock, rap, électro au XX siècle.",5
16621,Les espaces productifs français étudiés sous forme d'un Plan De Travail,5
16622,"Etude de cas : Aerospace Valley, un espace productif industriel dynamique",5
16623,Les Germains,4
16624,"La libération du territoire national, l'exemple de l'Isère",5
16625,"Ressources pour enseigner avec un système d'information géographique - L'axe rhénan, interface européenne et mondiale",5
16626,"De Coblence à San Antonio, le parcours migratoire de Wilhelm Julius Kalteyer",5
16627,Présentation de la loi de séparation des Eglises et de l'Etat de 1905,5
16628,"Enseigner le territoire sous l'angle d'un système d'acteurs, l'exemple du Grand Cul-de-Sac marin (Guadeloupe)",5
16629,Les espaces productifs dans la mondialisation.,5
16630,Des colonies aux États nouvellement indépendants : la décolonisation tardive de l'Océanie,5
16631,L'émigration britannique vers l'Australie dans le cadre de la ruée vers l'or dans la seconde moitié du XIXe siècle,5
16632,Vivre dans le Grand Nouméa,5
16633,Le mystère Lapita,5
16634,Le premier peuplement de l'Océanie (croquis progressif),5
16635,Le premier peuplement de l'Océanie (frise chronologique),5
16636,Aménager les villes : réduire les fractures sociales et spatiales,5
16637,L'inégale intégration des territoires dans la mondialisation (composition),5
16638,La Révolution française: un nouvel univers politique,5
16639,Une tâche complexe: rédiger un article sur la Révolution française,5
16640,Autour des massacres de Scio vus par Delacroix : analyser une oeuvre picturale par des regards croisés,5
16641,Loc'indus Lyon-Duchère,5
16643,La transition énergétique en lien avec la densification du territoire péri urbain,5
16644,"EDPUZZLE, un outil audiovisuel pour l'avant guerre",5
16645,Les totalitarismes,5
16646,L'affaire Dreyfus,5
16647,Réaliser un wikistoire,5
16648,Les mondes arctiques : étude de cas sur l'Arctique Russe,5
16649,"Les mondes arctiques, une nouvelle frontière sur la planète",5
16650,Habiter les littoraux : la ZIP de Dégrad des Cannes (Étude de cas),5
16651,Saisir la ville par la rue,5
16652,Réaliser un document de presse institutionnelle autour d'un territoire de proximité avec le logiciel CANVA,5
16653,"Femmes et hommes dans la société des années 1950 aux années 1980 - Nouveaux enjeux sociaux et culturels, réponses politiques",5
16654,les territoires du quotidien : autour du lycée de Bouaye,5
16655,La France en villes.,5
16656,Les territoires de proximité,5
16657,Les territoires ultramarins,5
16658,Construire un croquis de la Northern Range avec Inkscape,5
16659,La Northern Range,5
16660,L'art totalitaire,5
16661,"L'école de Jules Ferry, où comment enraciner les valeurs de la République",5
16662,Un sujet d'étude autour de l'affaire Dreyfus : un combat politique et idéologique,5
16663,Habiter la ville - Amsterdam : découvrir les différentes façons d'habiter avec Street View,5
16664,"TraAM : La France en villes, appréhender le vocabulaire de base et schématiser une ville",5
16665,"Ressources pour enseigner avec un système d'information géographique - La Normandie, nouvelle région française",5
16666,"L'esclavage, une « chose criminelle » (Schoelcher)",3
16667,Présentation de la loi de séparation des Eglises et de l'Etat de 1905,5
16668,Schéma de synthèse sur l'estuaire de la Loire réalisé avec Inkscape,5
16669,Ressources pour enseigner avec un SIG - Le Grand Cul-de-Sac marin (Guadeloupe),5
16670,Réseaux et flux en Europe. Hub de Francfort.,5
16671,TraAM : Localiser les acteurs d'un aménagement à l'aide de My Maps,5
16672,La fierté d'être romain,4
16673,Les territoires de la mondialisation,5
16674,Un produit mondialisé : l'iPhone,5
16675,La mondialisation en débat sur le thème de l'alimentation,5
16676,"Etude de cas : l'IPhone, un produit mondialisé",5
16677,"De l'inégale intégration des territoires au contrôle des espaces maritimes, nouveaux enjeux géostratégiques",5
16678,Travailler autour d'Habiter une métropole en classe de 6° avec Google Maps et Google Streets,5
16679,"Ressources pour enseigner avec un système d'information géographique - L'axe rhénan, interface européenne et mondiale",5
16680,Autour d'Apicius: les repas à Rome,4
16681,À la découverte de la sculpture grecque,4
16682,"Les gaulois, ces barbares",4
16683,Les territoires conquis par les Romains,4
16684,Progression en Grec pour des élèves grands débutants,4
16685,"Le Rhin fortifié, de César à Maginot",4
16686,"La description de la Gaule par César, De bello gallico (I,1)",4
16687,Lecture d'une lettre de Cicéron,4
16688,Écrire et publier des contes en sixième avec Didapages,3
16689,Auguste et l'Ara Pacis,4
16690,La métamorphose de Daphné,4
16691,Découverte de la civilisation crétoise,4
16692,A la recherche du sens des  Confessions de Saint-Augustin,4
16693,Langues anciennes et TICE,4
16694,Sur les chemins de Rome : une séquence en latin 3e,4
16695,"Voyage réel, voyage mythique",4
16696,Sur les Affaires de la Chersonèse de Démosthène,4
16697,Étude du De Provinciis consularibus de Cicéron,4
16698,Établir une correspondance entre élèves français et italiens dans le cadre d'activités de latin,4
16699,Rêver un monde meilleur,4
16700,TICE en latin: Les douze travaux d'Hercule,4
16701,L'apologue des Membres et de l'estomac,4
16702,L'apologue des membres et de l'estomac,4
16703,Peine de mort pour un sauveur,4
16704,Analyser un corpus de textes au moyen d'une carte heuristique,3
16705,"Praxitèle, une énigme",4
16706,LYSIAS Pour l’Invalide «Pitié pour un pauvre citoyen infirme»,4
16707,ARISTOPHANELes Nuées «Quel père ! Quel fils ! »,4
16708,"CLAUDIA OCTAVIA, soeur de Britannicus et épouse de Néron, une femme victime du pouvoir impérial",4
16709,Deux femmes dans la guerre de Troie : Andromaque et Hélène,4
16710,ESPACE HOMÈRE,4
16711,Le Beau en question chez Platon,4
16712,Propos sur la cité !,4
16713,Exempla :  rhétorique et apologétique,4
16714,"Caligula, un monstre fabriqué par les hommes",4
16715,Étude d'une œuvre intégrale : Phèdre de Jean Racine,3
16716,Le bonheur en questions,4
16717,Folies impériales,4
16718,Cicéron versus Catilina,4
16719,Un maître de l'éloquence : Cicéron contre Verrès,4
16720,"Tite- Live, deux grands hommes : Scipion et Hannibal",4
16721,Socrate : une grande figure d'Athènes,4
16722,Rome contre Carthage : à la conquête de la Méditerranée,4
16723,Progression annuelle de latin pour une classe de 4e,4
16724,Séance « Res publica »,4
16725,Séance - Les Douze Césars : tous « frappés » !,4
16726,Les membres de la famille romaine : faire construire la notion aux élèves,4
16727,Les poètes du Carpe Diem,4
16728,La tempête ou la mise à l'épreuve du héros,4
16729,"Utiliser les cartes cognitives (heuristiques, mentales, conceptuelles ...) en français au lycée",3
16730,La tapisserie de Bayeux : la mission d'Harold et la guerre de Guillaume,4
16731,Histoires de mots,4
16732,Module : 3 fables en images,4
16733,Quis es ? L'Amphitryon de Plaute,4
16734,Utiliser le visualiseur numérique en classe ou en préparation de cours (lycée),3
16735,Documentation sur le péplum,4
16736,Documentation sur le péplum,4
16737,Documentation sur le péplum,4
16738,Stoïcisme et Épicurisme Séquence de latin en classe de terminale autour d'un groupement de textes,4
16739,L'otium chez les Romains,4
16740,De la rhétorique à la communication,4
16741,Enquête sur la mort de Britannicus,4
16742,Le lexique de langues anciennes au collège,4
16743,L'ABC du retour vers l'antique,4
16744,Programme Terminales Grec - Interrogations scientifiques,4
16745,Lecture du texte latin,4
16746,"Vie et mort d'Hypatie, femme grecque du IVe siècle après J.-C.",4
16747,Regards sur la femme romaine des temps légendaires à l'époque impériale.,4
16748,Outils pour la maîtrise de la langue latine : les quatre premières fiches,4
16749,Séquence sur Œdipe Roi de Sophocle,4
16750,L'imperium de Rome: comment montrer sa puissance au monde -  Un peu d'histoire des langues,4
16751,Progression annuelle de latin pour une classe de 5e,4
16752,Marie Darrieussecq traduit les Tristes et les Pontiques,4
16753,Les Saturnales,4
16754,Préparer l'épreuve facultative orale sur textes et traduction en latin ou en grec,4
16755,La divination,4
16756,Peupler Rome,4
16757,Un réseau social sur le Web en classe de Latin pour entrer dans les « Humanités numériques » ?,4
16758,Tablettes tactiles en latin,4
16759,Utiliser le visualiseur numérique en classe ou en préparation de cours (collège),3
16760,Catulle : amour et amours,4
16761,Traduire un texte latin en classe de 3e à l'aide d'un éditeur de textes collaboratif,4
16762,Faciliter la traduction à l'aide du TBI en classe de 3e,4
16763,Élaborer un jeu de reconnaissance des dieux et déesses de l'Olympe à partir de photos-mystères et d'un questionnaire,4
16764,« Regarder le ciel » : corpus sur l'astronomie grecque,4
16765,Préparer sa visite scolaire au Vatican et à Rome.,4
16766,Mécène et le mécénat : créer un diaporama collectif en latin 3e,4
16767,Créer un documentaire fiction en plusieurs épisodes sur Cicéron,4
16768,Créer un support chronologique en ligne sur le monde romain,4
16769,Lire une peinture mythologique avec Images Actives,4
16770,Lire en latin en cinquième : entrer dans un texte par les langues vivantes,4
16771,La condition féminine et les parcours de séduction dans Don Juan. Recherche documentaire guidée sur Internet,3
16772,Reconstituer le voyage d’Énée en classe de 5e grâce à un éditeur de cartes numériques,4
16773,Brosser des portraits d'empereurs romains avec le site Pearltrees,4
16774,Une correspondance en latin,4
16775,Réaliser l'interview oralisée d'un empereur romain à l'aide d'un logiciel d'animation d'image,4
16776,Enquête lexicale en latin,4
16777,Bienvenue aux Gaulois!,4
16778,Récit et transmission des valeurs par une lecture oralisée,4
16779,Améliorer l'oral par un travail en partenariat,3
16780,Organiser la visite du site de Tarquinia avec des élèves,4
16781,"Lire, traduire et enregistrer des recettes romaines au format audio en 5e",4
16782,Créer un feuilleton radiophonique en cours de LCA,4
16783,Découvrir le langage poétique: jouer avec les mots et les sons,3
16784,Utiliser les outils de l'Atelier Bovary pour travailler à partir des brouillons de l'écrivain,3
16785,Les dragons : étude du merveilleux dans le roman de chevalerie et lecture documentaire sur Internet,3
16786,La femme dans les Métamorphoses d'Ovide,3
16787,Participer à un EPI en 3ème : autobiographie et immigration,3
16788,Projet de progression annuelle - Classes de 6e - Fiche actualisée,3
16789,Un projet d'écriture longue : Le mystère en Égypte,3
16790,Produire un diaporama en 6e pour raconter le jugement de Pâris à l'oral et à l'écrit,3
16791,L'écriture longue au collège : du rêve à la réalité,3
16792,Lire Sarrasine de Balzac : prolongements culturels et artistiques,3
16793,"Découverte d'Angelo Beolco dit Ruzante, « Retour de guerre » et « Bilora »",3
16794,Du côté de chez Swann,3
16795,Balzac et la peinture,3
16796,Les Métamorphoses d'Ovide,3
16797,"La Bruyère - Les Caractères ou les mœurs de ce siècle, ch. De la cour, Des Grands",3
16798,"Le traitement de texte, un outil pour la classe de lettres",3
16799,"Yves Bonnefoy  - Les Planches courbes , « La maison natale »",3
16800,"Yves Bonnefoy -  Les Planches courbes, « Dans le leurre des mots »",3
16801,Pratiquer l'écriture créative en classe,3
16802,L'écriture flaubertienne,3
16803,L'étude du récit,3
16804,Théâtre et représentation : Lorenzaccio de Musset (1834),3
16805,Ionesco - Le Roi se meurt,3
16806,Étude de l'incipit de la Curée de Zola,3
16807,"Sites internet de Lettres, niveau collège et lycée",3
16808,La satire au temps des Lumières: l'Ingénu de Voltaire,3
16809,"W ou le souvenir d'enfance, Georges Pérec",3
16810,Écriture et vision du monde dans la  poésie baroque,3
16811,Écriture d'invention sur les pas de Victor Hugo,3
16812,Étude de tableau : La métamorphose de Narcisse de S. Dali,3
16813,Étude de Ruy Blas,3
16814,"La description, développer les compétences syntaxiques",3
16815,Traitement de texte et mise en page de textes argumentatifs,3
16816,Faire l'analyse d'un poème sans support textuel,3
16817,Mener une séance de correction collective de rédaction avec les tice,3
16818,Étude du film « Il faut sauver le soldat Ryan » de Steven Spielberg,3
16819,Créer un audio guide sur l'affaire Calas,3
16820,Le rêve du jaguar,3
16821,Utiliser le CD-Rom Euriskô dans le cadre de l'étude de quelques textes de l'héritage antique,3
16822,Une utilisation du logiciel CONTE3,3
16823,"Établir l'édition commentée d'un récit contemporain : Les Onze, de Pierre Michon",3
16824,Faire rendre compte d'une lecture cursive grâce aux TICE,3
16825,Au pays des contes : les ressources numériques comme déclencheur d'écriture,3
16826,Genèse &amp; publicité(s),3
16827,Les ressources TICE pour aider à la lecture analytique,3
16828,Découvrir le monde de la sorcellerie,3
16829,Étude d'une œuvre intégrale : Un roi sans divertissement de Jean Giono (1947),3
16830,Les Fleurs du Mal de Baudelaire,3
16831,Entrons dans l'univers des poètes et des peintres,3
16832,Coup de projecteur sur L'Illusion Comique de Corneille,3
16833,Expérience heuristique Diderot/lecture d'une œuvre à la composition complexe,3
16834,L'oeuvre de Delacroix vue par Baudelaire,3
16835,Français langue seconde,3
16836,"Le poème, une énigme ? Enquête sur le sens dans la poésie de Tardieu",3
16837,Faire construire une séquence par les élèves à partir d'une représentation théâtrale,3
16838,Composition et décomposition : évocations poétiques de la mort,3
16839,Utilisation des tablettes dans le cadre d'un projet culturel,3
16840,"Le Romantisme, souffrance et exaltation de l'âme solitaire",3
16841,Chevalerie 2.0,3
16842,"Du héros à l'anti-héros, d'un monde à l'autre",3
16843,"Lire, dire, écrire la paix... après l'horreur",3
16844,Les réécritures - le mythe de Dom Juan,3
16845,La guerre de Troie n'aura pas lieu,3
16846,Le français en classe de BTS,3
16847,Poésie en puzzle,3
16848,Quand la peinture inspire la poésie,3
16849,Quand la peinture inspire la poésie,3
16850,"Diderot, un parcours de lecture",3
16851,Diderot parcours de lecture,3
16852,résumé - reformulation de texte,3
16853,synthèse de documents,3
16854,Le personnage de comédie,3
16855,Dossier Ibsen,3
16856,Réaliser un film avec des smartphones en classe de 6e,3
16857,Un dossier autour d'une œuvre littéraire en classe de sixième,3
16858,Ruy Blas,3
16859,"Zola, Comment on se marie, Comment on meurt",3
16860,Étude et pratique de la langue et œuvre intégrale au cycle central .La Farce de Maître Pathelin,3
16861,Un exemple d'utilisation des tice dans le cadre d'un chapitre consacré à la poésie.,3
16862,la réécriture des mythes grecs au 20e siècle,3
16863,séquence sur l'autobiographie,3
16864,"Les Raisins de la colère, film de John Ford",3
16865,Phèdre de Jean Racine ou la passion représentée,3
16866,Jules Vallès : L'Insurgé,3
16867,CHEVALERIE 2.0,3
16868,Antigone de Jean Anouilh : Une mise en scène de l'affrontement.,3
16869,Le travail de l'écrivain à travers Mme Bovary et La bête humaine,3
16870,"Le passage : traduction, interprétation ou la lecture comme geste",3
16871,Petit site Internet réalisé avec des élèves : Petits contes nègres pour les enfants des blancs,3
16872,La Minute Littéraire,3
16873,Dissertation sur les Châtiments de Victor Hugo,3
16874,Exploitation d’une lecture cursive dans une classe de 2de: Oedipe Roi de Didier Lamoison,3
16875,Approches et problématiques des Châtiments de Victor Hugo,3
16876,Séquence sur les Châtiments de Victor Hugo,3
16877,Écrire un roman épistolaire dans le genre science-fiction,3
16878,Le Sphinx dans tous ses états,3
16879,Bibliographie sur le cinéma,3
16880,Usages des TICE en Lettres,3
16881,Par la lecture multisensorielle pour la lecture analytique,3
16882,Le biographique par la lecture de l'image.,3
16883,Faire écrire des élèves en difficulté ; séquence sur la fable,3
16884,Évaluer la lecture cursive : création d'une PréAO par les élèves,3
16885,"Exploitation d’une lecture analytique dans une classe de 2de:  Essais , Montaigne,  I , 31« Des cannibales »",3
16886,"Le théâtre -Texte et représentation - Les Caprices de Marianne, Musset",3
16887,L'idée de bonheur au siècle des Lumières : ambiguïtés et réversibilité,3
16888,TPE: «  Représenter la guerre »  (lettres / histoire géographie),3
16889,"Double meurtre à l'Abbaye, J. Mirande",3
16890,LA FABLE : Histoires d'animaux…histoires d'hommes ?,3
16891,"Rabelais, Gargantua",3
16892,"Étude du recueil : Paroles de Poilus, Lettres et carnets du front, 1914-1918,",3
16893,Un exemple d'utilisation du traitement de texte en 6e,3
16894,Histoire de lecteurs:,3
16895,Une séance de lecture/écriture en 6e avec des élèves en grandes difficultés,3
16896,Exploitation de l’image dans le cadre d’une étude de la dénotation et de la connotation,3
16897,Lire des récits autobiographiques pour parler de soi,3
16898,Littérature du Moyen-Age: Le Roman de Renart,3
16899,"Quel point de vue?: étude d'une affiche de propagande, l'Affiche rouge, de la lettre-testament de Manouchian, du poème",3
16900,Découvrir la poésie lyrique,3
16901,La description des lieux,3
16902,le monde romain antique : Strasbourg à l'époque romaine,3
16903,"Une vie toute neuve, film d'Ounie Lecomte",3
16904,Iphigénie sacrifiée,3
16905,cinq séquences TICE en première,3
16906,"Voltaire, Micromégas",3
16907,BTS: progression pour le thème La Fête dans ses dimensions collectives,3
16908,BTS: progression pour le thème Risque et progrès,3
16909,BTS - Réalisation d’exposés sur le thème de la Fête,3
16910,Séance pour le thème Risque et progrès,3
16911,"L’apologue et la philosophie des Lumières - Étude de Zadig ou la destinée, de Voltaire",3
16912,"Texte et représentation - Étude de Georges Dandin , de Molière",3
16913,Jacques le Fataliste de Diderot - Satire de l’Église,3
16914,Étude de la langue: La Chanson de Roland - L’expression de la violence des hommes:,3
16915,Un barrage contre le Pacifique de Marguerite Duras,3
16916,L'autobiographie,3
16917,"Le Horla, une nouvelle fantastique",3
16918,"Laclos, Les Liaisons dangereuses",3
16919,"Zola, Thérèse Raquin",3
16920,"Harry Potter à l'école des sorciers, J.K. Rowling",3
16921,Dénoncer le racisme,3
16922,La nouvelle fantastique au XIX ème siècle,3
16923,BTS - Proposition de séquence sur le thème : « Être un jeune adulte aujourd’hui »,3
16924,Les réécritures: Cendrillon,3
16925,Enjeux et difficultés de la mémoire dans l’écriture autobiographique:,3
16926,communiquer,3
16927,Le Barbier de Séville  de Beaumarchais,3
16928,Préparation à l'EAF - Le sujet d’invention en classe de seconde,3
16929,"Le Roi Lear de Shakespeare, mise en scène de Jean François Sivadier",3
16930,Théâtre - L’École des femmes de Molière,3
16931,Étude de la langue: Le sujet et l'objet - Extrait de L’Odyssée (Homère),3
16932,Étude de la langue: Le portrait du rustre (Yvain ou le Chevalier au Lion)- Le portrait valorisateur,3
16933,Séquence : Le Grand Meaulnes : du livre au film,3
16934,Étude de la langue: La phrase impérative,3
16935,Étude de la langue: La proposition infinitive,3
16936,"Inconnu à cette adresse, de Kressmann Taylor (Troisième)",3
16937,Étude l'argumentation en 2de: lire la presse et étudier les moyens de l’argumentation,3
16938,Étudier C'est la guerre de Calaferte,3
16939,Étude du roman Bel-Ami (1885) de Maupassant,3
16940,"Étude de la langue: les propositions indépendantes, juxtaposées et coordonnées",3
16941,Lire un roman de chevalerie : Yvain ou le chevalier au lion (Étude 2),3
16942,"« Les jeux de l'humour et de l'amour » dans Il ne faut jurer de rien, d'Alfred de Musset.",3
16943,"Le Petit Prince de Saint-Exupéry, en classe de 6e",3
16944,"La Bible et les textes d'inspiration biblique, en classe de 6e",3
16945,"Étude de la langue: la proposition subordonnée complétive conjonctive introduite par « que », en classe de 6e",3
16946,"Thème « faire voir, comment, pour quoi ? »",3
16947,Que nous raconte Antigone aujourd'hui ? A La Une du journal de Thèbes,3
16948,Séquence « Travail de l'écriture » en seconde : français et TICE,3
16949,"Souvenir de la nuit du 4, Victor Hugo",3
16950,Structurer un dossier de synthèse,3
16951,"Gustave Flaubert, romancier",3
16952,La tragédie classique et le travail d'un dramaturge : Racine et sa Phèdre,3
16953,"La Planète des singes, Pierre Boulle",3
16954,"Étude de la langue: le discours direct, en classe de 6e",3
16955,Azur et Azmar,3
16956,"FLE-FLS : « Plus vite, plus haut, plus fort » : les Jeux Olympiques de l'Antiquité au XXIe siècle :",3
16957,Contrôle de lecture - Les Contes bleus du chat perché,3
16958,"Le Fils du pauvre, Mouloud Feraoun",3
16959,Les Fées de Perrault: activités de lecture et d'écriture autour du conte et de deux autres versions,3
16960,B2i et recherches sur internet:,3
16961,Utilisation des TICE en classe de seconde : réaliser la « une » d'un journal,3
16962,Le magicien d'Oz de L. Frank Baum,3
16963,"Le roman d'une vie : « Une Vie », Maupassant",3
16964,Questions sur les blogs - blog en question,3
16965,L'Héritage antique: Les Métamorphoses d'Ovide,3
16966,La Fable,3
16967,"Voyage au centre de la terre , Jules Verne -  Le rôle des descriptions dans un roman d'aventures",3
16968,"Antigone, d'Anouilh, une tragédie du XXe siècle",3
16969,"Phèdre de Racine : cartographier la scène de l'aveu (I, 3)",3
16970,Écriture collaborative en 4e : construire une intrigue policière à l'aide d'une carte heuristique,3
16971,Créer un recueil collaboratif avec la fonction base de données de moodle,3
16972,Peinture et Lecture,3
16973,Impromptu théâtral,3
16974,L'étude d'un clip vidéo...en complément à l'étude de nouvelles à chute,3
16975,L'étude d'un clip vidéo...en complément à l'étude de nouvelles à chute,3
16976,Le Hussard sur le toit de Jean Giono (1951) ou le héros à l'épreuve du réel,3
16977,"Tableaux du Musée Calvet en relation avec le thème Faire voir: quoi, comment? pour quoi?",3
16978,Édition numérique des Fêtes galantes (Verlaine),3
16979,Réussir en seconde : compétences fondamentales à consolider,3
16980,Lecture littéraire de quelques ouvrages de littérature jeunesse,3
16981,Conférence : Les Liaisons dangereuses de Choderlos de Laclos ; Film : « Les Liaisons dangereuses » de Stephen Frears,3
16982,Conférences : Le roman et ses personnages : visions de l'homme et du monde,3
16983,"Victor Hugo, Ruy Blas : Documents pour étudier la représentation",3
16984,Dossier  : Le jour se lève Léopold! Serge Valletti,3
16985,"Boule de Suif,  Maupassant",3
16986,La Belle histoire de Leuk-le-Lièvre : de Léopold Sédar Senghor et Abdoulaye Sadji,3
16987,"Les Contes d'Amadou Koumba  : de Birago Diop , 1947",3
16988,Travailler l'oral dans le cadre d'une séquence sur un recueil de nouvelles de Guy de Maupassant,3
16989,"Littérature du Moyen-Age: Le Roman de Renart, une œuvre de dérision critique médiéval",3
16990,Étude de la langue: La phrase exclamative et la phrase non verbale,3
16991,Étude de la langue: La négation,3
16992,Étude de la langue: l'adjectif qualificatif -,3
16993,Étude de la langue: Les compléments essentiels,3
16994,Claude Gueux: étude d'un récit à valeur argumentative,3
16995,Littérature du Moyen-Age: Perceval ou le conte du Graal,3
16996,Littérature du Moyen-Age: une séquence sur Tristan et Yseut,3
16997,Lecture en œuvre intégrale de La Vénus d'Ille de Prosper Mérimée,3
16998,"Molière, Le Médecin volant",3
16999,Étude de la langue: le verbe,3
17000,Étude de la langue: écrire dans le cadre d'une séquence consacrée à l'Odyssée,3
17001,Étude de la langue: écrire dans le cadre d'une séquence consacrée au conte-,3
17002,Étude de la langue: écrire dans le cadre d'une séquence consacrée aux Métamorphoses d'Ovide-,3
17003,Exemples de correspondances possibles entre progression grammaticale et séquences consacrées aux œuvres étudiées,3
17004,Lire l'Odyssée en sixième,3
17005,Atelier d'écriture à partir des Métamorphoses d'Ovide,3
17006,Voyage au bout de la 1re L,3
17007,L'Homme d'aujourd'hui en question : littérature numérique et art contemporain,3
17008,Paris au XIXème siècle,3
17009,Les valeurs du conditionnel,3
17010,Lire une pièce de théâtre et réaliser un livre en réalité augmentée,3
17011,"Opération ""sur ses mots"" : jouer avec les mots et les notes pour écrire une chanson",3
17012,Comment choisir une lecture cursive et comment la restituer ?,3
17013,Projet annuel pour une classe de seconde,3
17014,Enrichir un portrait grâce aux expansions du nom.,3
17015,Faciliter la lecture d'une œuvre intégrale à l'aide des dictionnaires en ligne,3
17016,"Ruy Blas ou le romantisme en scène ,  Victor Hugo (1838)",3
17017,Lecture en œuvre intégrale de La Peste d'Albert Camus (1947),3
17018,Le Chant des Sirènes,3
17019,Projet annuel pour une classe de 1re et séquence sur l'autobiographie: « Qui se confesse ment »,3
17020,Séquence sur le renard dans les Fables de La Fontaine,3
17021,"Vendredi ou la vie sauvage, de Michel Tournier",3
17022,Le concours des 10 mots de la langue française,3
17023,La commedia dell'arte,3
17024,"Préparation à l'EAF - Verlaine, « Mon rêve familier »",3
17025,Divers fichiers sur le thème « Le détour »,3
17026,Séquence de 1re année : La vie de couple,3
17027,Le soutien en 2e avec le TBI,3
17028,La réécriture des mythes grecs,3
17029,La famille d'hier à aujourd'hui,3
17030,"Projet annuel pour une classe de seconde, avec 4 séquences détaillées:",3
17031,La communication : apprentissage de la synthèse de documents,3
17032,Exercices de style au long cours,3
17033,Un jour mon prince me bloguera,3
17034,Victor Hugo contre la peine de mort,3
17035,Séquence sur l'Odyssée,3
17036,Séquence sur l'étude en œuvre intégrale  d'Arria Marcella de Théophile Gautier,3
17037,Le monde romain antique,3
17038,"Yslaire, Sambre, étude synthétique et analytique",3
17039,Plan de séquence sur 14 semaines,3
17040,Harold et Maude,3
17041,« Pourquoi j'ai mangé mon père » de Roy Lewis,3
17042,Exemples de séances autour du lexique - Nouveaux programmes de 5e,3
17043,Littérature du Moyen-Age: Le Roman de Renart - Nouveaux programmes de 5e,3
17044,Recherche action sur le lexique: expérience menée au collège Marcel André - classes de 5e,3
17045,Recherche action sur le lexique: séquences au collège Belle de Mai,3
17046,Recherche action sur le lexique: 3 séquences au collège André Malraux - classes de 5e,3
17047,Les Pensées de Pascal,3
17048,Rimbaud secret,3
17049,La Farce du Cuvier : Une farce du Moyen Age,3
17050,Faire rire au théâtre: la farce de Maître Pathelin,3
17051,Les degrés de l'adjectif qualificatif,3
17052,"Grammaire, lexique, écriture : travail en lien avec une séquence sur Le Roman de Renart",3
17053,Je mourrai pas gibier,3
17054,Écrire une nouvelle fantastique en 4e,3
17055,La Carte du Tendre et le vocabulaire amoureux au XVIIe siècle,3
17056,Écriture d'invention   à partir d'une nouvelle de Pascal Mérigeau  : Quand Angèle fut seule...,3
17057,"Beckett, Fin de partie : conférence pour l'étude de l’œuvre en terminale L",3
17058,Parcours de personnage : Lorenzaccio de Musset,3
17059,Conception d'un module de préparation à la dictée par un groupe d'élèves en remédiation,3
17060,Du rêve aux désillusions 2 : film « Le Petit Lieutenant » de Xavier Beauvois.,3
17061,Activité lecture en 6e : Lire « La petite poule rousse »,3
17062,"Flaubert, Un cœur simple : équiper un texte numérique en classe de Seconde",3
17063,"Voltaire, L'Ingénu : un texte équipé par des classes de Première",3
17064,Le Nom de la Rose de Jean-Jacques Annaud:  Lire le monde comme un livre; lire le livre comme un monde,3
17065,Image et narration avec le Jeu de Paume,3
17066,Validation du B2i : utilisation de la fonction « Rechercher » des traitements de texte,3
17067,"Grammaire, lexique, écriture : travail en lien avec une séquence sur Le Roman de Renart",3
17068,Chrétien de Troyes : Perceval ou le conte du Graal,3
17069,Ambiguïtés de l'écriture réaliste des romanciers du XIXe siècle (Groupement de textes),3
17070,Tableaux du Musée Calvet en relation avec le thème Génération(s),3
17071,Lire des Fabliaux - classes de 5e,3
17072,Étudier le vocabulaire lié à un métier,3
17073,Écrire un conte en classe de sixième,3
17074,Expérimentation d'un pôle humaniste en classe de 4e,3
17075,Parcours de personnage : Vanina Vanini de Stendhal,3
17076,Utiliser un blog dans un cadre pédagogique,3
17077,Créer un livre audio : écrire et enregistrer un récit de chevalerie,3
17078,Enrichir et affiner l'emploi du lexique de l'affectivité à partir de la lecture analytique d'un extrait d'une pièce de thé,3
17079,Écriture longue en 6e au collège Jacques Prévert,3
17080,Pour commencer avec le rire,3
17081,Le rire irrévérencieux,3
17082,La nouvelle réaliste au XIXe siècle,3
17083,Progression annuelle 3e,3
17084,"Étudier une nouvelle fantastique du 19e siècle - Arria Marcella, Théophile Gautier  -  Histoire vraie de l'éruption du V",3
17085,La nouvelle fantastique - Dialogues et silences dans Frankenstein de Mary Shelley,3
17086,Progression annuelle 3e et  séquences détaillées,3
17087,Nouvelles du XXe siècle,3
17088,Les récits d'aventures,3
17089,Un secret de Philippe Grimbert - classes de 3e,3
17090,L'épopée de GILGAMESH,3
17091,Un travail sur les prix littéraires en classe de seconde.,3
17092,Un exemple d'écriture longue sur la narration,3
17093,Faire écrire les élèves avec Twitter,3
17094,Écrire et lire sur les thèmes au programme du BTS,3
17095,Lire et écrire pour l'EAF : le rapport de Brodeck,3
17096,"Au plaisir des mots : lire, écrire et publier avec Twitter",3
17097,L'enquête policière : une méthode pour apprendre à lire un texte,3
17098,Parcours de lecture dans « Terre des hommes » d'Antoine de Saint-Exupéry,3
17099,Parcours de lecture dans « 1984 » de George Orwell,3
17100,Réflexions sur le mythe d'Antigone,3
17101,Un Roi Sans Divertissement de Jean Giono,3
17102,Jardins naturalistes de Zola : Descriptions et registres. Séquence 2de,3
17103,Tragique et argumentation : Antigone d'Anouilh,3
17104,Faire lire René Char,3
17105,Aborder René Char au collège,3
17106,Situation d'Yves Bonnefoy dans la poésie d'après 1945,3
17107,"Trois études : la voix lointaine, la maison natale, les planches courbes",3
17108,Bibliographie autour d'Yves Bonnefoy,3
17109,Conférence sur Primo Lévi,3
17110,Biographie : Primo Levi ou la tragédie d'un optimiste,3
17111,"Les personnages dans Si c'est un homme, de Primo Levi",3
17112,Du récit au travail de mémoire,3
17113,L'écriture de Primo Levi dans Si c'est un homme,3
17114,"Si c'est un homme, un récit autobiographique ?",3
17115,Bibliographie pour Si c'est un homme,3
17116,"Le Procès, de Kafka à Welles",3
17117,Nadja : l'image surréaliste,3
17118,Autour du biographique : Marguerite Yourcenar. Recherche documentaire guidée sur Internet,3
17119,Comment le traitement de texte favorise-t-il l'amélioration des productions écrites ?,3
17120,La Vendetta de Balzac,3
17121,Comment apprendre à lire et à dire en produisant des nouvelles à chute en classe de 3e grâce aux TIC.,3
17122,La Tavoletta tactile,3
17123,P'Oasis : atelier d'écriture poétique avec tablettes numériques en Cinquième,3
17124,Autour de Marco Polo : écriture collaborative d'un bestiaire imaginaire sur tablettes numériques,3
17125,Écrire ensemble par-delà l'océan,3
17126,"Opéra, informatique et vidéo au lycée",3
17127,"Mener, organiser et présenter une recherche en B.T.S.",3
17128,HDA et nouveaux programmes de 2de : pistes,3
17129,Indiana Jones et la dernière croisade : un roman de chevalerie ?,3
17130,Exercice interactif sur les différentes parties d'une lampe.,9
17131,"Roberto Zucco de Koltès, propositions de séquences sur la lecture intégrale de l'œuvre",3
17132,"« Un conte peul », projet mené dans le cadre d'un enseignement d'exploration théâtre en classe de seconde",3
17133,Écriture d'invention à la manière de Molière,3
17134,Médée,3
17135,Phèdre,3
17136,Iphigénie,3
17137,Andromaque,3
17138,La tragédie à Athènes,3
17139,Tragédie et comédie à Rome,3
17140,Les barbares vus par les écrivains antiques,3
17141,"Le sport, miroir de notre société",3
17142,Écrire collectivement un extrait narratif,3
17143,Analyser les personnages de La Peste d'Albert Camus avec les réseaux sociaux,3
17144,Écrire un récit du Moyen-Age avec l'aide de la tablette tactile,3
17145,A la manière de « 2000 ans d'histoire » : une émission sur le Moyen-Age,3
17146,Les Assises Internationales du Roman (A.I.R.) 2011-2012.,3
17147,Mettre en scène un roman dans le cadre d'un prix littéraire,3
17148,Création d'une web TV littéraire en classe de 2de,3
17149,Mettre en voix et en musique un texte poétique,3
17150,Introduire l'autobiographie en 3e avec les tablettes tactiles,3
17151,Partage de lecture : un projet d'écriture collaborative sur Wikipédia,3
17152,Lire la presse en ligne et réaliser une revue de presse,3
17153,Projet « du fabliau à la BD » - 5e/2de pro,3
17154,Pourquoi et comment dire l'indicible ? Lire une oeuvre de manière collaborative,3
17155,Écriture d'un récit médiéval avec intégration d'images et sons,3
17156,Utiliser le podcast pour éclairer la lecture d'une œuvre autobiographique,3
17157,Utiliser un serious game en cours de français,3
17158,"Voyages rêvés, voyages vécus - projet d'enseignement d'exploration littérature et société",3
17159,Échange oral en CAP : « Table ronde » sur les Euclidiennes de Guillevic,3
17160,BTS Thème  Cette part de rêve que chacun porte en soi,3
17161,Indiana Jones est-il un chevalier ? Séquence sur le récit de chevalerie,3
17162,"Regards sur la Grande Guerre,",3
17163,Looking for Eric de Ken Loach synthèse,3
17164,Donner vie à des figures d'enfants du XIX siècle,3
17165,Parcours à travers la peinture dans un roman épistolaire,3
17166,Lucrèce Borgia et la figure du monstre dans le théâtre romantique,3
17167,Un espace numérique pour préparer collectivement les EAF,3
17168,Exercer un regard critique sur les résultats d'une recherche documentaire sur internet,3
17169,Un carnet de bord numérique des activités culturelles,3
17170,Raconte-moi ta séquence en Pecha-Kucha,3
17171,Les métamorphoses de la liseuse,3
17172,Carnet de lecture sur un ENT,3
17173,Présenter une revue de presse en classe de BTS,3
17174,Participer à Wikipédia en écrivant un article,3
17175,Une appropriation numérique de Phèdre,3
17176,Création d'un livre numérique franco-allemand en Aide Personnalisée 6e,3
17177,Écriture d'un récit à partir d'un album muet en Aide Personnalisée 6e,3
17178,Préparation à l'oral de l'E.A.F. avec les tablettes,3
17179,Pratiquer la lecture cursive au collège ou au lycée à l'aide d'un logiciel de cartes mentales,3
17180,Pratiquer la lecture cursive au collège ou au lycée à l'aide d'un logiciel de cartes mentales,3
17181,Réaliser un court-métrage d'animation à partir de L'Odyssée d'Homère,3
17182,Lire des images en les annotant à l'aide d'un service en ligne dans une séquence au collège,3
17183,Imaginons le transport du futur,3
17184,L'Oulipo et la ville : une activité mêlant les TICE et l'histoire des arts,3
17185,Poésie et gourmandise en 6e,3
17186,Ecriture d'un conte de sagesse avec les mots de la francophonie en classe de 6e,3
17187,Mener des activités de recherche et d'exposé en interdisciplinarité en utilisant la PAO,3
17188,Séquence sur le conte en 6e,3
17189,Ecriture poétique collaborative : Quel avenir pour ma terre ?,3
17190,Vers la lecture expressive,3
17191,Jouer avec les codes : écrire une lettre de non-motivation,3
17192,"Œuvre intégrale : Mauriac, Le Sagouin",3
17193,Amener les élèves à écrire une nouvelle sur Facebook,3
17194,Entrer dans la lecture des Vies Minuscules de Pierre Michon par l'écriture créative,3
17195,"« J'te dérange ? - Non, non… »",3
17196,Ateliers de micro-écritures avec Twitter en 2de,3
17197,Travailler l'oral avec l'aide du numérique au lycée,3
17198,Une enquête policière (numérique) au collège,3
17199,Créer une fiction radiophonique en 4e,3
17200,Analyses littéraires et vidéo scribing,3
17201,"De la pratique de l'oral aux compétences lire, dire et s'exprimer",3
17202,Des clips vidéo pour s'indigner,3
17203,"Une anthologie poétique sonore, collective et électronique",3
17204,S'entraîner à l'épreuve orale des EAF grâce aux outils numériques,3
17205,Le voyage de Tomek - découvrir une œuvre intégrale à travers ses lieux,3
17206,Écrire et sonoriser un conte en sixième,3
17207,Raconte-moi l'histoire de Tristan et Iseult ...,3
17208,"S'entraîner à une épreuve d'examen oral grâce aux outils numériques, en collège et au lycée",3
17209,"S'entraîner à une épreuve d'examen oral grâce aux outils numériques, en collège et au lycée",3
17210,Une bande-son pour un « roman bruyant » : Madame Bovary,3
17211,Comment lire un calligramme ?,3
17212,Créer des tutoriels sous la forme de petits films,3
17213,"Voyager sans partir, exposition",3
17214,Créer le (faux) profil Facebook d'un auteur,3
17215,Trois activités pour travailler les compétences d'oral en lien avec la lecture cursive,3
17216,Poèmes de la chute,3
17217,Fabuleux animaux : création de fables rédigées puis mises en voix,3
17218,L'oralité dans les contes : écrire pour mieux raconter et raconter pour mieux écrire,3
17219,Des marginalia pour saisir les enjeux de « La Princesse de Clèves »,3
17220,"Écrire, publier, communiquer sur un réseau social scolaire dans le cadre de la liaison CM2-6e",3
17221,Des élèves engagés dans l'écriture interventionniste,3
17222,Eh bien ! chantez maintenant... les fabliaux du Moyen-Age,3
17223,Bouquet de fables : écriture d'un recueil de fables dans le cadre de l'AP en classe de 2e,3
17224,Réaliser l'adaptation vidéo d'une nouvelle en classe de 4e,3
17225,La question des personnes en situation de handicap : une séquence intégrant le numérique,3
17226,Mener un projet d'écriture numérique créative,3
17227,Lecture et écriture dans un atelier d'écriture numérique créative,3
17228,Atelier d'écriture numérique créative : bibliographie,3
17229,"Atelier d'écriture numérique créative : se dire, se lire, s'écrire, s'inventer",3
17230,Paris Babel 1900 : babils à l'Expo,3
17231,En lisant en écrivant un récit de Jules Verne avec le numérique,3
17232,A la découverte de L'Ile de Black Mor,3
17233,Enregistrer une émission littéraire à la radio,3
17234,Une carte heuristique pour parler de soi,3
17235,ÉMI : un exemple de séance internet en classe,3
17236,Écriture collaborative d'histoires à suites multiples,3
17237,Albert le Magnifique - Parcours de lecture sur Storymap,3
17238,Faire dialoguer une oeuvre littéraire et un tableau : du Mariage de Figaro au Baiser à la dérobée,3
17239,Projet Calibre : les TICE dans l'enseignement des Lettres,3
17240,Réaliser un diaporama sur les grandes valeurs dans Les Misérables en classe de quatrième,3
17241,Réaliser un film court pour adapter un récit littéraire porteur de valeurs en classe de 2nde,3
17242,Accompagner la lecture d'un texte résistant de manière différenciée,3
17243,Évaluer une lecture cursive dans une démarche de différenciation,3
17244,Les Rougon Macquart - Une « saga » des Temps modernes à l'heure de Facebook,3
17245,"De la 3e à la 2nde, devenir un critique littéraire",3
17246,"Écrire, copier, créer ma ville",3
17247,Les métamorphoses du récit réaliste à l'ère du numérique,3
17248,Les élèves dans le ventre de la baleine,3
17249,CommenterL'Utopiede Thomas More (livre 2) en 1ère à l'aide d'une plateforme de publication en ligne,3
17250,Récit et transmission des valeurs autour de Cendrillon,3
17251,"Réparer les vivants de Maylis de Kérangal, un roman contemporain au ""coeur de l'homme""",3
17252,Hyperlittérature en ICN,3
17253,Français et éducation musicale : une fusion des genres,3
17254,Développer ses compétences de compréhension d'une intrigue,3
17255,"Lire, créer et échanger à l'heure du numérique.",3
17256,Élaborer le procès radiophonique de Victor Frankenstein,3
17257,Caribbean immigration to Great-Britain,6
17258,Créer une fiction radiophonique,3
17259,Créer un audioguide,3
17260,Créer une revue de nouvelles réalistes de Maupassant à l'aide d'un traitement de texte,3
17261,Créer une infographie pour présenter une information et exercer son sens critique,3
17262,Chroniques e-maginaires : l'écriture collaborative au service d'un projet interdisciplinaire,3
17263,#JourSansE : tweeter avec Perec,3
17264,Exemples de pistes de mise en oeuvre - Classe de Seconde,6
17265,Exemples de pistes de mise en oeuvre - Classe de Seconde,6
17266,Exemples de pistes de mise en oeuvre - Classe de Seconde,6
17267,Exemples de pistes de mise en oeuvre - Classe de Seconde,6
17268,Exemples de pistes de mise en oeuvre - Classe de Seconde,6
17269,Exemples de pistes de mise en oeuvre - Classe de Seconde,6
17270,Cities: Exemple d'utilisation de la baladodifusion,6
17271,Exemples de pistes de mise en oeuvre - Classe de Seconde,6
17272,Exemples de pistes de mise en oeuvre - Classe de Seconde,6
17273,London and New York,6
17274,Exemples de pistes de mise en oeuvre - Classe de Seconde,6
17275,The art of aboriginal storytelling,6
17276,Vamos de Viaje !,6
17277,Changes in a South African village. Fiche 001,6
17278,Les villes,6
17279,Les mathématiques et la magie en cours de langues,6
17280,Séquence pédagogique sur New York,6
17281,"Vous avez dit ""classes inversées"" ?",6
17282,Vota por mí / Vote pour moi,6
17283,Fairy Tales,6
17284,Séquence autour de la visite virtuelle d'un musée,6
17285,Travail en groupes de compétences en italien,6
17286,Travail en groupes de compétences en interlangues,6
17287,"Séquence en allemand  ""24 heures pour sauver la vie d'Alex !""",6
17288,Groupes de compétences  en allemand : présenter votre maison des jeunes idéale,6
17289,Dossier sur la mise en place de groupe de compétences langues,6
17290,séquence pédagogique en espagnol Los desastres de la guerra,6
17291,"Utiliser le logiciel ""photorécit "" pour réaliser une tâche d' expression orale",6
17292,"Fiche ressource Audioboo , enregistrer et diffuser des fichiers audio .",6
17293,Pour ou contre la surveillance électronique?,6
17294,9/11 Ten years later,6
17295,A Christmas Carol,6
17296,Rencontre à Rome,6
17297,También la lluvia,6
17298,Développer les compétences de production à partir d'un court métrage d'animation muet (toutes langues). Fiche 005,6
17299,The Absolutely True Diary of a Part-time Indian - Sherman Alexie.,6
17300,A Christmas Carol by Charles Dickens,6
17301,From story to script,6
17302,"Newsletter "" réseaux sociaux "": unplug day, cyberbullying, internet safety... Ressources sur le web",6
17303,"""Recuerdo de Infancia""",6
17304,All'epoca della foto,6
17305,Séquences pédagogiques à partir d'extraits filmiques,6
17306,L'oeuvre de Shakespeare,6
17307,Detective Story,6
17308,Superheros,6
17309,"Newsletter "" painting"", ressources sur le web.",6
17310,Tocar y luchar - La orquesta de los niños pobres en Venezuela,6
17311,"Évaluer l'expression orale avec une tablette : ""Estrellas hispánicas""",6
17312,Carnet de voyage : Descubrir Madrid,6
17313,"Scenario ""job d'été"" à l'étranger",6
17314,Christmas traditions - an Etwinning project,6
17315,Ellis Island,6
17316,Illustration du nombre dérivé,7
17317,Dr Jekyll et Mister Hyde,6
17318,Velha história - Séquence de cours à partir d'une vidéo et du poème brésilien dont elle a été adaptée  (Pedagoland),6
17319,Comment dynamiser l'expression orale (Italien),6
17320,Acoso escolar,6
17321,Suite avec racine,7
17322,"""Allí no es lo mismo"" - Descubriendo Madrid y su ritmo de vida",6
17323,Casal do beijo - Séquence de cours basée sur l'étude comparative de photos illustrant un fait d'actualité internationale  (Pedagoland),6
17324,"Revolução dos Cravos - Séquence de cours basée sur l'étude d'un extrait de journal télévisé, d'une bande annonce et d'une chanson",6
17325,Martin Luther King Junior Day of Service,6
17326,Créer des quizzes pour PC et tablettes avec Infuse Learning,6
17327,Little Miss Sunshine,6
17328,Ruta Latina / Pékin Express : usage des tablettes numériques en classe,6
17329,Usage de Tablette en cours de langues vivantes au lycée Pilote Innovant et International (Jaunay Clan),6
17330,Mi lugar de vacaciones preferido,6
17331,"Time Capsule, une séquence actionnelle au niveau B1 avec des secondes.",6
17332,Travailler l'intonation en Accompagnement Personnalisé,6
17333,Creencias y horóscopos,6
17334,Crime Fiction Bad Guys,6
17335,Ent et allemand,6
17336,Préparer un débat contradictoire,6
17337,Students of the world,6
17338,Promenade au jardin : un projet interdisciplinaire en réalité augmentée,6
17339,Detective Stories : I'm a private eye,6
17340,Comment travailler avec l'assistant de langues,6
17341,Portfolio numérique en ligne sur la culture allemande: Kutur-Pad,6
17342,TraAM LV cycle 3-4 et post-bac : progression de l'élève et continuité pédagogique,6
17343,Le théorème de Pick,7
17344,Une aire constante,7
17345,Le point qui ne voulait pas bouger,7
17346,Triangles proportionnels : une application,7
17347,À la découverte de la fonction ln,7
17348,Etude d'un algorithme,7
17349,Simulation de 200 lancers de dés,7
17350,Simulation d'un grand nombre de lancers d'un dé,7
17351,Triangle rectangle et cosinus,7
17352,Etre ou ne pas être une fonction affine,7
17353,Somme de deux dés,7
17354,Etude d'une fonction,7
17355,Sphère et boule,7
17356,Reconnaitre des perpendiculaires dans l'espace,7
17357,Agrandissement et réduction dans l'espace,7
17358,Coordonnées géographiques,7
17359,Une expérience : les réservoirs,7
17360,Inégalité triangulaire,7
17361,Volumes en 4ème et 3ème,7
17362,Etre ou ne pas être affine,7
17363,fonction racine carrée,7
17364,Segment gradué et nombres décimaux  avec le logiciel GRADSEG,7
17365,Résolution d'un exercice de géométrie,7
17366,Racine carrée (2 méthodes d'approximation),7
17367,Recherche du PGCD de deux nombres,7
17368,Propriété de Pythagore démontrée par Euclide,7
17369,Axes et centre de symétrie,7
17370,Recherche du plus court chemin,7
17371,Rectangle dans un triangle,7
17372,Constructions à l'aide de transformations,7
17373,Exercices autour des instructions conditionnelles,7
17374,Jeu de cible (angle),7
17375,Patrons de solides,7
17376,Reconnaitre une translation,7
17377,Tirages aléatoires : les six faces,7
17378,Lien entre intégrales,7
17379,Triangles isométriques,7
17380,n 3 n 8,7
17381,Triangles semblables,7
17382,Tirages aléatoires : le lièvre et la tortue,7
17383,limites,7
17384,Introduction aux probabilités,7
17385,Rampe d'accès pour personnes handicapées,7
17386,Introduction du nombre dérivé,7
17387,Le flocon de Von Koch,7
17388,Programmation linéaire en 1re ES,7
17389,Des problèmes de mobiles,7
17390,Fonction affine liée à un rectangle,7
17391,Fonction affine lièe à un trapèze,7
17392,Fonction affine lièe à un trapèze,7
17393,somme de distances dans un triangle équilatéral,7
17394,représentation de données en tableaux,7
17395,D'un  rectangle vers une équation produit,7
17396,D'un  rectangle vers une équation produit,7
17397,La légende de l'échiquier,7
17398,Les escaliers,7
17399,Volume d'une boîte,7
17400,Inégalité triangulaire : Une simulation sous tableur,7
17401,Le centre de gravité d'un tétraèdre,7
17402,Etude d'un lieu géométrique,7
17403,Etude d'une fonction composée,7
17404,Une citerne et sa jauge,7
17405,Découverte de la notion de tangente et de son coefficient direct,7
17406,Polygones réguliers inscrits,7
17407,Parallélisme dans l'espace,7
17408,Grand angle,7
17409,Triangles rectangles - Plus cout chemin,7
17410,Bibi la souris,7
17411,Puissances,7
17412,Aire et périmètre avec le logiciel PERAIRE,7
17413,Patron d'une pyramide,7
17414,Le plus court chemin sur une pyramide,7
17415,Inflexion impaire,7
17416,Position relative,7
17417,Introduction du cosinus,7
17418,Fonctions affines et géométrie,7
17419,Une pyramide et des dessins en vraie grandeur,7
17420,Un problème à propos de la section d'une pyramide,7
17421,Découverte du patron d'un cône,7
17422,Variations du volume de liquide dans un verre conique,7
17423,Variations des volumes de deux cônes définis dans un solide,7
17424,Quel est le bon motif ?,7
17425,Echantillonnage,7
17426,"simulation des test de reconnaissance de l'eau, du dioxygène et du dioxyde de carbone",9
17427,Initiation à GeoplanW,7
17428,Orthocentre d'un triangle,7
17429,Droite d'Euler,7
17430,Tangente à une courbe,7
17431,Moyenne et orientation,7
17432,Parallélogramme et bissectrices,7
17433,Dossier d'introdution à l'algorithmique en seconde,7
17434,Spirale et algorithmique.,7
17435,Recherche d'une valeur approchée de Pi (méthode de Monte Carlo),7
17436,Le Lièvre et la Tortue,7
17437,Nombres entiers relatifs : calcul rapide,7
17438,Simulation et probabilité,7
17439,Un lieu de points,7
17440,TGV (Tableur à Grande Vitesse),7
17441,Château de cartes,7
17442,Aire maximale,7
17443,"Droite, demi-droites, segment",7
17444,Equation avec paramètre,7
17445,Utilisation d'un groupe de travail pour réaliser la description d'une figure,7
17446,NOTION de GRAPHE  : Une approche en Terminale ES,7
17447,Aire maximale à périmètre constant,7
17448,Devoir à la maison en algorithmique,7
17449,Approximation de pourcentages,7
17450,La propriété de Thalès,7
17451,Algorithme de Babylone,7
17452,Description et mise en œuvre de la méthode d'Euler sur un exemple,7
17453,Méthode d'Euler pour résoudre y' = f(x),7
17454,Relation fonctionnelle du logarithme népérien,7
17455,"Nombres constructibles, un exemple : les médiétés",7
17456,Deux tangentes à une parabole,7
17457,Alvéole,7
17458,Un problème d'optimisation,7
17459,Recherche d'un volume maximum,7
17460,Introduction à la notion de limite,7
17461,Construction de la médiatrice d'un segment,7
17462,Variation d'une aire : recherche d'un maximum,7
17463,Embouteillages,7
17464,Logiciel AmiensPython,7
17465,Quelques propositions d'algorithmes,7
17466,Courbes tangentes (sujet 041),7
17467,Lieux de points et trésors,7
17468,L'algorithme de Kaprekar en Algobox,7
17469,Le problème des 1000 portes en Algobox,7
17470,Fonction linéaire et fonction affine,7
17471,Exporter les résultats d'un algorithme en Algobox dans un tableur,7
17472,Le rectangle déformé,7
17473,Angles inscrits et angles au centre,7
17474,Itinéraire de découverte Maths-Anglais,7
17475,Solutions d'une équation,7
17476,Le compluvium. (Espace),7
17477,Marche aléatoire (sujet 010),7
17478,Introduction à l'aire du triangle,7
17479,Étude d'une équation différentielle (sujet 036),7
17480,Étude d'un lieu géométrique (sujet 038),7
17481,La droite d'Euler,7
17482,Usines à quadrilatères,7
17483,Calcul de la distance Terre-Lune,7
17484,Problème d'optimisation : optimisation d'une aire (sujet 035),7
17485,Bissectrice,7
17486,Lancer de deux dés : étude de la distance entre deux nombres,7
17487,calcul de moyenne,7
17488,Trier des données,7
17489,Points mobiles,7
17490,Intersection de deux cercles,7
17491,Distance d'un point à une courbe. (sujet 014),7
17492,Programme de calcul et écriture littérale,7
17493,Résolution approchée d'équations différentielles par la méthode d'Euler,7
17494,conservation des aires par symétrie centrale,7
17495,Triangles de même aire Triangles de même périmètres,7
17496,quart de cercle trigo (image),7
17497,quart de cercle trigo (activités),7
17498,L'escargot de Pythagore,7
17499,Fréquences - Effectifs cumulés,7
17500,Second principe et évolution,9
17501,Angles inscrits,7
17502,Constructions de cercles,7
17503,Jeux Pile ou face,7
17504,Autour des identités remarquables,7
17505,Construction de la Grande Ourse,7
17506,Une droite qui pivote,7
17507,Le quatrième point du parallélogramme,7
17508,Surf et courbes de niveau,7
17509,Angle maximum,7
17510,Les galettes,7
17511,Etudes de signe avec le logiciel Casyopée,7
17512,Résolution d'un système d'inéquations,7
17513,Un carré dans un carré,7
17514,Suites numériques et échiquier,7
17515,Cercle passant par 3 points.,7
17516,La cuve à mazout,7
17517,Réservoir d'eau,7
17518,Illustration du chapitre consacré à la sphère,7
17519,La perspective cavalière,7
17520,Le calcul mental pour les élèves de Troisième,7
17521,Les châteaux de cartes,7
17522,Fonctions affines et algorithmique,7
17523,Fonction dérivée,7
17524,Sphère et perspective cavalière,7
17525,Le vérificateur d'égalité algébrique,7
17526,"Taux de variation, nombre dérivé, sens de variation",7
17527,Dénombrer les parties d'un ensemble avec un tableur,7
17528,Optique,7
17529,Résolution graphique d'un système d'équations (CAP/BEP),7
17530,Carrés ?,7
17531,Jeu de bille,7
17532,Programme de calcul,7
17533,Le tir aux canards,7
17534,Comment monter et démonter des fonctions ?,7
17535,Division des nombres relatifs,7
17536,Calcul littéral : substitution / triangles et parallèles : placer le milieu,7
17537,Suites associées,7
17538,Exerciseur sur la géométrie analytique,7
17539,Un problème de construction (le rectangle),7
17540,Probabilité & Spaghetti,7
17541,Optimisation de l'aire d'un rectangle,7
17542,Romeo et Juliette,7
17543,Puissance d'un point par rapport à un cercle,7
17544,Suite arithmétique ou suite géométrique ?,7
17545,Une introduction au calcul intégral,7
17546,Résolution d'un problème sur les nombres complexes,7
17547,Ligne de niveau,7
17548,Footdemaths,7
17549,Tester une démonstration,7
17550,Pavage par 3 triangles rectangles d'un rectangle,7
17551,Fonctions,7
17552,Le toit de René,7
17553,Utilisation du Tableur pour la gestion de données,7
17554,Utilisation du Tableur pour résoudre un problème (exp 1),7
17555,Utilisation du Tableur pour résoudre un problème (exp 2),7
17556,Utilisation du Tableur pour résoudre un problème d'optimisation,7
17557,Utilisation du Tableur pour un devoir maison,7
17558,Utilisation du Tableur pour faciliter le passage à la lettre (exp 1),7
17559,Utilisation du Tableur pour faciliter le passage à la lettre (exp 2),7
17560,Utilisation du Tableur pour approcher la notion de fonction,7
17561,Les épées,7
17562,La raclette,7
17563,Quelques placements,7
17564,Mes économies,7
17565,Couper en deux,7
17566,Chapeau(x),7
17567,tableau périodique,9
17568,Une conique,7
17569,Somme de vecteurs,7
17570,"Addition, soustraction et simplification de fractions / Théorème des milieux",7
17571,Adéquation à une loi équirépartie,7
17572,Réactiver les notions de base de statistiques,7
17573,Agrandissement ou réduction,7
17574,Une séance différenciée sur la résolution d'équations,7
17575,Le rapporteur (du comptage à la lecture des graduations),7
17576,Centres (et axes) de symétrie,7
17577,Un problème ouvert dans le triangle,7
17578,Pyramides et patrons,7
17579,Réciproque de Thalès,7
17580,Lieu - Milieu,7
17581,Cercle et lieux géométriques,7
17582,Triangle équilatéral et lieux géométriques,7
17583,Minimum d'une fonction,7
17584,Lieux de milieux,7
17585,Thalès par les aires,7
17586,Adéquation à une loi équirépartie,7
17587,Recherche du plus grand nombre,7
17588,Aire minimale dans un rectangle,7
17589,Introduction à la fonction exponentielle,7
17590,Introduction au calcul intégral,7
17591,Problème des deux corps et tableur,7
17592,Autour de thalès,7
17593,Construction de points connaissant un rapport de longueurs.,7
17594,Diverses activités sur les transformations,7
17595,Droites des milieux en classe de 4ème.,7
17596,Droites remarquables dans un triangle,7
17597,Fonction linéaire et fonction affine,7
17598,Fonctions linéaires et fonctions affines,7
17599,Les lentilles vertes du Puy,7
17600,Symétrie centrale sur quadrillage en classe de 5ème,7
17601,La droite des milieux en 4ème,7
17602,Résolution graphique d'un système d'équation,7
17603,Symétrie axiale en classe de 6ème,7
17604,Symétrie axiale sur quadrillage en classe de 6ème,7
17605,Vidéo - Qui est droit ? La planche ou le mur ? (Problème ouvert),7
17606,Vidéo - La pyramide en pièces de 5 centimes (problème ouvert),7
17607,Varignon,7
17608,Points équidistants d'une droite et d'un point (sujet 045),7
17609,Étude d'un lieu géométrique (sujet 047),7
17610,Un problème de construction (sujet 048),7
17611,Problème d'optimisation (sujet 067),7
17612,Triangles semblables,7
17613,D'une expression de suite à une autre,7
17614,Travail sur des algorithmes déjà rédigés,7
17615,Tangente à une parabole,7
17616,Recherche de formule,7
17617,Quadrature de la parabole,7
17618,Un triangle dans un cube,7
17619,"Dense, vous avez dit dense ?",7
17620,Le nombre d'or,7
17621,Les lapins de Fibonacci,7
17622,prudence sur la route,7
17623,Tant que le vent soufflera...,7
17624,Bien louer ses DVD.,7
17625,Distances et sécurité routière,7
17626,L'addition s'il vous plait,7
17627,La coupe du monde de rugby,7
17628,Demandez le programme !!!,7
17629,Du programme de calcul à la fonction,7
17630,Les cars de supporters,7
17631,A la recherche d'un lieu,7
17632,Distances au côtés d'un triangle,7
17633,Inégalité avec l'exponentielle,7
17634,Signe d'une expression,7
17635,Promenade sur un triangle,7
17636,Moyenne arithmétique et variance,7
17637,Lieu d'un orthocentre,7
17638,Un triangle dans un carré,7
17639,Triangles sous hyperbole,7
17640,une histoire de trapèzes,7
17641,Optimisation d'une boîte de conserve,7
17642,Les 3 cercles,7
17643,Le triangle de Pascal,7
17644,La courroie,7
17645,Calculs de pourcentages,7
17646,Des situations modélisées par des suites numériques,7
17647,Météorologie et tableur,7
17648,Détermination du diamètre d'un cheveu,7
17649,Le tableur en ST2S : suites numériques,7
17650,Le tableur en ST2S : fonction numériques,7
17651,Le tableur en ST2S : statistiques,7
17652,Animation Powerpoint sur le spectre de la lumière blanche et sa dispersion par un prisme,9
17653,Enroulement de la droite des réels,7
17654,Equations en quête d'identité,7
17655,Le Mikado Mathématique,7
17656,Médailles Olympiques,7
17657,Nombres en cellule,7
17658,Au bord de l'eau,7
17659,Business Classe,7
17660,Grand Mère sait faire un bon... tableur,7
17661,La conjecture d'Euler,7
17662,Quand les piles s'effacent,7
17663,Aidez-les à préparer leur solution,9
17664,Revoir Syracuse,7
17665,En sortant du cube,7
17666,En traversant le cube,7
17667,Angle de tir maximal,7
17668,Bénéfice au stade,7
17669,Faisceau de plans,7
17670,L'algorithme de Sébastien,7
17671,Curiosités arithmétiques,7
17672,Aire dans un trapèze,7
17673,Recherche de cycles dans un trinôme,7
17674,Pavé dans un cube,7
17675,Jauger un réservoir,7
17676,A partir d'un complexe de module 1,7
17677,La plage,7
17678,Centre du cercle circonscrit,7
17679,Une propriété du pied de la bissectrice,7
17680,Les triplets Pythagoriciens,7
17681,Etude d'une fonction et mise en évidence de deux suites,7
17682,Aire maximale d'un triangle,7
17683,L'escargot de Pythagore,7
17684,Celsius et fahrenheit,7
17685,Le symbole €.,7
17686,Triangle équilatéral et somme des distances à ses côtés.,7
17687,Le triangle et le carré,7
17688,Le gâteau,7
17689,Histoire de triangles rectangles,7
17690,Le rectangle déformé,7
17691,Parallélogramme de Varignon.,7
17692,Cercle passant par trois points,7
17693,Parallélogramme et ses bissectrices,7
17694,Un carré dans un carré.,7
17695,Angle obtenu en joignant un point aux extrémités d'un diamètre d'un cercle.,7
17696,Lien entre une médiane d'un triangle et l'aire de ce triangle.,7
17697,Distance d'un point à une droite.,7
17698,Angle inscrit - angle au centre,7
17699,Droites remarquables du triangle,7
17700,Simulation du lancer d'un dé,7
17701,Produit Maximum,7
17702,Lieu de points,7
17703,Exercice de l'évaluation de mathématiques 6ème avec Geogebra,7
17704,Analyse de données et phénomène aléatoire,7
17705,Cratères lunaires,7
17706,Aide individualisée utilisant l'outil « Exercice » d'un ENT,7
17707,Aires et périmètres,7
17708,Recherche graphique d'un maximum,7
17709,aire périmètre,7
17710,Approche graphique des variations d'une fonction,7
17711,Devoir à la maison par le biais d'un espace de dépôt,7
17712,Similitudes en Terminale S enseignement de spécialité,7
17713,Le chapeau de Napoléon,7
17714,Des sommes,7
17715,Evolutions successives,7
17716,Pentagone,7
17717,Labyrinthe,7
17718,Sinusoide et paraboles,7
17719,Promenade sur un demi-cercle,7
17720,Lieu d'un barycentre,7
17721,Dégagement d'un gardien de but,7
17722,Transformation complexe,7
17723,Programmes de calcul & Fonctions associées à la fonction carrée,7
17724,Nature d'un quadrilatère,7
17725,Comparaison d'aires avec Geogebra,7
17726,Droites et Lecture graphique,7
17727,L'algorithmique dans les nouveaux programmes de seconde,7
17728,Etude du grégarisme spatial,7
17729,"Algorithmique - Utilisation des langages Python, Scilab et Xcas",7
17730,Algorithmique et Xcas,7
17731,Pratiquer une démarche algorithmique,7
17732,L'algorithmique et Scilab,7
17733,Afficher le tracé d'un segment,7
17734,Marche aléatoire dans le plan - Simulation d'un jeu,7
17735,Trouver le trésor,7
17736,Triangle 2 : Problème ouvert,7
17737,Championnat,7
17738,Fille ou garçon ?,7
17739,Détermination d'un lieu géométrique,7
17740,Droites perpendiculaires,7
17741,À la recherche d'un angle droit,7
17742,Des carrés,7
17743,Viser la cible,7
17744,Vidéo - La plus grand tasse à café du monde,7
17745,Partage équitable,7
17746,Le bon cadre,7
17747,Triplets pythagoriciens,7
17748,Du carré au cube chaussette,7
17749,Utilisation du courrier électronique pour une étude géométrique,7
17750,Application de la méthode par dichotomie,7
17751,Utilisation du courrier électronique pour construire des tableaux et graphiques,7
17752,Apprendre à manipuler le rapporteur,7
17753,Découvrir le calcul du PGCD avec un tableur,7
17754,La chimie organique en 1S,9
17755,Marche à cinq pas,7
17756,Calculer et interpréter l'Indice de Masse Corporelle,7
17757,Lancer de quatre pièces,7
17758,Le puzzle,7
17759,Barycentre,7
17760,Pour être éclairé,7
17761,Hyperbole,7
17762,Initiation à l'algorithmique,7
17763,Le coquetier,7
17764,Le théorème de Varignon,7
17765,Que fait le point ?,7
17766,Une drôle de somme,7
17767,Variations d'une aire d'un quadrilatère,7
17768,Vecteurs et lieux,7
17769,Enroulement de la droite des réels sur un cercle,7
17770,Somme de deux dés,7
17771,Illustration du théorème de Pythagore,7
17772,Une boule dans l'eau,7
17773,Les chromatographies,9
17774,Dépenser un million,7
17775,Fréquence cardiaque,7
17776,L'effet Simpson,7
17777,La suite de Syracuse,7
17778,Le nombre dérivé en un point,7
17779,Vitesse instantanée,7
17780,Nuages et surfaces,7
17781,À la recherche du nombre d'or,7
17782,Ensemble de points dans l'espace,7
17783,Le lieu du milieu d'une corde,7
17784,Lieu géométrique et triangles isométriques,7
17785,Évolution d'une population d'insectes,7
17786,Coût marginal,7
17787,Tendance centrale et dispersion,7
17788,Code zéro,7
17789,Test de dépistage,7
17790,Adéquation à une loi équirépartie,7
17791,Fonctions de Cobb-Douglas,7
17792,"La Lune, ses phases et le cadran solaire",9
17793,Indice de Masse Corporelle,7
17794,Introduction aux fonction exponentielles,7
17795,La perspective dans des tableaux de maîtres,7
17796,Aire sous la parabole,7
17797,Arnaque à la fête foraine ?,7
17798,Nombre de solutions d'une équation,7
17799,Programmation linéaire,7
17800,Roméo et Juliette,7
17801,Introduction à l'Algorithmique sans pseudo langage,7
17802,"Algorithme, introduction de la boucle",7
17803,Problème d'optimisation avec utilisation du logiciel Géogébra,7
17804,Sudoku,7
17805,Électricité,7
17806,Distance d'arrêt,7
17807,Suites et bouteilles en plastique,7
17808,Introduction de la loi binomiale,7
17809,Bibi la souris,7
17810,Probabilités en seconde - Différents modes de raisonnement,7
17811,Exemples d'algorithmes papier,7
17812,Les segments,7
17813,Minimum d'une fonction,7
17814,"Exemple d'algorithme : boucle ""Tant que""",7
17815,Aire de rien,7
17816,Algorithmique et fonctions,7
17817,La réserve indienne,7
17818,Pile ou Face,7
17819,Réalisation de QCM par des élèves,7
17820,Élastique,7
17821,Orthocentre,7
17822,Aires égales,7
17823,Aires égales,7
17824,Intersection de deux cercles,7
17825,Parallélogramme articulé,7
17826,Les pop-corns.,7
17827,Section d'un tétraèdre,7
17828,Section d'un cube,7
17829,Les solides,7
17830,Cube et distance,7
17831,Triangle et carré en balade,7
17832,Différence de deux dés,7
17833,Simulation : famille de deux enfants,7
17834,Natalité,7
17835,Dichotomie,7
17836,Population d'Aquitaine,7
17837,Tour de France,7
17838,Aire maximale,7
17839,Aire minimale,7
17840,Approche graphique du nombre dérivé,7
17841,Optimisation dans l'espace,7
17842,Le triangle de Sierpinski - Version 1,7
17843,Le triangle de Sierpinski - Version 2,7
17844,Barycentre dans l'espace,7
17845,Lieux,7
17846,Naissances en prévision,7
17847,Approche de la similitude,7
17848,L'E.N.T. pour la recherche d'un problème,7
17849,Exercices autour de la boucle « Pour »,7
17850,Exercices autour de la boucle « Tant Que »,7
17851,Demi-vie,7
17852,"Passage en caisse, évalutation des structures",7
17853,"Extremum approché, boucle",7
17854,Ultra-sons. Vitesse et la longueur d'onde du son . Principe du sonar,9
17855,Carrés d'entiers se finissant par 5,7
17856,La formule cachée,7
17857,Une longueur minimale,7
17858,Optimisation,7
17859,Le logo,7
17860,Calibrage,7
17861,La longueur de la rampe,7
17862,Cercle passant par quatre points,7
17863,Une courbe connue,7
17864,Vrai/Faux,7
17865,Promotions chez votre parfumeur,7
17866,Signe d'une différence,7
17867,"Suite de Fibonacci, animation pour introduire le problème",7
17868,Rebonds successifs : animation pour introduire le problème,7
17869,Prix d'un bijou,7
17870,Lancer de dés (loi binomiale),7
17871,CALCULUS,7
17872,parabole ou pas parabole,7
17873,Fonctions numériques dans le domaine sanitaire et social,7
17874,Utilisation du TBI en mathématiques,7
17875,premières marches,7
17876,A la découverte du mouvement,9
17877,Les dimensions de la tablette,7
17878,empilons des cubes en sixième,7
17879,empilons des cubes en cinquième,7
17880,essence ou diesel 1,7
17881,à vos ardoises en troisième,7
17882,à vos ardoises en quatrième,7
17883,une histoire d'aire,7
17884,marche aléatoire en 3ème,7
17885,empilements de boules,7
17886,Savoir passer de certaines formes de représentations à d'autres,7
17887,sacado,7
17888,l'ardoise de mes ardoises (3PVP-MDP6),7
17889,essence ou diesel 2,7
17890,comptons les points,7
17891,marche aléatoire en 2nde Bac Pro et 3eme DP6,7
17892,Ça se dégrade !,7
17893,Le pont des deux rives,7
17894,Feux de croisements,7
17895,Simplifier mais comment ?,7
17896,L'âne et le puits,7
17897,Courbes à sous tangentes de longueur constante,7
17898,Vers la quadrature de la parabole,7
17899,Etude de signe avec Casyopée,7
17900,La nacelle,7
17901,Nombre de poignées de mains,7
17902,Objets usuels en 3D à projeter : Le cylindre,7
17903,Objets usuels en 3D à projeter : Le cylindre,7
17904,Section d'un champ par une route,7
17905,"Utilisation du tableur : références absolues, relatives, sommes, pourcentages",7
17906,fiche d'aide pour Geogebra,7
17907,TP Geogebra-Algorithmique : Le distributeur de billets,7
17908,Autour de Fibonnacci,7
17909,"Statistiques à une variable, données fournies avec les effectifs",7
17910,Aire du massif,7
17911,Les panneaux phtovoltaïques,7
17912,Cuve,7
17913,Fonctions-probabilités 2,7
17914,Pyramide dans un pavé droit,7
17915,Fonction-probabilité,7
17916,fonction-probabilité 1ère,7
17917,Cuve 1ère,7
17918,Cuve term,7
17919,Intervalles de fluctuation et de confiance : ressources présentées et exploitées en formation continue (2012-2013) dans le cadre des nouveaux programmes en Première et Terminale.,7
17920,Le charme de nos régions,7
17921,Un exemple de programmation du calcul vectoriel en Seconde,7
17922,Calcul littéral,7
17923,Devis relooking,7
17924,Réalisation de fractales et découverte de quelques propriétés,7
17925,Nanomédicaments,9
17926,L'enclos à poules,7
17927,Profitons du soleil,7
17928,Le récupérateur d'eau de pluie,7
17929,Optimisation de la surface d'un stade,7
17930,Vidéo - Un journaliste parle de pourcentages,7
17931,Camélon et araignée,7
17932,Vidéo - Le record du monde de blob jump (problème ouvert),7
17933,Vidéo - Hôtel et coupe du monde de foot (problème ouvert),7
17934,Vidéo - L'armoire et les penses bête (problème ouvert),7
17935,Vidéo - Belle Marquise (problème ouvert),7
17936,Vidéo - Pas de pitié pour le Père Noël (problème ouvert),7
17937,Vidéo - Chaîne de dominos (problème ouvert),7
17938,Vidéo - Une éponge pour vider une baignoire (problème ouvert),7
17939,Vidéo - L'explosion d'un pont (problème ouvert),7
17940,Vidéo - Fraude à l'allocation chomage (problème ouvert),7
17941,Vidéo - La pyramide en pièces de 5 centimes (problème ouvert),7
17942,Vidéo - Saut à ski (problème ouvert),7
17943,Vidéo - La hausse de la TVA (Problème ouvert),7
17944,Vidéo - La hausse de la TVA (Problème ouvert),7
17945,Vidéo - Quelle est la trajectoire du ballon ? (problème ouvert),7
17946,Audio - le prix de l'eau (problème ouvert),7
17947,Vidéo - Prix de l'eau (problème ouvert),7
17948,Vidéo - Homme canon (problème ouvert),7
17949,Vidéo - Homme canon (problème ouvert),7
17950,Vidéo - Usain Bolt (problème ouvert),7
17951,"Vidéo - Manaudou, Bernard et Bousquet (problème ouvert)",7
17952,Vidéo - Soldes et impots (problème ouvert),7
17953,Vidéo - Araignée (problème ouvert),7
17954,Audio - Le jeu des 1000€ (problème ouvert),7
17955,Ensemble de milieux dans un cercle,7
17956,Comparaison de volumes de pyramides,7
17957,Optimisation dans un rectangle,7
17958,Une propriété de la parabole,7
17959,Étude d'un ensemble de points mobiles,7
17960,Aire d'un polygone,7
17961,Obstacle ?,7
17962,Approche probabiliste d'une intégrale,7
17963,Lancer de deux dés,7
17964,Monopoly,7
17965,Le Diabolo,7
17966,Le Diabolo bis,7
17967,Évolution d'aires,7
17968,Coordonnées entières,7
17969,Conception d'une robe,7
17970,Vecteur et cyclone,7
17971,Poisson,7
17972,Les pièces,7
17973,Naissance,7
17974,Itinéraire,7
17975,Pièces automobiles,7
17976,Points alignés ?,7
17977,Une nouvelle fonction,7
17978,Marche aléatoire,7
17979,Un drôle de batiment,7
17980,Navigation dans le golfe du morbihan,7
17981,dodécagone,7
17982,Origami,7
17983,jeux de construction,7
17984,Partage d'un terrain,7
17985,Approximation de Pi,7
17986,Aménagement de combles,7
17987,Vitesse et champ de vision,7
17988,Tipo Tager,7
17989,chasse au trésor,7
17990,"Fill up, please",7
17991,La pêche à pieds.,7
17992,Aménagement d'un terrain,7
17993,Sortie à l'ADNG,7
17994,Un problème de logistique,7
17995,Achat d'un terrain,7
17996,Tour de Cayenne,7
17997,séisme,7
17998,Une tombola pour la Barbade,7
17999,Le scribe,7
18000,Les maîtres de la pagaie,7
18001,Coopération franco-surinamienne,7
18002,Dalles en béton,7
18003,Etude de rentabilité,7
18004,Pavage,7
18005,Les madeleines,7
18006,Phases de lancement d'Ariane 5,7
18007,Histoire de cornets...de glace,7
18008,vidéo - présentation de la racine carrée d'un nombre,7
18009,vidéo - section de solide par un plan,7
18010,vidéo - le système solaire dans la cour,7
18011,vidéo - les marches d'escalier au collège,7
18012,un tutoriel vidéo pour résoudre des équations,7
18013,un tutoriel vidéo pour résoudre des équations,7
18014,vidéo - éclipse solaire,7
18015,vidéo - suites numériques en première STMG,7
18016,vidéo - éclipse de cube,7
18017,"vidéo - tapago, le jeu pour gagner sa note de restaurant",7
18018,vidéo - baisse des accidents de la route,7
18019,vidéo - baisse des accidents de la route,7
18020,vidéo - ça flotte ou ça coule ?,7
18021,Streaming,7
18022,vidéo - Eruption d'un volcan,7
18023,vidéo - 200 litres d'eau...,7
18024,Un drôle de batiment,7
18025,Pluviomètre,7
18026,Mesure et calcul de surface avec une tablette,7
18027,Les éoliennes,7
18028,Dans la presse,7
18029,Du paintball en famille,7
18030,Contrôles fréquents,7
18031,En route vers la fortune,7
18032,Galton - collège,7
18033,Capacité pulmonaire,7
18034,Paintball,7
18035,Dynamique des population,7
18036,Saut de grenouilles,7
18037,Proverbe,7
18038,Ephémérides,7
18039,Avance-recule,7
18040,Quartier,7
18041,Activité du géant,7
18042,Basket,7
18043,Un cube dans une boite,7
18044,La pâte à crêpe.,7
18045,Le nichoir,7
18046,Made in Normandie.,7
18047,La carte à reproduire,7
18048,Croix et pile,7
18049,Dessins à la calculatrice,7
18050,Promenade sur un triangle.,7
18051,Quels sont les noms de ces ensembles ?,7
18052,Quel est ce lieu ?,7
18053,Le lièvre et la tortue.,7
18054,Marche aléatoire d'un robot.,7
18055,L'urne au contenu caché.,7
18056,Problèmes - Mise en équation - Résolution,7
18057,Des navires dans la Manche,7
18058,Le puzzle de Brousseau,7
18059,La décoration de la chambre,7
18060,Les vaches,7
18061,Les vitraux,7
18062,Les deux programmes de calcul.,7
18063,Les pyramides de Claponni.,7
18064,La statue de la liberté.,7
18065,L'armoire à relever.,7
18066,Quel score pour un QCM ?,7
18067,Un bijou bien enveloppé.,7
18068,La boule de pétanque.,7
18069,Quel rayon pour la terre ?,7
18070,La moto,7
18071,Limite et espace.,7
18072,Tangentes à un cercle.,7
18073,Température de refroidissement.,7
18074,"A peu près, méthode d'Euler.",7
18075,Probabilités conditionnelles.,7
18076,Méthode de Monté Carlo,7
18077,Nombres complexes et somme des angles version 2.,7
18078,Deux constructions de la racine carrée d'un nombre,7
18079,Modélisation et probabilités,7
18080,Nombres de Fibonacci et nombres de Lucas,7
18081,Exercice sur la divisibilité,7
18082,Conseils de classe,7
18083,Le jardinier,7
18084,Calcul formel et géométrie dans l'espace,7
18085,Casino : méthode 94%,7
18086,Méthode Hawks,7
18087,Ordres de grandeurs et situations problèmes,7
18088,Rackham,7
18089,Concours Jeunes Créateurs : les flacons de parfum,7
18090,Utilisation des outils géométriques avec soin et précision,7
18091,Chat devin,7
18092,Indianapolis,7
18093,Infra-rouge,7
18094,Figures itératives,7
18095,"Deuxième loi de Kepler, ou loi des aires (animations)",9
18096,Franc-triangle,7
18097,Nature d'un triangle,7
18098,Correspondance programme de 3ème et météorologie,9
18099,Concerts,7
18100,calcul formel et somme de termes,7
18101,Quels médicaments choisir,9
18102,Le palet glissant,7
18103,Le bon dosage,7
18104,Va pour la VMA,7
18105,Concours_Designers,7
18106,Jouer avec deux nombres réels,7
18107,Le cycle de l'eau,9
18108,RDP : Voir ou conduire,9
18109,Loi d'Ohm,9
18110,Chromatographie,9
18111,REPRESENTATION GRAPHIQUE D'UN MOUVEMENT,9
18112,Couleurs des corps,9
18113,Ebullition de l'eau : cuisson d'un oeuf,9
18114,Energie de liaison ; cas de la propulsion d'une fusée,9
18115,Composition de l'air et TIC,9
18116,Réfraction de la lumière par un prisme.,9
18117,Mouvements et principe d'inertie,9
18118,Le système Soleil - Terre - Lune,9
18119,Pile à combustible,9
18120,TP sur les groupes caractéristiques en organique,9
18121,Les lois de KEPLER,9
18122,Macros permettant de dessiner facilement des circuits sur plaquette,9
18123,TP SATELLITES,9
18124,CLASSIFICATION SPECTRALE DES ETOILES,9
18125,Propagation des ondes,9
18126,programmes de 1L,9
18127,Zone de virage du BBT et son pKa,9
18128,Traitement physico-chimique des eaux usées,9
18129,Editeur de formules développées - représentations de Lewis et de CRAM,9
18130,Animations sur les fonctions des différents boutons de l'oscilloscope.,9
18131,PARFUMS,9
18132,Autopsie des cordes d'une guitare,9
18133,Les lampes à incandescence,9
18134,"Les accidents électriques, la prise de terre",9
18135,Les saisons dans l'hémisphère nord,9
18136,L'œil et la vision des couleurs,9
18137,La compressibilité des gaz,9
18138,Couleur et rayonnement,9
18139,Mécanique et T.I.C.E.,9
18140,Suivi temporel d'une transformation,9
18141,Méthode d'Euler,9
18142,Supports expérimentaux,9
18143,Miroirs sphériques et télescope de Newton,9
18144,Equilibrage d'équations simples,9
18145,"Influence du frottement, chute libre d'une balle",9
18146,Mouvement et énergie,9
18147,Couleur et rayonnement,9
18148,Les lois de Képler,9
18149,"Etude d'un circuit RLC série, oscillations libres",9
18150,Les couleurs de la lumière,9
18151,Satellites en orbites circulaires,9
18152,Soleil et corps noir,9
18153,Les orages,9
18154,Energie consommée par une installation électrique,9
18155,Les ondes progressives en Term S,9
18156,Résolution des équations différentielles,9
18157,Le buzzer en capteur de force,9
18158,Le chou rouge comme indicateur coloré de pH,9
18159,Des tuiles en 1 S,9
18160,Simulation de la décroissance radioactive de l'iode 131,9
18161,Mouvement parabolique,9
18162,Créer des images en relief,9
18163,Etude d'un pendule simple,9
18164,Avancements en seconde,9
18165,Dissolution,9
18166,Préparation d'un colorant,9
18167,Interactions électrostatiques,9
18168,Aider à la schématisation des circuits,9
18169,Rendre les solutions basiques et acides moins dangeureuses,9
18170,Vidéo et mécanique,9
18171,Transmission sonore par fibre optique,9
18172,Les paramètres du circuit RL,9
18173,Niveaux d'énergie du Mercure (modèle de Bohr),9
18174,Jeu du pendu sur le vocabulaire de la classe de cinquième.,9
18175,"Etude expérimentale de la diffraction, mesure du diamètre d'un fil",9
18176,A la découverte du mouvement,9
18177,Dévier un filet d'eau ...,9
18178,Mouvement d'un projectile dans le champ de pesanteur uniforme : Largage des EAP du lanceur Ariane 5,9
18179,Introduction à l'évolution temporelle des systèmes : les premières minutes du vol d'un lanceur Ariane 5,9
18180,structure de l'atome,9
18181,Evolution temporelle des sytèmes mécaniques : Mouvement des satellites (1),9
18182,La vitesse du son dans différents milieux,9
18183,Décharge oscillante dans un circuit RLC,9
18184,"Les ""mauvaises"" herbes",9
18185,Troubles de la vision chez des jumeaux,9
18186,Un tag sous le tunnel,9
18187,Activité d'introduction à l'I.R.,9
18188,Activité RMN,9
18189,Mise en oeuvre d'une démarche expérimentale afin de mesurer une vitesse par effet Doppler,9
18190,Quand la vitesse fait son effet...,9
18191,Interférences lumineuses : de l'optique ... à la musique,9
18192,Niveau sonore,9
18193,Simulation d'interférences,9
18194,Un coup de Trafalgar,9
18195,Suivi de réaction par CCM,9
18196,A propos de la vitesse de la lumière,9
18197,Une histoire d'énergie,9
18198,"« Dieu dit : que Newton soit, et la lumière fût »      Epitaphe d'Alexander Pope, 1735",9
18199,Formation d'images et instruments d'optique,9
18200,La qualité de l'air que nous respirons,9
18201,Tension alternative,9
18202,La décomposition de la lumière blanche par Newton,9
18203,Les lumières colorées (livre interactif),9
18204,Animation en Flash sur l'électricité,9
18205,Animation Flash sur les lois des courants,9
18206,Animation Flash sur les ombres en 4ième,9
18207,Réactions non totales en chimie,9
18208,L'atome en salle multimédia classe de 3ième,9
18209,Ondes stationnaires,9
18210,Activités sur la décroissance radioactive,9
18211,Dipôle RL soumis à un échelon de tension,9
18212,Tensions électriques en 3ième : Salle MultiMedia,9
18213,La pile à combustible et la réaction H2 + O2,9
18214,Histoire de l'atome en salle multimédia 3ième,9
18215,Ballon stratosphérique,9
18216,Intensité du courant électrique,9
18217,Les lois des circuits électriques,9
18218,Activité sur les vecteurs appliqués à un projectile,9
18219,Le système solaire en 4ième,9
18220,La rouille en salle multimédia,9
18221,Signaux périodiques,9
18222,"La chimie, un apport indiscutable pour la santé",9
18223,Fiches de suivi des capacités expérimentales,9
18224,Méthode d'Euler,9
18225,L'optique au collège,9
18226,Des ressources pour le programme de 2nde 2010,9
18227,Vidéo et mécanique,9
18228,Caractéristiques des ondes sonores,9
18229,Le modèle atomique et les ions,9
18230,Tracés de rayons lumineux pour différents appareils d'optique,9
18231,Simulations de la balistique,9
18232,Simulation de la  Gravitation,9
18233,Classification périodique: Démarche d'investigation,9
18234,Simulations Java sur les ondes progressives,9
18235,Rythme cardiaque,9
18236,Comment faire un diagnostic médical en utilisant des ondes ultrasonores,9
18237,Le challenge des molécules,9
18238,Scintigraphie,9
18239,Préparations de solution,9
18240,Fibroscopie,9
18241,Exercice interactif sur les montages série et parallèle,9
18242,Les ombres,9
18243,exercices interactifs : 4 tests permettant de caractériser des ions.,9
18244,Oscillations libres d'un circuit RLC,9
18245,Symboles des dipôles électriques,9
18246,"Mouvement de la roue de bicyclette. Exercice d'application sur les notions de référentiel, de trajectoire et de vitesse",9
18247,Epreuves Académiques communes fin de troisième,9
18248,B2i : Étude de la distance d'arrêt d'une moto,9
18249,Molécules en 3D : les groupes fonctionnels en 1S,9
18250,Simorec,9
18251,Propagation et diffraction de la houle (l'Océan vu de l'Espace),9
18252,Tracé de la caractéristique pour la loi d'Ohm,9
18253,Mesure de la vitesse de la lumière par Fizeau,9
18254,Le marteau sans maître,9
18255,Recherche d'ions,9
18256,Chromatographie de colorants de bonbons,9
18257,RDP : Combien de photons pour une photo ?,9
18258,Le poids en 3ième,9
18259,Conducteur ou isolant,9
18260,Exercices interactifs portant sur l'analyse d'oscillogrammes variés,9
18261,Constitution de la matière,9
18262,Lancé horizontal d'une balle molle,9
18263,Analyser les risques chimiques,9
18264,Chute d'un objet accroché à des ballons,9
18265,Chute verticale d'une balle de golf,9
18266,Lancé d'une balle de golf,9
18267,Lancé en cloche d'une balle de golf,9
18268,Mouvement d'une plaque,9
18269,Chute d'une balle de golf,9
18270,Chute d'une bille dans l'huile,9
18271,Tir horizontal d'une balle de tennis,9
18272,Tir en cloche d'une balle de tennis,9
18273,lâché d'une balle de tennis,9
18274,De la Terre à la Lune,9
18275,RDP : Gestion de l'énergie électrique à bord d ' un satellite,9
18276,Comment créer un pendule qui batte la seconde ?,9
18277,Animation Java sur l'étude électrique et énergétique d'une dynamo,9
18278,Synthèse du cinnamaldéhyde ( constituant principal de l'arôme de cannelle ),9
18279,Extraction du limonène d'une écorce d'orange,9
18280,Gravitation : Satellite. De la chute de la pomme aux astéroïdes.,9
18281,"simulation des tests de reconnaissance de l'eau, du dioxygène, du dihydrogène et du dioxyde de carbone",9
18282,Mesure des vitesses de la lumière et du son à l'aide d'une carte son,9
18283,Molécules,9
18284,Livre interactif de physique,9
18285,Un vernis magique,9
18286,Une fausse pièce plus vraie que vraie ?,9
